-- phpMyAdmin SQL Dump
-- version 4.6.6
-- https://www.phpmyadmin.net/
--
-- Host: h2mysql19
-- Creato il: Mag 04, 2018 alle 16:43
-- Versione del server: 5.6.35-log
-- Versione PHP: 7.0.13

SET SQL_MODE = "NO_AUTO_VALUE_ON_ZERO";
SET time_zone = "+00:00";


/*!40101 SET @OLD_CHARACTER_SET_CLIENT=@@CHARACTER_SET_CLIENT */;
/*!40101 SET @OLD_CHARACTER_SET_RESULTS=@@CHARACTER_SET_RESULTS */;
/*!40101 SET @OLD_COLLATION_CONNECTION=@@COLLATION_CONNECTION */;
/*!40101 SET NAMES utf8mb4 */;

--
-- Database: `efof_tqm`
--

-- --------------------------------------------------------

--
-- Struttura della tabella `admins`
--

CREATE TABLE `admins` (
  `id` int(10) UNSIGNED NOT NULL COMMENT 'ID amministratore',
  `nome` varchar(191) COLLATE utf8mb4_unicode_ci NOT NULL COMMENT 'Nome amministratore',
  `email` varchar(191) COLLATE utf8mb4_unicode_ci NOT NULL COMMENT 'Email amministratore',
  `password` varchar(191) COLLATE utf8mb4_unicode_ci NOT NULL COMMENT 'Password amministratore',
  `remember_token` varchar(100) COLLATE utf8mb4_unicode_ci DEFAULT NULL,
  `created_at` timestamp NULL DEFAULT NULL,
  `updated_at` timestamp NULL DEFAULT NULL
) ENGINE=InnoDB DEFAULT CHARSET=utf8mb4 COLLATE=utf8mb4_unicode_ci;

--
-- Dump dei dati per la tabella `admins`
--

INSERT INTO `admins` (`id`, `nome`, `email`, `password`, `remember_token`, `created_at`, `updated_at`) VALUES
(1, 'Amministratore', 'admin@tqm.ch', '$2y$10$/o4NpKVK7Jd66VNAvMKcaObLg2fW6dPbbgx2CA4mDGNG/wN65a4Ue', 'CscrF8xC3WS8Dl5Dy72nEYEhXJJBHxQgjIKUTbhb0RYATT8Ki72unZok0NJi', '2018-04-05 21:37:40', '2018-04-07 14:46:37'),
(3, 'Amministratore di Riserva 2', 'admin2@tqm.ch', '$2y$10$nZa2SSYYWdLHn9J549GcAu5QcVPcggTo1ca46jfgR7Px6rxBb/tj.', 'ekU4aJXMw0j89jcpPKtDmR8Ml0QnTn9M4zDZrZWoH00HrvUbYenposTtcUti', '2018-04-07 11:58:11', '2018-04-30 12:37:42');

-- --------------------------------------------------------

--
-- Struttura della tabella `allievi`
--

CREATE TABLE `allievi` (
  `id` int(10) UNSIGNED NOT NULL COMMENT 'ID Allievo',
  `id_classe` int(10) UNSIGNED NOT NULL COMMENT 'ID Classe',
  `username` varchar(191) COLLATE utf8mb4_unicode_ci NOT NULL COMMENT 'Username allievo',
  `nome` varchar(191) COLLATE utf8mb4_unicode_ci NOT NULL COMMENT 'Nome allievo',
  `cognome` varchar(191) COLLATE utf8mb4_unicode_ci NOT NULL COMMENT 'Cognome allievo',
  `professione` varchar(191) COLLATE utf8mb4_unicode_ci NOT NULL COMMENT 'Professione classe',
  `nascita` date NOT NULL COMMENT 'Data di nascita',
  `remember_token` varchar(100) COLLATE utf8mb4_unicode_ci DEFAULT NULL
) ENGINE=InnoDB DEFAULT CHARSET=utf8mb4 COLLATE=utf8mb4_unicode_ci;

--
-- Dump dei dati per la tabella `allievi`
--

INSERT INTO `allievi` (`id`, `id_classe`, `username`, `nome`, `cognome`, `professione`, `nascita`, `remember_token`) VALUES
(1, 1, 'yannick.torsi', 'Yannick', 'Torsi', 'OTTICO AFC', '2000-08-14', NULL),
(2, 1, 'barbara.sztrharszky', 'Barbara', 'Sztrharszky Giroto', 'OTTICO AFC', '1998-10-13', NULL),
(3, 1, 'igor.jukic', 'Igor', 'Jukic', 'OTTICO AFC', '2002-09-08', NULL),
(4, 1, 'gioia.iallorenzi', 'Gioia', 'Iallorenzi', 'OTTICO AFC', '2002-08-24', NULL),
(5, 1, 'erick.branca', 'Erick', 'Branca', 'OTTICO AFC', '1992-11-09', NULL),
(6, 2, 'anna.binato', 'Anna Paola', 'Binato', 'OROLOGIAIO DI PRODUZIONE AFC', '2001-05-06', NULL),
(7, 2, 'nicole.calderone', 'Nicole', 'Calderone', 'OROLOGIAIO DI PRODUZIONE AFC', '2000-05-09', NULL),
(8, 2, 'omar.mariani', 'Omar', 'Mariani', 'OROLOGIAIO DI PRODUZIONE AFC', '1979-03-01', NULL),
(9, 2, 'gloria.rusca', 'Gloria', 'Rusca', 'OROLOGIAIO DI PRODUZIONE AFC', '1996-12-03', NULL),
(10, 2, 'amedeo.pugni', 'Amedeo', 'Pugni', 'OROLOGIAIO DI PRODUZIONE AFC', '2000-11-24', NULL),
(11, 3, 'matthias.bianchi', 'Matthias', 'Bianchi', 'PITTORE AFC', '2000-11-20', NULL),
(12, 4, 'alessio.randazzo', 'Alessio', 'Randazzo Mignacca', 'PITTORE AFC', '2000-05-24', NULL),
(13, 4, 'noà.moro', 'Noà', 'Moro', 'PITTORE AFC', '2001-08-08', NULL),
(14, 4, 'massimo.solcà', 'Massimo Pietro', 'Solcà', 'PITTORE AFC', '1997-10-10', NULL),
(15, 4, 'danijel.stankic', 'Danijel', 'Stankic', 'PITTORE AFC', '2001-06-04', NULL),
(16, 3, 'marco.bernasconi', 'Marco', 'Bernasconi', 'PITTORE AFC', '2002-01-10', NULL),
(17, 4, 'pascal.pina', 'Pascal', 'Pina', 'PITTORE AFC', '1996-12-16', NULL),
(18, 3, 'martin.pozzi', 'Martin', 'Pozzi', 'PITTORE AFC', '2002-08-02', NULL),
(19, 4, 'asia.gösteris', 'Asia', 'Gösteris', 'PITTORE AFC', '2000-09-23', NULL),
(20, 3, 'kevin.chiriaco', 'Kevin', 'Chiriaco\'', 'PITTORE AFC', '1997-12-18', NULL),
(21, 4, 'luca.valtulini', 'Luca', 'Valtulini', 'PITTORE AFC', '1997-04-07', NULL),
(22, 3, 'tommaso.caccia', 'Tommaso', 'Caccia', 'PITTORE AFC', '1999-09-06', NULL),
(23, 4, 'nicolas.mantia', 'Nicolas', 'Mantia', 'PITTORE AFC', '1999-08-09', NULL),
(24, 3, 'mattia.dibenedetto', 'Mattia', 'Di Benedetto', 'PITTORE AFC', '2001-02-20', NULL),
(25, 4, 'filippo.curti', 'Filippo', 'Curti', 'PITTORE AFC', '2002-05-14', NULL),
(26, 3, 'enea.libera', 'Enea', 'Libera', 'PITTORE AFC', '1999-09-25', NULL),
(27, 3, 'diogo.faria', 'Diogo Andre', 'Faria Ramos', 'PITTORE AFC', '1995-11-28', NULL),
(28, 4, 'arada.srilachai', 'Arada', 'Srilachai', 'PITTORE AFC', '2000-08-06', NULL),
(29, 4, 'mattia.ghirardelli', 'Mattia', 'Ghirardelli', 'PITTORE AFC', '1992-04-14', NULL),
(30, 4, 'alessio.ingardia', 'Alessio', 'Ingardia', 'PITTORE AFC', '2002-03-18', NULL),
(31, 3, 'mirko.nagero', 'Mirko', 'Nagero', 'PITTORE AFC', '1999-10-12', NULL),
(32, 4, 'andrea.cravotta', 'Andrea', 'Cravotta', 'PITTORE AFC', '1999-08-09', NULL),
(33, 4, 'ivan.locatelli', 'Ivan', 'Locatelli', 'PITTORE AFC', '2000-05-16', NULL),
(34, 4, 'augusto.bento', 'Augusto', 'Bento Meneses Reis', 'PITTORE AFC', '2002-04-22', NULL),
(35, 3, 'andrea.pompilii', 'Andrea', 'Pompilii', 'PITTORE AFC', '2001-04-20', NULL),
(36, 3, 'jonathan.cadenazzi', 'Jonathan', 'Cadenazzi', 'PITTORE AFC', '2001-09-03', NULL),
(37, 3, 'sara.riccio', 'Sara', 'Riccio', 'PITTORE AFC', '1995-02-13', NULL),
(38, 4, 'riccardo.spagnolo', 'Riccardo', 'Spagnolo', 'PITTORE AFC', '1995-03-01', NULL),
(39, 4, 'fernando.ployer', 'Fernando', 'Ployer', 'PITTORE AFC', '1997-01-10', NULL),
(40, 3, 'giuseppe.perri', 'Giuseppe', 'Perri', 'PITTORE AFC', '2000-12-26', NULL),
(41, 3, 'victor.peralta', 'Victor Alexander', 'Peralta Cabada', 'PITTORE AFC', '1999-05-14', NULL),
(42, 4, 'davide.pierro', 'Davide', 'Pierro', 'PITTORE AFC', '1998-08-07', NULL),
(43, 3, 'milan.vujic', 'Milan', 'Vujic', 'PITTORE AFC', '2002-03-31', NULL),
(44, 3, 'alina.centorame', 'Alina', 'Centorame', 'PITTORE AFC', '1999-06-10', NULL),
(45, 4, 'gerson.fernandes', 'Gerson', 'Fernandes', 'PITTORE AFC', '2000-06-18', NULL),
(46, 3, 'besian.islamaj', 'Besian', 'Islamaj', 'PITTORE AFC', '2000-09-15', NULL),
(47, 3, 'benjamin.bajrami', 'Benjamin', 'Bajrami', 'PITTORE AFC', '2000-07-09', NULL),
(48, 3, 'claudio.lemos', 'Claudio Leonardo', 'Lemos Silva', 'PITTORE AFC', '2000-08-17', NULL),
(49, 4, 'andrea.pozzi', 'Andrea', 'Pozzi', 'PITTORE AFC', '1996-03-20', NULL),
(50, 3, 'daniele.pedeferri', 'Daniele', 'Pedeferri', 'PITTORE AFC', '1997-11-06', NULL),
(51, 5, 'francesco.saurwein', 'Francesco', 'Saurwein', 'PITTORE AFC', '2001-12-02', NULL),
(52, 5, 'meisam.sadeghi', 'Meisam', 'Sadeghi', 'AIUTO PITTORE CFP', '1996-01-01', NULL),
(53, 5, 'arton.krasnici', 'Arton', 'Krasnici', 'AIUTO PITTORE CFP', '2000-01-14', NULL),
(54, 5, 'mattia.grub', 'Mattia', 'Grub', 'AIUTO PITTORE CFP', '2000-06-24', NULL),
(55, 6, 'alessandro.delle', 'Alessandro', 'Delle Coste', 'PANETTIERE-PASTICCIERE-CONFETTIERE AFC (PANETTERIA-PASTICCERIA)', '1992-08-13', NULL),
(56, 6, 'giaele.peri', 'Giaele', 'Peri', 'PANETTIERE-PASTICCIERE-CONFETTIERE AFC (PANETTERIA-PASTICCERIA)', '2000-08-11', NULL),
(57, 6, 'elio.ambrosini', 'Elio', 'Ambrosini', 'PANETTIERE-PASTICCIERE-CONFETTIERE AFC (PANETTERIA-PASTICCERIA)', '2001-12-20', NULL),
(58, 6, 'kyra.marzaro', 'Kyra', 'Marzaro', 'PANETTIERE-PASTICCIERE-CONFETTIERE AFC (PANETTERIA-PASTICCERIA)', '2002-04-23', NULL),
(59, 6, 'alessandro.girolamo', 'Alessandro', 'Girolamo', 'PANETTIERE-PASTICCIERE-CONFETTIERE AFC (PANETTERIA-PASTICCERIA)', '2002-10-07', NULL),
(60, 6, 'davide.giamboni', 'Davide', 'Giamboni', 'PANETTIERE-PASTICCIERE-CONFETTIERE AFC', '2000-12-31', NULL),
(61, 7, 'eleonora.nodari', 'Eleonora Alice', 'Nodari', 'PANETTIERE-PASTICCIERE-CONFETTIERE AFC (PASTICCERIA-CONFETTERIA)', '1994-11-23', NULL),
(62, 7, 'pamela.cantoni', 'Pamela Jessica', 'Cantoni', 'PANETTIERE-PASTICCIERE-CONFETTIERE AFC (PASTICCERIA-CONFETTERIA)', '2002-01-24', NULL),
(63, 7, 'michelle.lombardi', 'Michelle', 'Lombardi', 'PANETTIERE-PASTICCIERE-CONFETTIERE AFC (PASTICCERIA-CONFETTERIA)', '2002-02-23', NULL),
(64, 7, 'karin.pedrini', 'Karin', 'Pedrini', 'PANETTIERE-PASTICCIERE-CONFETTIERE AFC (PASTICCERIA-CONFETTERIA)', '2001-10-07', NULL),
(65, 7, 'raissa.lafranchi', 'Raissa', 'Lafranchi', 'PANETTIERE-PASTICCIERE-CONFETTIERE AFC (PASTICCERIA-CONFETTERIA)', '2002-11-25', NULL),
(66, 7, 'nicole.cattani', 'Nicole', 'Cattani', 'PANETTIERE-PASTICCIERE-CONFETTIERE AFC (PASTICCERIA-CONFETTERIA)', '2002-09-26', NULL),
(67, 7, 'lorenzo.spaziani', 'Lorenzo', 'Spaziani', 'PANETTIERE-PASTICCIERE-CONFETTIERE AFC (PASTICCERIA-CONFETTERIA)', '2002-08-13', NULL),
(68, 7, 'jennifer.tschumi', 'Jennifer', 'Tschumi', 'PANETTIERE-PASTICCIERE-CONFETTIERE AFC (PASTICCERIA-CONFETTERIA)', '2002-01-03', NULL),
(69, 8, 'kevin.parisi', 'Kevin', 'Parisi', 'PANETTIERE-PASTICCIERE-CONFETTIERE CFP', '1999-05-19', NULL),
(70, 9, 'nunzio.paragliola', 'Nunzio', 'Paragliola', 'MONTATORE DI AVVOLGIBILI AFC', '2001-12-11', NULL),
(71, 9, 'ibrahim.hamwi', 'Ibrahim', 'Hamwi', 'MONTATORE DI AVVOLGIBILI AFC', '1996-06-23', NULL),
(72, 9, 'vito.grasso', 'Vito', 'Grasso', 'MONTATORE DI AVVOLGIBILI AFC', '2001-12-18', NULL),
(73, 9, 'janis.uzunov', 'Janis', 'Uzunov', 'COSTRUTTORE DI PONTEGGI AFC', '2002-03-11', NULL),
(74, 9, 'bruno.silva', 'Bruno Miguel', 'Silva Ferreira', 'COSTRUTTORE DI PONTEGGI AFC', '2001-03-27', NULL),
(75, 9, 'alessandro.pavone', 'Alessandro', 'Pavone', 'COSTRUTTORE DI PONTEGGI AFC', '2001-10-08', NULL),
(76, 9, 'roberto.rescazzi', 'Roberto', 'Rescazzi', 'IMPERMEABILIZZATORE AFC', '2000-10-16', NULL),
(77, 9, 'vasco.rezzonico', 'Vasco', 'Rezzonico', 'IMPERMEABILIZZATORE AFC', '2001-02-21', NULL),
(78, 10, 'noah.pezzi', 'Noah', 'Pezzi', 'LABORATORISTA AFC (CHIMICA)', '2001-12-10', NULL),
(79, 10, 'mattia.daloia', 'Mattia Augusto', 'D\'Aloia', 'LABORATORISTA AFC (CHIMICA)', '2001-01-30', NULL),
(80, 10, 'stefan.maric', 'Stefan', 'Maric', 'LABORATORISTA AFC (CHIMICA)', '2001-07-30', NULL),
(81, 10, 'claudio.piddini', 'Claudio', 'Piddini', 'LABORATORISTA AFC (CHIMICA)', '2001-07-01', NULL),
(82, 10, 'lorenzo.ricciardi', 'Lorenzo', 'Ricciardi', 'LABORATORISTA AFC (CHIMICA)', '2000-09-11', NULL),
(83, 10, 'diana.camozzi', 'Diana', 'Camozzi', 'LABORATORISTA AFC (CHIMICA)', '2002-02-04', NULL),
(84, 10, 'elia.silva', 'Elia Yago', 'Silva', 'LABORATORISTA AFC (CHIMICA)', '2002-01-28', NULL),
(85, 10, 'victoria.huckfield', 'Victoria Linn', 'Huckfield', 'LABORATORISTA AFC (CHIMICA)', '2002-10-22', NULL),
(86, 10, 'giorgia.vigano', 'Giorgia', 'Vigano\'', 'LABORATORISTA AFC (CHIMICA)', '2002-12-04', NULL),
(87, 10, 'sacha.michel', 'Sacha', 'Michel', 'LABORATORISTA AFC (CHIMICA)', '2001-05-12', NULL),
(88, 10, 'sara.lillo', 'Sara', 'Lillo', 'LABORATORISTA AFC (CHIMICA)', '2000-02-24', NULL),
(89, 11, 'giuseppe.grassadonio', 'Giuseppe', 'Grassadonio', 'ELETTRONICO MULTIMEDIALE AFC', '2000-02-02', NULL),
(90, 11, 'gianluca.rainone', 'Gianluca', 'Rainone', 'ELETTRONICO MULTIMEDIALE AFC', '2001-12-11', NULL),
(91, 12, 'elia.dozio', 'Elia', 'Dozio', 'ELETTRONICO MULTIMEDIALE AFC', '2002-01-28', NULL),
(92, 11, 'mirko.keller', 'Mirko', 'Keller', 'ELETTRONICO MULTIMEDIALE AFC', '2002-02-27', NULL),
(93, 11, 'niccolò.mazzi', 'Niccolò', 'Mazzi-Damotti', 'ELETTRONICO MULTIMEDIALE AFC', '2002-08-25', NULL),
(94, 12, 'manuel.taddei', 'Manuel', 'Taddei', 'ELETTRONICO MULTIMEDIALE AFC', '2002-08-14', NULL),
(95, 12, 'mikola.malyy', 'Mikola', 'Malyy', 'ELETTRONICO MULTIMEDIALE AFC', '1999-02-16', NULL),
(96, 12, 'savo.mladjenovic', 'Savo', 'Mladjenovic', 'ELETTRONICO MULTIMEDIALE AFC', '2001-09-17', NULL),
(97, 11, 'adrian.rodriguez', 'Adrian', 'Rodriguez Alvarez', 'ELETTRONICO MULTIMEDIALE AFC', '1998-01-02', NULL),
(98, 12, 'matteo.lorenzon', 'Matteo', 'Lorenzon', 'ELETTRONICO MULTIMEDIALE AFC', '2002-09-07', NULL),
(99, 11, 'markus.chiovoloni', 'Markus', 'Chiovoloni', 'ELETTRONICO MULTIMEDIALE AFC', '2002-10-09', NULL),
(100, 12, 'jacopo.sivalli', 'Jacopo', 'Sivalli', 'ELETTRONICO MULTIMEDIALE AFC', '2002-06-18', NULL),
(101, 12, 'royalec.balfour', 'Roy Alec', 'Balfour', 'ELETTRONICO MULTIMEDIALE AFC', '2002-08-03', NULL),
(102, 12, 'nea.aeschbacher', 'Nea', 'Aeschbacher', 'ELETTRONICO MULTIMEDIALE AFC', '2000-01-05', NULL),
(103, 11, 'ulisse.algieri', 'Ulisse', 'Algieri', 'ELETTRONICO MULTIMEDIALE AFC', '2002-04-22', NULL),
(104, 12, 'diego.bernasconi', 'Diego', 'Bernasconi', 'ELETTRONICO MULTIMEDIALE AFC', '2002-01-07', NULL),
(105, 11, 'luca.bernasconi', 'Luca Vittorio Luigi', 'Bernasconi', 'ELETTRONICO MULTIMEDIALE AFC', '2002-01-28', NULL),
(106, 12, 'nicolò.guggiari', 'Nicolò', 'Guggiari', 'ELETTRONICO MULTIMEDIALE AFC', '2002-08-23', NULL),
(107, 12, 'fabiano.montorfano', 'Fabiano', 'Montorfano', 'ELETTRONICO MULTIMEDIALE AFC', '2002-02-09', NULL),
(108, 11, 'giulio.pisottu', 'Giulio', 'Pisottu', 'ELETTRONICO MULTIMEDIALE AFC', '2002-12-20', NULL),
(109, 11, 'brenno.baruffaldi', 'Brenno', 'Baruffaldi', 'ELETTRONICO MULTIMEDIALE AFC', '2002-11-05', NULL),
(110, 11, 'alessio.ciceri', 'Alessio', 'Ciceri', 'ELETTRONICO MULTIMEDIALE AFC', '2002-06-03', NULL),
(111, 13, 'isaac.gragasin', 'Isaac', 'Gragasin', 'INFORMATICO AFC (INFORMATICA AZIENDALE)', '1999-12-06', NULL),
(112, 14, 'pietro.quintavalle', 'Pietro', 'Quintavalle', 'INFORMATICO AFC (INFORMATICA AZIENDALE)', '2001-11-18', NULL),
(113, 13, 'matthias.iannarella', 'Matthias', 'Iannarella', 'INFORMATICO AFC (INFORMATICA AZIENDALE)', '2002-01-09', NULL),
(114, 14, 'filippo.zinetti', 'Filippo', 'Zinetti', 'INFORMATICO AFC (INFORMATICA AZIENDALE)', '2002-04-14', 'W0IGwZ96h0ReYA6VBtIkENIu1FALhjv80OW0NIwFH7rrjYriqkn0EQqHBfox'),
(115, 15, 'samuel.agustoni', 'Samuel Kilian', 'Agustoni', 'INFORMATICO AFC (INFORMATICA AZIENDALE)', '2002-06-20', 'OreLXpiSuGlLxg35hPFdve4n1ITG4pJx47htPfVMKephifEvax7TF1LlRfjJ'),
(116, 15, 'nicola.serravalle', 'Nicola', 'Serravalle', 'INFORMATICO AFC', '2002-04-11', NULL),
(117, 14, 'morgana.donati', 'Morgana Dina', 'Donati', 'INFORMATICO AFC (INFORMATICA AZIENDALE)', '2001-10-17', NULL),
(118, 15, 'daniel.matt', 'Daniel Josef', 'Matt', 'INFORMATICO AFC (INFORMATICA AZIENDALE)', '2002-04-03', NULL),
(119, 13, 'massimiliano.gibelli', 'Massimiliano', 'Gibelli', 'INFORMATICO AFC (INFORMATICA AZIENDALE)', '2002-11-04', NULL),
(120, 14, 'mosé.ferrazzini', 'Mosé', 'Ferrazzini', 'INFORMATICO AFC (INFORMATICA AZIENDALE)', '2001-12-11', NULL),
(121, 14, 'pablo.giobbi', 'Pablo', 'Giobbi', 'INFORMATICO AFC (INFORMATICA AZIENDALE)', '2002-07-10', 'lWe1Lmi4jyvrA5X2URqSadxnFnY2LX58EHXARD0Q5sJ7IoVx59yEYGP35xZg'),
(122, 16, 'ismael.trentin', 'Ismael', 'Trentin', 'INFORMATICO AFC (INFORMATICA AZIENDALE)', '2002-07-28', NULL),
(123, 16, 'antanas.balciunas', 'Antanas', 'Balciunas', 'INFORMATICO AFC (INFORMATICA AZIENDALE)', '2001-02-07', NULL),
(124, 15, 'alessandro.aloise', 'Alessandro', 'Aloise', 'INFORMATICO AFC (INFORMATICA AZIENDALE)', '2001-07-03', NULL),
(125, 13, 'jure.grgic', 'Jure', 'Grgic', 'INFORMATICO AFC (INFORMATICA AZIENDALE)', '2002-02-26', NULL),
(126, 14, 'julian.sprugasci', 'Julian', 'Sprugasci', 'INFORMATICO AFC (INFORMATICA AZIENDALE)', '2002-04-16', NULL),
(127, 13, 'daniele.falcone', 'Daniele', 'Falcone', 'INFORMATICO AFC (INFORMATICA AZIENDALE)', '2002-11-06', NULL),
(128, 13, 'luca.mazza', 'Luca', 'Mazza', 'INFORMATICO AFC (INFORMATICA AZIENDALE)', '2002-04-28', NULL),
(129, 14, 'marco.lorusso', 'Marco', 'Lorusso', 'INFORMATICO AFC (INFORMATICA AZIENDALE)', '2002-05-17', NULL),
(130, 15, 'claudio.engeler', 'Claudio', 'Engeler', 'INFORMATICO AFC (INFORMATICA AZIENDALE)', '2001-10-30', NULL),
(131, 15, 'elia.miani', 'Elia', 'Miani', 'INFORMATICO AFC (INFORMATICA AZIENDALE)', '2001-02-10', NULL),
(132, 16, 'berkan.dursun', 'Berkan', 'Dursun', 'INFORMATICO AFC (INFORMATICA AZIENDALE)', '2002-06-13', 'lftoDMiX6IWgw0xlABZPdGiakiJBkw3VdlR8sgzdKCL8IPPzlLmauFc0Cj7X'),
(133, 16, 'bruno.pereira', 'Bruno Miguel', 'Pereira Gomes', 'INFORMATICO AFC (INFORMATICA AZIENDALE)', '2000-03-03', 'Q9QrU0OMUWZ1d3MF7HVcAKHPaKbHDtFbhVtZdnu689NVterH7UHchXDdacP7'),
(134, 15, 'nico.genovese', 'Nico', 'Genovese', 'INFORMATICO AFC (INFORMATICA AZIENDALE)', '2000-08-15', NULL),
(135, 15, 'nicholas.pigni', 'Nicholas', 'Pigni', 'INFORMATICO AFC (INFORMATICA AZIENDALE)', '2002-04-30', NULL),
(136, 15, 'matteo.arena', 'Matteo', 'Arena', 'INFORMATICO AFC (INFORMATICA AZIENDALE)', '2002-11-07', NULL),
(137, 15, 'georgiy.farina', 'Georgiy', 'Farina', 'INFORMATICO AFC (INFORMATICA AZIENDALE)', '2001-04-24', NULL),
(138, 14, 'kushtrim.rushi', 'Kushtrim', 'Rushi', 'INFORMATICO AFC (INFORMATICA AZIENDALE)', '2002-04-10', NULL),
(139, 14, 'lorenzo.piazza', 'Lorenzo Adam', 'Piazza', 'INFORMATICO AFC (INFORMATICA AZIENDALE)', '2001-03-13', NULL),
(140, 15, 'nathan.lue', 'Nathan', 'Lue\'', 'INFORMATICO AFC (INFORMATICA AZIENDALE)', '2001-10-05', NULL),
(141, 16, 'jonathan.mueller', 'Jonathan', 'Mueller', 'INFORMATICO AFC (INFORMATICA AZIENDALE)', '2002-10-04', 'l67yhR29gf6FklG9F3dBx85XtsXzy79HG9WKMzrVqbX2CpudGP47FLZGGV8d'),
(142, 14, 'lorenzo.bernacca', 'Lorenzo', 'Bernacca', 'INFORMATICO AFC (INFORMATICA AZIENDALE)', '2002-10-12', NULL),
(143, 15, 'adriano.chiriacò', 'Adriano', 'Chiriacò', 'INFORMATICO AFC (INFORMATICA AZIENDALE)', '2001-12-13', NULL),
(144, 16, 'andrè.dasilva', 'Andrè Thomas', 'Da Silva', 'INFORMATICO AFC (INFORMATICA AZIENDALE)', '2000-09-03', 'tvUrzIsfLRl2AEs1ZyyZP846dpjsETOwGXj1mW1rF1MyXijfdFUYNal25BtJ'),
(145, 14, 'pierpaolo.casati', 'Pierpaolo', 'Casati', 'INFORMATICO AFC (INFORMATICA AZIENDALE)', '2001-04-25', NULL),
(146, 14, 'lorenzo.cattaneo', 'Lorenzo', 'Cattaneo', 'INFORMATICO AFC (INFORMATICA AZIENDALE)', '2002-07-09', NULL),
(147, 17, 'sofia.dematteis', 'Sofia', 'De Matteis', 'DISEGNATORE AFC (INGEGNERIA CIVILE)', '2002-01-15', NULL),
(148, 17, 'lorenzo.saredi', 'Lorenzo', 'Saredi', 'DISEGNATORE AFC (ARCHITETTURA)', '2001-12-17', NULL),
(149, 18, 'martina.monti', 'Martina', 'Monti', 'DISEGNATORE AFC (INGEGNERIA CIVILE)', '2002-05-03', NULL),
(150, 17, 'mattia.ombelli', 'Mattia', 'Ombelli', 'DISEGNATORE AFC (INGEGNERIA CIVILE)', '2002-03-17', NULL),
(151, 17, 'nicolò.tantardini', 'Nicolò', 'Tantardini', 'DISEGNATORE AFC (INGEGNERIA CIVILE)', '2002-08-19', NULL),
(152, 18, 'olmo.ghini', 'Olmo', 'Ghini', 'DISEGNATORE AFC (INGEGNERIA CIVILE)', '2001-04-03', NULL),
(153, 17, 'paolo.sala', 'Paolo', 'Sala', 'DISEGNATORE AFC (INGEGNERIA CIVILE)', '2001-07-23', NULL),
(154, 18, 'luigi.rizzo', 'Luigi', 'Rizzo', 'DISEGNATORE AFC (INGEGNERIA CIVILE)', '2002-03-16', NULL),
(155, 17, 'simone.sartoris', 'Simone', 'Sartoris', 'DISEGNATORE AFC (INGEGNERIA CIVILE)', '2002-06-16', NULL),
(156, 18, 'margherita.neziri', 'Margherita', 'Neziri', 'DISEGNATORE AFC (ARCHITETTURA)', '2000-04-27', NULL),
(157, 17, 'greta.dazzi', 'Greta', 'Dazzi', 'DISEGNATORE AFC (ARCHITETTURA)', '2002-12-23', NULL),
(158, 18, 'simone.broggi', 'Simone', 'Broggi', 'DISEGNATORE AFC (ARCHITETTURA)', '2002-08-09', NULL),
(159, 18, 'mátyás.györik', 'Mátyás', 'Györik', 'DISEGNATORE AFC (ARCHITETTURA)', '2002-01-07', NULL),
(160, 18, 'robin.carrara', 'Robin', 'Carrara', 'DISEGNATORE AFC (ARCHITETTURA)', '2002-03-07', NULL),
(161, 18, 'alessandro.giovannin', 'Alessandro', 'Giovannini', 'DISEGNATORE AFC (ARCHITETTURA)', '2002-04-22', NULL),
(162, 17, 'lucio.giambonini', 'Lucio', 'Giambonini', 'DISEGNATORE AFC (ARCHITETTURA)', '2002-07-23', NULL),
(163, 18, 'andrea.gianinazzi', 'Andrea', 'Gianinazzi', 'DISEGNATORE AFC (ARCHITETTURA)', '2002-02-16', NULL),
(164, 17, 'gabriele.quattrini', 'Gabriele', 'Quattrini', 'DISEGNATORE AFC (ARCHITETTURA)', '2002-05-09', NULL),
(165, 17, 'christian.gianini', 'Christian', 'Gianini', 'DISEGNATORE AFC (INGEGNERIA CIVILE)', '2002-05-20', NULL),
(166, 18, 'lorenzo.giglio', 'Lorenzo', 'Giglio', 'DISEGNATORE AFC (ARCHITETTURA)', '2002-05-08', NULL),
(167, 18, 'emanuele.barlovic', 'Emanuele', 'Barlovic', 'DISEGNATORE AFC (INGEGNERIA CIVILE)', '2002-04-05', NULL),
(168, 18, 'aleksandar.kostadino', 'Aleksandar', 'Kostadinov', 'DISEGNATORE AFC (ARCHITETTURA)', '2002-10-11', NULL),
(169, 17, 'nicolo.cantaluppi', 'Nicolo\'', 'Cantaluppi', 'DISEGNATORE AFC (ARCHITETTURA)', '2002-11-05', NULL),
(170, 17, 'gabriele.monotti', 'Gabriele', 'Monotti', 'DISEGNATORE AFC (ARCHITETTURA)', '2002-01-30', NULL),
(171, 19, 'mauro.beraldi', 'Mauro', 'Beraldi', 'CUOCO IN DIETETICA AFC', '1996-04-10', NULL),
(172, 19, 'alberto.cogoni', 'Alberto', 'Cogoni', 'CUOCO IN DIETETICA AFC', '1985-09-04', NULL),
(173, 19, 'nicola.piantoni', 'Nicola', 'Piantoni', 'CUOCO IN DIETETICA AFC', '1984-01-15', NULL),
(174, 19, 'luca.amici', 'Luca', 'Amici', 'CUOCO IN DIETETICA AFC', '1983-09-07', NULL),
(175, 19, 'monica.pizzetti', 'Monica', 'Pizzetti', 'CUOCO IN DIETETICA AFC', '1989-08-02', NULL),
(176, 19, 'samuel.caffi', 'Samuel', 'Caffi', 'CUOCO IN DIETETICA AFC', '1986-11-23', NULL),
(177, 19, 'asia.bottinelli', 'Asia', 'Bottinelli', 'CUOCO IN DIETETICA AFC', '1995-05-06', NULL),
(178, 19, 'federico.zinzi', 'Federico', 'Zinzi', 'CUOCO IN DIETETICA AFC', '1997-02-07', NULL),
(179, 19, 'ramona.moro', 'Ramona', 'Moro', 'CUOCO IN DIETETICA AFC', '1999-09-19', NULL),
(180, 19, 'ali.yildiz', 'Ali', 'Yildiz', 'CUOCO IN DIETETICA AFC', '1992-10-04', NULL),
(181, 19, 'silvia.gilardi', 'Silvia', 'Gilardi', 'CUOCO IN DIETETICA AFC', '1995-08-07', NULL),
(182, 19, 'leslie.suter', 'Leslie', 'Suter', 'CUOCO IN DIETETICA AFC', '1995-10-26', NULL),
(183, 19, 'juri.bottani', 'Juri', 'Bottani', 'CUOCO IN DIETETICA AFC', '1993-01-23', NULL),
(184, 19, 'nadir.novena', 'Nadir', 'Novena', 'CUOCO IN DIETETICA AFC', '1996-05-18', NULL),
(185, 19, 'francesca.perna', 'Francesca', 'Perna', 'CUOCO IN DIETETICA AFC', '1995-06-16', NULL),
(186, 19, 'massimo.ruggiero', 'Massimo', 'Ruggiero', 'CUOCO IN DIETETICA AFC', '1971-04-29', NULL),
(187, 19, 'alessio.santoni', 'Alessio', 'Santoni', 'CUOCO IN DIETETICA AFC', '1995-12-27', NULL),
(188, 19, 'luca.aleandri', 'Luca', 'Aleandri', 'CUOCO IN DIETETICA AFC', '1987-03-29', NULL),
(189, 19, 'giada.chiodin', 'Giada', 'Chiodin', 'CUOCO IN DIETETICA AFC', '1989-12-04', NULL),
(190, 19, 'paola.michelazzo', 'Paola', 'Michelazzo', 'CUOCO IN DIETETICA AFC', '1985-12-30', NULL),
(191, 19, 'marco.viviani', 'Marco', 'Viviani', 'CUOCO IN DIETETICA AFC', '1982-06-25', NULL),
(192, 19, 'rocco.macconi', 'Rocco', 'Macconi', 'CUOCO IN DIETETICA AFC', '1988-03-29', NULL),
(193, 20, 'eros.martella', 'Eros', 'Martella', 'AGENTE TECNICO DI MATERIE SINTETICHE AFC (STAMPAGGIO PER INIEZIONE/STAMPAGGIO PER COMPRESSIONE)', '1998-11-12', NULL),
(194, 21, 'renato.mancinelli', 'Renato', 'Mancinelli', 'ADDETTO DI RISTORAZIONE CFP', '1999-02-22', NULL),
(195, 21, 'tenzin.kangnyer', 'Tenzin Osel', 'Kangnyer', 'ADDETTO DI RISTORAZIONE CFP', '1994-12-17', NULL),
(196, 21, 'elsa.hluf', 'Elsa', 'Hluf', 'ADDETTO DI RISTORAZIONE CFP', '1988-12-12', NULL),
(197, 21, 'mathios.amanuel', 'Mathios', 'Amanuel', 'ADDETTO DI RISTORAZIONE CFP', '1986-03-07', NULL),
(198, 22, 'juliana.deoliveira', 'Juliana', 'De Oliveira Campos', 'ADDETTO D\'ECONOMIA DOMESTICA CFP', '2001-09-11', NULL),
(199, 23, 'alessia.farinella', 'Alessia', 'Farinella Crema', 'ADDETTO D\'ECONOMIA DOMESTICA CFP', '2000-11-21', NULL),
(200, 22, 'aleksandra.dedaj', 'Aleksandra', 'Dedaj', 'ADDETTO D\'ECONOMIA DOMESTICA CFP', '2000-08-02', NULL),
(201, 23, 'margarida.teixeira', 'Margarida', 'Teixeira Santos', 'ADDETTO D\'ECONOMIA DOMESTICA CFP', '1999-06-13', NULL),
(202, 23, 'zebiba.ahmed', 'Zebiba', 'Ahmed Mohamed', 'ADDETTO D\'ECONOMIA DOMESTICA CFP', '1983-01-01', NULL),
(203, 22, 'vincenzo.calderola', 'Vincenzo', 'Calderola', 'ADDETTO D\'ECONOMIA DOMESTICA CFP', '2001-07-15', NULL),
(204, 22, 'mara.defilippo', 'Mara', 'De Filippo', 'ADDETTO D\'ECONOMIA DOMESTICA CFP', '2000-09-27', NULL),
(205, 22, 'deivi.perez', 'Deivi Geovanni', 'Perez Salguero', 'ADDETTO D\'ECONOMIA DOMESTICA CFP', '2001-07-06', NULL),
(206, 23, 'memduh.tunç', 'Memduh', 'Tunç', 'ADDETTO D\'ECONOMIA DOMESTICA CFP', '1969-02-01', NULL),
(207, 23, 'jessica.mesce', 'Jessica', 'Mesce', 'ADDETTO D\'ECONOMIA DOMESTICA CFP', '1999-05-13', NULL),
(208, 22, 'bruna.moreira', 'Bruna', 'Moreira Almeida', 'ADDETTO D\'ECONOMIA DOMESTICA CFP', '2002-07-08', NULL),
(209, 22, 'sheila.villar', 'Sheila', 'Villar Perez', 'ADDETTO D\'ECONOMIA DOMESTICA CFP', '1999-06-30', NULL),
(210, 22, 'elena.pelloni', 'Elena', 'Pelloni', 'ADDETTO D\'ECONOMIA DOMESTICA CFP', '2000-05-24', NULL),
(211, 23, 'inês.jesus', 'Inês Isabel', 'Jesus Matos', 'ADDETTO D\'ECONOMIA DOMESTICA CFP', '2000-07-03', NULL),
(212, 24, 'mostafa.rezaii', 'Mostafa', 'Rezaii', 'ADDETTO DI CUCINA CFP', '1988-01-01', NULL),
(213, 25, 'linton.alphones', 'Linton', 'Alphones Patrick', 'ADDETTO DI CUCINA CFP', '1993-01-02', NULL),
(214, 24, 'abdulhamid.abdulrahi', 'Abdulhamid', 'Abdulrahim', 'ADDETTO DI CUCINA CFP', '1990-12-24', NULL),
(215, 24, 'jasmin.barba', 'Jasmin', 'Barba', 'ADDETTO DI CUCINA CFP', '1999-05-24', NULL),
(216, 24, 'anushka.jud', 'Anushka', 'Jud', 'ADDETTO DI CUCINA CFP', '1988-08-30', NULL),
(217, 26, 'riste.filev', 'Riste', 'Filev', 'ADDETTO DI CUCINA CFP', '2002-02-05', NULL),
(218, 26, 'maikol.floccari', 'Maikol', 'Floccari', 'ADDETTO DI CUCINA CFP', '2001-06-13', NULL),
(219, 24, 'alan.fazliu', 'Alan', 'Fazliu', 'ADDETTO DI CUCINA CFP', '2000-12-12', NULL),
(220, 26, 'norina.cemelich', 'Norina', 'Cemelich', 'ADDETTA DI CUCINA CFP', '1975-05-12', NULL),
(221, 26, 'vincenzo.defilippo', 'Vincenzo', 'De Filippo', 'ADDETTO DI CUCINA CFP', '1996-06-04', NULL),
(222, 24, 'michele.favero', 'Michele', 'Favero', 'ADDETTO DI CUCINA CFP', '1999-07-04', NULL),
(223, 26, 'anna.manetti', 'Anna', 'Manetti', 'ADDETTO DI CUCINA CFP', '1998-10-12', NULL),
(224, 24, 'tosca.morini', 'Tosca', 'Morini', 'ADDETTO DI CUCINA CFP', '1999-05-20', NULL),
(225, 26, 'mayelin.ortega', 'Mayelin', 'Ortega De Los Santos', 'ADDETTO DI CUCINA CFP', '1998-07-06', NULL),
(226, 26, 'denny.bernasconi', 'Denny', 'Bernasconi', 'ADDETTO DI CUCINA CFP', '2000-09-21', NULL),
(227, 26, 'filipa.teixeira', 'Filipa', 'Teixeira Martins', 'ADDETTO DI CUCINA CFP', '1998-05-13', NULL),
(228, 24, 'luca.tramacere', 'Luca', 'Tramacere', 'ADDETTO DI CUCINA CFP', '1999-03-22', NULL),
(229, 24, 'emanuela.reale', 'Emanuela', 'Reale', 'ADDETTO DI CUCINA CFP', '2000-02-21', NULL),
(230, 24, 'simone.malvini', 'Simone Anna', 'Malvini', 'ADDETTO DI CUCINA CFP', '1999-02-12', NULL),
(231, 24, 'melania.toral', 'Melania', 'Toral Martinez', 'ADDETTO DI CUCINA CFP', '1999-10-28', NULL),
(232, 26, 'nicolò.calatti', 'Nicolò', 'Calatti', 'ADDETTO DI CUCINA CFP', '2002-10-24', NULL),
(233, 26, 'kevin.shala', 'Kevin', 'Shala', 'ADDETTO DI CUCINA CFP', '2002-02-28', NULL),
(234, 26, 'lisa.bittana', 'Lisa', 'Bittana', 'ADDETTO DI CUCINA CFP', '2001-08-21', NULL),
(235, 25, 'charlotte.rodoni', 'Charlotte', 'Rodoni', 'ADDETTO DI CUCINA CFP', '1997-03-20', NULL),
(236, 27, 'ettore.ongaro', 'Ettore', 'Ongaro', 'INFORMATICO AFC (INFORMATICA AZIENDALE)', '1997-09-12', NULL),
(237, 28, 'branislav.danevski', 'Branislav', 'Danevski', 'DISEGNATORE AFC (INGEGNERIA CIVILE)', '2001-12-27', NULL),
(238, 30, 'valerio.petillo', 'Valerio', 'Petillo', 'DISEGNATORE AFC (INGEGNERIA CIVILE)', '2001-12-28', NULL),
(239, 29, 'marco.bergamin', 'Marco', 'Bergamin', 'DISEGNATORE AFC (INGEGNERIA CIVILE)', '2001-11-05', NULL),
(240, 30, 'brian.baruffaldi', 'Brian', 'Baruffaldi', 'DISEGNATORE AFC (INGEGNERIA CIVILE)', '2002-01-07', NULL),
(241, 32, 'emilio.dalessi', 'Emilio', 'Dalessi', 'DISEGNATORE AFC (INGEGNERIA CIVILE)', '2002-08-24', NULL),
(242, 30, 'dani.dasilva', 'Dani', 'Da Silva Coelho', 'DISEGNATORE AFC (INGEGNERIA CIVILE)', '2001-06-05', NULL),
(243, 30, 'andrea.ciullo', 'Andrea', 'Ciullo', 'DISEGNATORE AFC (INGEGNERIA CIVILE)', '2002-08-28', NULL),
(244, 28, 'elisa.poli', 'Elisa', 'Poli', 'DISEGNATORE AFC (INGEGNERIA CIVILE)', '2002-01-21', NULL),
(245, 28, 'matteo.cantaluppi', 'Matteo', 'Cantaluppi', 'DISEGNATORE AFC (INGEGNERIA CIVILE)', '1999-12-14', NULL),
(246, 32, 'andrea.morelli', 'Andrea', 'Morelli', 'DISEGNATORE AFC (INGEGNERIA CIVILE)', '2003-04-15', NULL),
(247, 30, 'jose.ruiz', 'Jose Miguel', 'Ruiz Garrigosa', 'DISEGNATORE AFC (INGEGNERIA CIVILE)', '1982-07-01', NULL),
(248, 28, 'tomasz.legierski', 'Tomasz', 'Legierski', 'DISEGNATORE AFC (INGEGNERIA CIVILE)', '2000-10-05', NULL),
(249, 29, 'alessandro.ambrosett', 'Alessandro', 'Ambrosetti', 'DISEGNATORE AFC (INGEGNERIA CIVILE)', '2000-12-24', NULL),
(250, 29, 'alan.gianola', 'Alan', 'Gianola', 'DISEGNATORE AFC (INGEGNERIA CIVILE)', '1998-05-03', NULL),
(251, 29, 'adrian.gashi', 'Adrian', 'Gashi', 'DISEGNATORE AFC (INGEGNERIA CIVILE)', '2001-02-23', NULL),
(252, 28, 'thomas.morgenegg', 'Thomas', 'Morgenegg', 'DISEGNATORE AFC (INGEGNERIA CIVILE)', '2002-10-06', NULL),
(253, 28, 'davide.sarban', 'Davide Ioan', 'Sarban', 'DISEGNATORE AFC (INGEGNERIA CIVILE)', '2001-10-15', NULL),
(254, 28, 'matteo.fabiano', 'Matteo', 'Fabiano', 'DISEGNATORE AFC (INGEGNERIA CIVILE)', '2001-08-17', NULL),
(255, 28, 'sonja.schnidrig', 'Sonja', 'Schnidrig', 'DISEGNATORE AFC (INGEGNERIA CIVILE)', '2001-01-20', NULL),
(256, 28, 'valeria.costa', 'Valeria', 'Costa Amorim', 'DISEGNATORE AFC (INGEGNERIA CIVILE)', '2001-09-20', NULL),
(257, 28, 'simon.rumpf', 'Simon', 'Rumpf', 'DISEGNATORE AFC (INGEGNERIA CIVILE)', '2002-06-03', NULL),
(258, 28, 'nathan.guizzetti', 'Nathan', 'Guizzetti', 'DISEGNATORE AFC (INGEGNERIA CIVILE)', '2002-02-23', NULL),
(259, 28, 'simone.fregni', 'Simone', 'Fregni', 'DISEGNATORE AFC (INGEGNERIA CIVILE)', '2002-08-16', NULL),
(260, 28, 'alessandro.muto', 'Alessandro', 'Muto', 'DISEGNATORE AFC (INGEGNERIA CIVILE)', '2002-03-26', NULL),
(261, 28, 'dylan.sartorio', 'Dylan', 'Sartorio', 'DISEGNATORE AFC (INGEGNERIA CIVILE)', '2002-06-16', NULL),
(262, 30, 'aileen.bur', 'Aileen', 'Bur', 'DISEGNATORE AFC (INGEGNERIA CIVILE)', '2001-03-02', NULL),
(263, 28, 'isabel.ponti', 'Isabel', 'Ponti', 'DISEGNATORE AFC (INGEGNERIA CIVILE)', '2002-04-26', NULL),
(264, 28, 'matteo.bernardoni', 'Matteo', 'Bernardoni', 'DISEGNATORE AFC (INGEGNERIA CIVILE)', '2001-05-23', NULL),
(265, 28, 'nancy.rothen', 'Nancy Maddalena Mattea', 'Rothen', 'DISEGNATORE AFC (INGEGNERIA CIVILE)', '2002-01-29', NULL),
(266, 28, 'giona.ghezzi', 'Giona', 'Ghezzi', 'DISEGNATORE AFC (INGEGNERIA CIVILE)', '2002-11-11', NULL),
(267, 28, 'filippo.campana', 'Filippo', 'Campana', 'DISEGNATORE AFC (INGEGNERIA CIVILE)', '2002-11-24', NULL),
(268, 30, 'jure.barun', 'Jure', 'Barun', 'DISEGNATORE AFC (INGEGNERIA CIVILE)', '2002-07-31', NULL),
(269, 33, 'kimi.fischer', 'Kimi', 'Fischer', 'DISEGNATORE AFC (ARCHITETTURA)', '2001-10-14', NULL),
(270, 35, 'festim.aliu', 'Festim', 'Aliu', 'DISEGNATORE AFC (ARCHITETTURA)', '2002-03-03', NULL),
(271, 33, 'ivan.birolini', 'Ivan', 'Birolini', 'DISEGNATORE AFC (ARCHITETTURA)', '2002-10-06', NULL),
(272, 34, 'giancarlo.traversa', 'Giancarlo', 'Traversa', 'DISEGNATORE AFC (ARCHITETTURA)', '1991-05-19', NULL),
(273, 35, 'luna.sanfilippo', 'Luna Desirée', 'Sanfilippo', 'DISEGNATORE AFC (ARCHITETTURA)', '1999-04-04', NULL),
(274, 35, 'leandro.belli', 'Leandro', 'Belli', 'DISEGNATORE AFC (ARCHITETTURA)', '2002-08-03', NULL),
(275, 35, 'andrea.vassallo', 'Andrea', 'Vassallo', 'DISEGNATORE AFC (ARCHITETTURA)', '2002-11-15', NULL),
(276, 34, 'fabiano.leo', 'Fabiano', 'Leo', 'DISEGNATORE AFC (ARCHITETTURA)', '2001-02-19', NULL),
(277, 33, 'ruben.tiraboschi', 'Ruben', 'Tiraboschi', 'DISEGNATORE AFC (ARCHITETTURA)', '1989-02-20', NULL),
(278, 33, 'nuno.lopes', 'Nuno', 'Lopes', 'DISEGNATORE AFC (ARCHITETTURA)', '1999-12-25', NULL),
(279, 33, 'alessandro.brignoli', 'Alessandro', 'Brignoli', 'DISEGNATORE AFC (ARCHITETTURA)', '2002-03-12', NULL),
(280, 33, 'benjamin.soar', 'Benjamin', 'Soar', 'DISEGNATORE AFC (ARCHITETTURA)', '2001-11-29', NULL),
(281, 37, 'francesco.fontana', 'Francesco', 'Fontana', 'DISEGNATORE AFC (ARCHITETTURA)', '2002-08-16', NULL),
(282, 35, 'diana.lapins', 'Diana', 'Lapins', 'DISEGNATORE AFC (ARCHITETTURA)', '2001-03-24', NULL),
(283, 33, 'alberto.ferrara', 'Alberto', 'Ferrara', 'DISEGNATORE AFC (ARCHITETTURA)', '2000-05-28', NULL),
(284, 33, 'gabriele.batlle', 'Gabriele Edoardo Jordi', 'Batlle', 'DISEGNATORE AFC (ARCHITETTURA)', '1998-07-18', NULL),
(285, 33, 'daniel.tonelli', 'Daniel', 'Tonelli', 'DISEGNATORE AFC (ARCHITETTURA)', '1999-12-13', NULL),
(286, 33, 'lisa.borgna', 'Lisa', 'Borgna', 'DISEGNATORE AFC (ARCHITETTURA)', '2002-01-14', NULL),
(287, 35, 'jacopo.fornera', 'Jacopo', 'Fornera', 'DISEGNATORE AFC (ARCHITETTURA)', '2000-09-07', NULL),
(288, 35, 'curzio.regazzi', 'Curzio', 'Regazzi', 'DISEGNATORE AFC (ARCHITETTURA)', '2002-11-06', NULL),
(289, 35, 'sara.casada', 'Sara', 'Casada', 'DISEGNATORE AFC (ARCHITETTURA)', '2002-01-24', NULL),
(290, 33, 'gioele.guscetti', 'Gioele', 'Guscetti', 'DISEGNATORE AFC (ARCHITETTURA)', '2002-06-12', NULL),
(291, 33, 'samuel.perini', 'Samuel', 'Perini', 'DISEGNATORE AFC (ARCHITETTURA)', '2002-09-04', NULL),
(292, 35, 'luca.taglialatela', 'Luca', 'Taglialatela', 'DISEGNATORE AFC (ARCHITETTURA)', '2002-08-14', NULL),
(293, 33, 'marcio.coelho', 'Marcio', 'Coelho Pereira', 'DISEGNATORE AFC (ARCHITETTURA)', '2002-01-05', NULL),
(294, 35, 'francesco.matozzo', 'Francesco', 'Matozzo', 'DISEGNATORE AFC (ARCHITETTURA)', '2002-05-28', NULL),
(295, 33, 'sabrina.delmenico', 'Sabrina', 'Delmenico', 'DISEGNATORE AFC (ARCHITETTURA)', '2000-07-10', NULL),
(296, 37, 'jonata.delbello', 'Jonata', 'Del Bello', 'DISEGNATORE AFC (ARCHITETTURA)', '1976-05-17', NULL),
(297, 38, 'samuele.carrozzo', 'Samuele', 'Carrozzo', 'CUOCO AFC', '2002-03-17', NULL),
(298, 38, 'ricardo.serra', 'Ricardo Jorge', 'Serra Rodrigues', 'CUOCO AFC', '2000-11-03', NULL),
(299, 38, 'daniel.tinetti', 'Daniel', 'Tinetti', 'CUOCO AFC', '1999-12-31', NULL),
(300, 38, 'luis.schumacher', 'Luis Amdedeo', 'Schumacher Motta', 'CUOCO AFC', '1999-07-31', NULL),
(301, 38, 'matthieu.dimarino', 'Matthieu', 'Di Marino', 'CUOCO AFC', '1999-04-01', NULL),
(302, 38, 'dennis.carniel', 'Dennis', 'Carniel', 'CUOCO AFC', '2001-07-30', NULL),
(303, 38, 'leonardo.andreazzi', 'Leonardo Loris', 'Andreazzi', 'CUOCO AFC', '1990-07-25', NULL),
(304, 39, 'francesco.zinna', 'Francesco', 'Zinna', 'CUOCO AFC', '1991-08-20', NULL),
(305, 40, 'yannick.marazzi', 'Yannick', 'Marazzi', 'CUOCO AFC', '1997-03-04', NULL),
(306, 40, 'nathaniel.livi', 'Nathaniel', 'Livi', 'CUOCO AFC', '1998-08-11', NULL),
(307, 39, 'nicola.blumenstein', 'Nicola', 'Blumenstein', 'CUOCO AFC', '2001-12-01', NULL),
(308, 40, 'samuel.petrarca', 'Samuel', 'Petrarca', 'CUOCO AFC', '1999-12-06', NULL),
(309, 39, 'zeno.bianchi', 'Zeno', 'Bianchi', 'CUOCO AFC', '2000-02-25', NULL),
(310, 40, 'alessandro.piria', 'Alessandro', 'Piria', 'CUOCO AFC', '2002-03-24', NULL),
(311, 39, 'pascaline.elisabeth', 'Pascaline', 'Elisabeth', 'CUOCO AFC', '2000-12-04', NULL),
(312, 40, 'riccardo.rumora', 'Riccardo', 'Rumora', 'CUOCO AFC', '2000-10-18', NULL),
(313, 39, 'stefania.bandettini', 'Stefania', 'Bandettini', 'CUOCO AFC', '1991-09-24', NULL),
(314, 39, 'martina.sigrist', 'Martina', 'Sigrist', 'CUOCO AFC', '2002-01-29', NULL),
(315, 40, 'winta.kidane', 'Winta', 'Kidane', 'CUOCO AFC', '1997-10-08', NULL),
(316, 39, 'egzon.arslani', 'Egzon', 'Arslani', 'CUOCO AFC', '1994-10-21', NULL),
(317, 40, 'matteo.privato', 'Matteo', 'Privato', 'CUOCO AFC', '1999-06-25', NULL),
(318, 39, 'annalisa.fiasconaro', 'Annalisa', 'Fiasconaro', 'CUOCO AFC', '1992-06-08', NULL),
(319, 39, 'aldo.diclo', 'Aldo', 'Diclo\'', 'CUOCO AFC', '1990-06-28', NULL),
(320, 39, 'davide.fromento', 'Davide', 'Fromento', 'CUOCO AFC', '2002-05-29', NULL),
(321, 40, 'massimo.lietti', 'Massimo', 'Lietti', 'CUOCO AFC', '2002-03-26', NULL),
(322, 39, 'niko.canonica', 'Niko', 'Canonica', 'CUOCO AFC', '2002-07-23', NULL),
(323, 39, 'giorgia.carugati', 'Giorgia', 'Carugati', 'CUOCO AFC', '2002-11-29', NULL),
(324, 40, 'alessandro.vianini', 'Alessandro', 'Vianini', 'CUOCO AFC', '2001-05-29', NULL),
(325, 40, 'andri.rocco', 'Andri', 'Rocco', 'CUOCO AFC', '2001-09-15', NULL),
(326, 39, 'valerio.ponzo', 'Valerio', 'Ponzo', 'CUOCO AFC', '2002-08-21', NULL),
(327, 39, 'lorenzo.gabaglio', 'Lorenzo', 'Gabaglio', 'CUOCO AFC', '2002-02-01', NULL),
(328, 40, 'jonathan.pizio', 'Jonathan', 'Pizio', 'CUOCO AFC', '2002-05-02', NULL),
(329, 40, 'pietro.lumia', 'Pietro', 'Lumia', 'CUOCO AFC', '2002-10-28', NULL),
(330, 39, 'gea.zanetti', 'Gea', 'Zanetti-Streccia', 'CUOCO AFC', '2000-06-01', NULL),
(331, 39, 'axel.mocchi', 'Axel', 'Mocchi', 'CUOCO AFC', '2002-09-23', NULL),
(332, 40, 'alessio.messina', 'Alessio', 'Messina', 'CUOCO AFC', '2001-11-04', NULL),
(333, 40, 'stefano.petrocchi', 'Stefano', 'Petrocchi', 'CUOCO AFC', '1999-05-11', NULL),
(334, 40, 'ryan.moro', 'Ryan', 'Moro', 'CUOCO AFC', '2002-04-27', NULL),
(335, 40, 'luca.bertarini', 'Luca', 'Bertarini', 'CUOCO AFC', '1993-11-25', NULL),
(336, 39, 'giosia.peduzzi', 'Giosia', 'Peduzzi', 'CUOCO AFC', '2000-12-20', NULL),
(337, 40, 'seyed.razavi', 'Seyed Mostafa', 'Razavi', 'CUOCO AFC', '1997-02-06', NULL),
(338, 40, 'michael.ganga', 'Michael', 'Ganga', 'CUOCO AFC', '1996-11-05', NULL),
(339, 39, 'carolyn.deluca', 'Carolyn', 'De Luca', 'CUOCO AFC', '1996-11-12', NULL),
(340, 41, 'barije.hoti', 'Barije', 'Hoti', 'IMPIEGATO D\'ECONOMIA DOMESTICA AFC', '1999-06-28', NULL),
(341, 41, 'emma.mantegani', 'Emma', 'Mantegani', 'IMPIEGATO D\'ECONOMIA DOMESTICA AFC', '1997-04-06', NULL),
(342, 41, 'denise.capelli', 'Denise', 'Capelli', 'IMPIEGATO D\'ECONOMIA DOMESTICA AFC', '1999-08-06', NULL),
(343, 41, 'elsa.mestre', 'Elsa Cristina', 'Mestre Lopes', 'IMPIEGATO D\'ECONOMIA DOMESTICA AFC', '2000-07-18', NULL),
(344, 41, 'rodas.habtu', 'Rodas', 'Habtu', 'IMPIEGATO D\'ECONOMIA DOMESTICA AFC', '1999-03-23', NULL),
(345, 41, 'melissa.siljkovic', 'Melissa', 'Siljkovic', 'IMPIEGATO D\'ECONOMIA DOMESTICA AFC', '1999-10-19', NULL),
(346, 41, 'simona.denuzzo', 'Simona', 'De Nuzzo', 'IMPIEGATO D\'ECONOMIA DOMESTICA AFC', '1999-04-28', NULL),
(347, 41, 'giulia.lopa', 'Giulia', 'Lopa', 'IMPIEGATO D\'ECONOMIA DOMESTICA AFC', '1999-03-05', NULL),
(348, 41, 'francesca.corti', 'Francesca', 'Corti', 'IMPIEGATO D\'ECONOMIA DOMESTICA AFC', '2000-01-20', NULL),
(349, 41, 'anna.ferrari', 'Anna', 'Ferrari', 'IMPIEGATO D\'ECONOMIA DOMESTICA AFC', '2000-08-31', NULL),
(350, 41, 'luca.sale', 'Luca', 'Sale', 'IMPIEGATO D\'ECONOMIA DOMESTICA AFC', '1997-08-14', NULL),
(351, 41, 'mergim.gashi', 'Mergim', 'Gashi', 'IMPIEGATO D\'ECONOMIA DOMESTICA AFC', '1994-04-27', NULL),
(352, 42, 'lia.banfi', 'Lia', 'Banfi', 'ADDETTO D\'ECONOMIA DOMESTICA CFP', '1999-05-12', NULL),
(353, 42, 'okba.berhe', 'Okba', 'Berhe', 'ADDETTO D\'ECONOMIA DOMESTICA CFP', '1984-01-01', NULL),
(354, 42, 'samantha.paniga', 'Samantha', 'Paniga', 'ADDETTO D\'ECONOMIA DOMESTICA CFP', '1999-01-10', NULL),
(355, 42, 'lavanja.karthigesu', 'Lavanja', 'Karthigesu', 'ADDETTO D\'ECONOMIA DOMESTICA CFP', '1998-05-24', NULL),
(356, 42, 'giulia.caremi', 'Giulia', 'Caremi', 'ADDETTO D\'ECONOMIA DOMESTICA CFP', '1997-09-04', NULL),
(357, 42, 'sophia.balmelli', 'Sophia', 'Balmelli', 'ADDETTO D\'ECONOMIA DOMESTICA CFP', '1999-06-06', NULL),
(358, 42, 'brhana.gheresus', 'Brhana', 'Gheresus', 'ADDETTO D\'ECONOMIA DOMESTICA CFP', '1999-09-15', NULL),
(359, 42, 'scarlet.marmol', 'Scarlet', 'Marmol Matos', 'ADDETTO D\'ECONOMIA DOMESTICA CFP', '1997-12-24', NULL),
(360, 42, 'alexa.divittorio', 'Alexa', 'Di Vittorio', 'ADDETTO D\'ECONOMIA DOMESTICA CFP', '1998-07-17', NULL),
(361, 42, 'milica.pantic', 'Milica', 'Pantic', 'ADDETTO D\'ECONOMIA DOMESTICA CFP', '1997-05-27', NULL),
(362, 42, 'gloria.dacunha', 'Gloria', 'Da Cunha Figueiredo', 'ADDETTO D\'ECONOMIA DOMESTICA CFP', '1998-12-15', NULL),
(363, 43, 'jonas.hefti', 'Jonas', 'Hefti', 'TECNOLOGO DI CHIMICA E CHIMICA FARMACEUTICA AFC (TECNOLOGIA FARMACEUTICA)', '2002-01-27', NULL),
(364, 44, 'fabio.tonini', 'Fabio', 'Tonini', 'TECNOLOGO DI CHIMICA E CHIMICA FARMACEUTICA AFC (TECNOLOGIA CHIMICA)', '2001-10-19', NULL),
(365, 43, 'timothy.mosconi', 'Timothy', 'Mosconi', 'TECNOLOGO DI CHIMICA E CHIMICA FARMACEUTICA AFC ', '2000-04-28', NULL),
(366, 43, 'gioele.plebani', 'Gioele', 'Plebani', 'TECNOLOGO DI CHIMICA E CHIMICA FARMACEUTICA AFC (TECNOLOGIA FARMACEUTICA)', '2002-12-04', NULL),
(367, 44, 'luke.luminati', 'Luke', 'Luminati', 'TECNOLOGO DI CHIMICA E CHIMICA FARMACEUTICA AFC (TECNOLOGIA CHIMICA)', '2001-11-01', NULL),
(368, 45, 'anny.domenici', 'Anny', 'Domenici', 'TECNICO ALIMENTARISTA AFC', '2002-09-24', NULL),
(369, 45, 'valentino.vacchini', 'Valentino', 'Vacchini', 'TECNICO ALIMENTARISTA AFC', '1999-04-16', NULL),
(370, 46, 'mateo.fernandes', 'Mateo', 'Fernandes Cardoso', 'SPAZZACAMINO AFC', '1999-12-29', NULL),
(371, 46, 'davide.fieramosca', 'Davide', 'Fieramosca', 'SPAZZACAMINO AFC', '1986-12-10', NULL),
(372, 46, 'tiago.monteiro', 'Tiago Gilberto', 'Monteiro Lopes', 'SPAZZACAMINO AFC', '2001-05-13', NULL),
(373, 46, 'gianpiero.medda', 'Gianpiero', 'Medda', 'SPAZZACAMINO AFC', '1977-12-12', NULL),
(374, 46, 'alberto.morosin', 'Alberto', 'Morosin', 'SPAZZACAMINO AFC', '1994-09-09', NULL),
(375, 46, 'claudio.pellegrinell', 'Claudio Danilo', 'Pellegrinelli', 'SPAZZACAMINO AFC', '1986-09-02', NULL),
(376, 47, 'augusto.pestoni', 'Augusto', 'Pestoni', 'RICICLATORE AFC', '1984-01-25', NULL),
(377, 47, 'michael.lanza', 'Michael', 'Lanza', 'RICICLATORE AFC', '1999-08-24', NULL),
(378, 47, 'ivo.bazzanella', 'Ivo', 'Bazzanella', 'RICICLATORE AFC', '2002-04-04', NULL),
(379, 47, 'edison.cetinaj', 'Edison Sali', 'Cetinaj', 'RICICLATORE AFC', '2001-06-02', NULL),
(380, 48, 'marco.poggiani', 'Marco', 'Poggiani', 'PROGETTISTA NELLA TECNICA DELLA COSTRUZIONE IMPIANTI SANITARI AFC ', '1993-08-18', NULL),
(381, 49, 'gabriel.gomes', 'Gabriel Thunay', 'Gomes De Souza', 'PROGETTISTA NELLA TECNICA DELLA COSTRUZIONE RISCALDAMENTO AFC', '1999-05-18', NULL),
(382, 49, 'ilija.kovacev', 'Ilija', 'Kovacev', 'PROGETTISTA NELLA TECNICA DELLA COSTRUZIONE RISCALDAMENTO AFC', '2002-08-25', NULL),
(383, 49, 'dennis.russello', 'Dennis', 'Russello', 'PROGETTISTA NELLA TECNICA DELLA COSTRUZIONE RISCALDAMENTO AFC', '2002-07-31', NULL),
(384, 49, 'alessandro.foiada', 'Alessandro', 'Foiada', 'PROGETTISTA NELLA TECNICA DELLA COSTRUZIONE RISCALDAMENTO AFC', '1999-03-03', NULL),
(385, 50, 'raulin.rosario', 'Raulin Miguel', 'Rosario Mañon', 'MACELLAIO-SALUMIERE AFC', '1999-02-24', NULL),
(386, 50, 'romano.gallizia', 'Romano', 'Gallizia', 'MACELLAIO-SALUMIERE AFC', '2001-03-17', NULL),
(387, 50, 'mirko.copes', 'Mirko', 'Copes', 'MACELLAIO-SALUMIERE AFC', '2001-12-21', NULL),
(388, 50, 'gabriel.yacoub', 'Gabriel', 'Yacoub', 'MACELLAIO-SALUMIERE AFC', '2002-03-28', NULL),
(389, 50, 'fernando.berni', 'Fernando Luigi Rocco', 'Berni', 'MACELLAIO-SALUMIERE AFC', '2000-02-16', NULL),
(390, 50, 'francesco.modini', 'Francesco', 'Modini', 'MACELLAIO-SALUMIERE AFC', '1999-08-04', NULL),
(391, 50, 'davide.crameri', 'Davide', 'Crameri', 'MACELLAIO-SALUMIERE AFC', '1997-11-15', NULL),
(392, 50, 'samoafialaa.anesi', 'Samoafialaa', 'Anesi', 'MACELLAIO-SALUMIERE AFC', '1993-09-07', NULL),
(393, 51, 'yangsi.nangdrong', 'Yangsi', 'Nangdrong', 'ADDETTO D\'ALBERGO CFP', '1986-01-03', NULL),
(394, 51, 'luisa.deoliveira', 'Luisa Alexandra', 'De Oliveira Santos', 'ADDETTO D\'ALBERGO CFP', '1989-01-03', NULL),
(395, 52, 'mattia.vigani', 'Mattia', 'Vigani', 'TECNICO DIPLOMATO SSS IN CONDUZIONE DI LAVORI EDILI', '1981-11-18', NULL),
(396, 52, 'valerio.magnani', 'Valerio', 'Magnani', 'TECNICO DIPLOMATO SSS IN CONDUZIONE DI LAVORI EDILI', '1983-09-06', NULL),
(397, 52, 'giorgio.gatti', 'Giorgio', 'Gatti', 'TECNICO DIPLOMATO SSS IN CONDUZIONE DI LAVORI EDILI', '1994-07-20', NULL),
(398, 52, 'elena.meneghelli', 'Elena', 'Meneghelli', 'TECNICA DIPLOMATA SSS IN CONDUZIONE DI LAVORI EDILI', '1991-09-21', NULL),
(399, 52, 'simone.pianca', 'Simone', 'Pianca', 'TECNICO DIPLOMATO SSS IN CONDUZIONE DI LAVORI EDILI', '1990-06-19', NULL),
(400, 52, 'johnny.bruschetti', 'Johnny', 'Bruschetti', 'TECNICO DIPLOMATO SSS IN CONDUZIONE DI LAVORI EDILI', '1983-09-11', NULL),
(401, 52, 'laura.dematteis', 'Laura', 'De Matteis', 'TECNICA DIPLOMATA SSS IN CONDUZIONE DI LAVORI EDILI', '1996-07-03', NULL),
(402, 52, 'giona.beroggi', 'Giona', 'Beroggi', 'TECNICO DIPLOMATO SSS IN CONDUZIONE DI LAVORI EDILI', '1997-05-04', NULL),
(403, 52, 'nicola.sirianni', 'Nicola', 'Sirianni', 'TECNICO DIPLOMATO SSS IN CONDUZIONE DI LAVORI EDILI', '1996-06-27', NULL),
(404, 52, 'jody.pierini', 'Jody', 'Pierini', 'TECNICO DIPLOMATO SSS IN CONDUZIONE DI LAVORI EDILI', '1998-05-19', NULL),
(405, 52, 'nicola.rizzo', 'Nicola', 'Rizzo', 'TECNICO DIPLOMATO SSS IN CONDUZIONE DI LAVORI EDILI', '1970-03-05', NULL),
(406, 52, 'jonas.cortinovis', 'Jonas', 'Cortinovis', 'TECNICO DIPLOMATO SSS IN CONDUZIONE DI LAVORI EDILI', '1996-02-21', NULL),
(407, 52, 'mirko.campana', 'Mirko', 'Campana', 'TECNICO DIPLOMATO SSS IN CONDUZIONE DI LAVORI EDILI', '1996-01-19', NULL),
(408, 52, 'martino.venturini', 'Martino', 'Venturini', 'TECNICO DIPLOMATO SSS IN CONDUZIONE DI LAVORI EDILI', '1994-02-09', NULL),
(409, 52, 'gianluca.franco', 'Gianluca', 'Franco', 'TECNICO DIPLOMATO SSS IN CONDUZIONE DI LAVORI EDILI', '1994-03-25', NULL),
(410, 53, 'giona.cereghetti', 'Giona', 'Cereghetti', 'ELETTRONICO MULTIMEDIALE AFC', '2002-08-30', NULL),
(411, 53, 'serenella.maglio', 'Serenella', 'Maglio', 'IMPIEGATO D\'ECONOMIA DOMESTICA AFC', '1997-01-22', NULL),
(412, 53, 'eloïse.jam', 'Eloïse', 'Jam', 'IMPIEGATO D\'ECONOMIA DOMESTICA AFC', '1998-07-20', NULL),
(413, 53, 'davide.conte', 'Davide', 'Conte', 'ELETTRONICO MULTIMEDIALE AFC', '2002-10-27', NULL),
(414, 53, 'flora.giger', 'Flora', 'Giger', 'IMPIEGATO D\'ECONOMIA DOMESTICA AFC', '2002-12-11', NULL),
(415, 53, 'nadir.monighetti', 'Nadir', 'Monighetti', 'ELETTRONICO MULTIMEDIALE AFC', '2000-02-08', NULL),
(416, 53, 'andrea.galli', 'Andrea', 'Galli', 'ELETTRONICO MULTIMEDIALE AFC', '2001-10-02', NULL),
(417, 54, 'joice.donascimento', 'Joice Maria', 'Do Nascimento', 'AGENTE TECNICO DI MATERIE SINTETICHE AFC ', '1997-12-29', NULL),
(418, 55, 'sahin.yetimova', 'Sahin', 'Yetimova', 'LABORATORISTA AFC (BIOLOGIA)', '1997-08-22', NULL),
(419, 55, 'simone.frigerio', 'Simone', 'Frigerio', 'PROGETTISTA MECCANICO AFC', '1997-06-14', NULL),
(420, 55, 'maria.defernex', 'Maria', 'de Fernex', 'CUOCO AFC', '1996-01-04', NULL),
(421, 55, 'kevin.truaisch', 'Kevin', 'Truaisch', 'DISEGNATORE AFC (ARCHITETTURA)', '1996-01-06', NULL),
(422, 55, 'luca.dalmagro', 'Luca', 'Dal Magro', 'GEOMATICO AFC', '1996-04-04', NULL),
(423, 55, 'sergio.muggiasca', 'Sergio Aurelio', 'Muggiasca', 'CUOCO AFC', '1999-01-16', NULL),
(424, 55, 'luca.lamberti', 'Luca', 'Lamberti', ' MECCANICO DI MANUTENZIONE PER AUTOMOBILI AFC (VEICOLI LEGGERI)', '1999-11-12', NULL),
(425, 55, 'paolo.allemann', 'Paolo Romeo', 'Allemann', 'IMPIEGATO IN LOGISTICA AFC', '1995-07-09', NULL),
(426, 55, 'nayana.garganigo', 'Nayana', 'Garganigo', 'PANETTIERE-PASTICCIERE-CONFETTIERE AFC', '1999-08-16', NULL),
(427, 55, 'fabio.ballerini', 'Fabio', 'Ballerini', 'OTTICO AFC', '1998-07-22', NULL),
(428, 55, 'paolo.michel', 'Paolo', 'Michel', 'INSTALLATORE DI SISTEMI DI REFRIGERAZIONE AFC', '1998-05-16', NULL),
(429, 55, 'elia.guerini', 'Elia', 'Guerini', 'POLIMECCANICO AFC ', '1997-10-10', NULL),
(430, 55, 'simone.tunesi', 'Simone', 'Tunesi', 'DISEGNATORE AFC (INGEGNERIA CIVILE)', '1998-07-03', NULL),
(431, 55, 'valeria.dellabadia', 'Valeria', 'Della Badia', 'DISEGNATORE AFC (ARCHITETTURA)', '1995-02-25', NULL),
(432, 56, 'elia.tettamanti', 'Elia', 'Tettamanti', 'CANTINIERE AFC', '1996-12-15', NULL),
(433, 56, 'giorgio.dimartino', 'Giorgio', 'Di Martino', 'SELVICOLTORE AFC', '1997-06-07', NULL),
(434, 56, 'leonardo.brenchio', 'Leonardo', 'Brenchio', 'GIARDINIERE AFC (PAESAGGISMO)', '1997-08-20', NULL),
(435, 56, 'alessandro.trombini', 'Alessandro', 'Trombini', 'CUOCO AFC', '1996-02-04', NULL),
(436, 57, 'barbara.vezzoli', 'Barbara', 'Vezzoli', '49207 - OROLOGIAIO DI PRODUZIONE AFC', '1975-05-17', NULL),
(437, 57, 'gabriele.manfredi', 'Gabriele', 'Manfredi', 'OROLOGIAIO DI PRODUZIONE AFC', '1999-11-09', NULL),
(438, 58, 'giulia.imperatori', 'Giulia', 'Imperatori', 'DISEGNATORE AFC (ARCHITETTURA)', '1999-07-15', NULL),
(439, 58, 'virginia.celesia', 'Virginia', 'Celesia', 'DISEGNATORE AFC (ARCHITETTURA)', '2001-10-24', NULL),
(440, 58, 'jennifer.rocca', 'Jennifer', 'Rocca', 'DISEGNATORE AFC (ARCHITETTURA)', '2001-12-05', NULL),
(441, 58, 'tomas.suhner', 'Tomas', 'Suhner', 'DISEGNATORE AFC (ARCHITETTURA)', '2001-01-22', NULL),
(442, 60, 'wendel.delima', 'Wendel', 'De Lima Vergne', 'DISEGNATORE AFC (ARCHITETTURA)', '1998-06-04', NULL),
(443, 60, 'vincenzo.fazio', 'Vincenzo', 'Fazio', 'DISEGNATORE AFC (ARCHITETTURA)', '2001-01-11', NULL),
(444, 58, 'joel.minorini', 'Joel', 'Minorini', 'DISEGNATORE AFC (ARCHITETTURA)', '1997-07-14', NULL),
(445, 58, 'riccardo.vitiello', 'Riccardo', 'Vitiello', 'DISEGNATORE AFC (ARCHITETTURA)', '2000-10-21', NULL),
(446, 60, 'noah.meola', 'Noah', 'Meola', 'DISEGNATORE AFC (ARCHITETTURA)', '2000-07-18', NULL),
(447, 58, 'raffaele.crameri', 'Raffaele', 'Crameri', 'DISEGNATORE AFC (ARCHITETTURA)', '2001-08-08', NULL),
(448, 58, 'lea.balmelli', 'Lea', 'Balmelli', 'DISEGNATORE AFC (ARCHITETTURA)', '1998-04-30', NULL),
(449, 60, 'stefano.dotesio', 'Stefano', 'Dotesio', 'DISEGNATORE AFC (ARCHITETTURA)', '2000-06-19', NULL),
(450, 60, 'thomas.albini', 'Thomas', 'Albini', 'DISEGNATORE AFC (ARCHITETTURA)', '2001-11-01', NULL),
(451, 60, 'fabio.sassella', 'Fabio', 'Sassella', 'DISEGNATORE AFC (ARCHITETTURA)', '1978-06-02', NULL),
(452, 58, 'william.haugaard', 'William', 'Haugaard', 'DISEGNATORE AFC (ARCHITETTURA)', '1998-05-18', NULL),
(453, 58, 'paat.vonallmen', 'Paat', 'Von Allmen', 'DISEGNATORE AFC (ARCHITETTURA)', '2001-09-01', NULL),
(454, 61, 'teoroso.baltazar', 'Teoroso Pablo Antonio', 'Baltazar', 'TECNOLOGO DI CHIMICA E CHIMICA FARMACEUTICA AFC (BIOTECNOLOGIA)', '1997-12-21', NULL),
(455, 63, 'demian.indaco', 'Demian', 'Indaco', 'Policostruttore afc (sistemi per la protezione solare)', '2000-12-28', NULL),
(456, 64, 'eric.fratessa', 'Eric', 'Fratessa', 'Macellaio-salumiere afc', '1994-09-26', NULL),
(457, 64, 'daniele.marchesi', 'Daniele', 'Marchesi', 'Macellaio-salumiere afc', '1998-02-10', NULL),
(458, 64, 'riccardo.sinigaglia', 'Riccardo', 'Sinigaglia', 'Macellaio-salumiere afc', '2001-12-19', NULL),
(459, 64, 'stefano.matti', 'Stefano', 'Matti', 'Macellaio-salumiere afc', '1998-12-19', NULL),
(460, 64, 'linus.ombelli', 'Linus', 'Ombelli', 'Macellaio-salumiere afc', '2001-05-26', NULL),
(461, 64, 'matteo.chiesa', 'Matteo Davide', 'Chiesa', 'Macellaio-salumiere afc', '2000-03-22', NULL),
(462, 64, 'michele.dolci', 'Michele Aquino', 'Dolci', 'Macellaio-salumiere afc', '2001-07-09', NULL),
(463, 64, 'mauro.femminis', 'Mauro', 'Femminis', 'Macellaio-salumiere afc', '1999-10-21', NULL),
(464, 58, 'mattia.cattaneo', 'Mattia', 'Cattaneo', 'GEOMATICO AFC', '1999-01-17', NULL),
(465, 60, 'joedaniel.azucena', 'Joe Daniel', 'Azucena', 'GEOMATICO AFC', '2001-03-15', NULL),
(466, 60, 'simone.ferrari', 'Simone', 'Ferrari', 'GEOMATICO AFC', '2000-10-11', NULL),
(467, 58, 'gioele.david', 'Gioele', 'David', 'GEOMATICO AFC', '2001-04-13', NULL),
(468, 58, 'alex.burà', 'Alex', 'Burà', 'GEOMATICO AFC', '2001-06-06', NULL),
(469, 60, 'matteo.zoppi', 'Matteo', 'Zoppi', 'DISEGNATORE AFC (PIANIFICAZIONE DEL TERRITORIO)', '1999-09-12', NULL),
(470, 67, 'nadir.ibnorida', 'Nadir', 'Ibnorida', 'ADDETTO DI CUCINA CFP', '1998-04-22', NULL),
(471, 67, 'thiago.faria', 'Thiago', 'Faria Da Rocha', 'ADDETTO DI CUCINA CFP', '1998-04-04', NULL),
(472, 67, 'giorgia.sulmoni', 'Giorgia', 'Sulmoni', 'ADDETTO DI CUCINA CFP', '2000-05-03', NULL),
(473, 67, 'andrea.digrazia', 'Andrea', 'di Grazia', 'ADDETTO DI CUCINA CFP', '1999-10-02', NULL),
(474, 67, 'simone.arberi', 'Simone', 'Arberi', 'ADDETTO DI CUCINA CFP', '1992-03-26', NULL),
(475, 67, 'nauroz.salihi', 'Nauroz', 'Salihi', 'ADDETTO DI CUCINA CFP', '1994-01-01', NULL),
(476, 67, 'jessica.iglesias', 'Jessica Nicole', 'Iglesias Rodriguez', 'ADDETTO DI CUCINA CFP', '2001-10-28', NULL),
(477, 68, 'marco.bolis', 'Marco', 'Bolis', 'ADDETTO DI CUCINA CFP', '1998-07-05', NULL),
(478, 68, 'francesco.signorelli', 'Francesco', 'Signorelli', 'ADDETTO DI CUCINA CFP', '2000-01-27', NULL),
(479, 68, 'cecilia.belgeri', 'Cecilia Myriam Marisa', 'Belgeri', 'ADDETTO DI CUCINA CFP', '1999-01-07', NULL),
(480, 67, 'luca.sangiorgio', 'Luca', 'Sangiorgio', 'ADDETTO DI CUCINA CFP', '2001-04-11', NULL),
(481, 69, 'anton.kuzevych', 'Anton', 'Kuzevych', 'ELETTRONICO MULTIMEDIALE AFC', '1997-01-31', NULL),
(482, 69, 'jason.montefiore', 'Jason', 'Montefiore', 'ELETTRONICO MULTIMEDIALE AFC', '2001-02-13', NULL),
(483, 69, 'alessandro.lombardi', 'Alessandro', 'Lombardi', 'ELETTRONICO MULTIMEDIALE AFC', '2001-09-20', NULL),
(484, 69, 'andré.gomez', 'André', 'Gomez', 'ELETTRONICO MULTIMEDIALE AFC', '2001-04-22', NULL),
(485, 69, 'timothy.forni', 'Timothy', 'Forni', 'ELETTRONICO MULTIMEDIALE AFC', '2000-11-29', NULL),
(486, 69, 'francesco.pereira', 'Francesco Antonio', 'Pereira De Filippis', 'ELETTRONICO MULTIMEDIALE AFC', '2000-12-07', NULL),
(487, 69, 'alhakim.zala', 'Al Hakim', 'Zala', 'ELETTRONICO MULTIMEDIALE AFC', '1999-10-25', NULL);
INSERT INTO `allievi` (`id`, `id_classe`, `username`, `nome`, `cognome`, `professione`, `nascita`, `remember_token`) VALUES
(488, 70, 'alessandro.cozzi', 'Alessandro', 'Cozzi', 'ELETTRONICO MULTIMEDIALE AFC', '2001-03-12', NULL),
(489, 70, 'aaron.arrigo', 'Aaron', 'Arrigo', 'ELETTRONICO MULTIMEDIALE AFC', '2000-12-18', NULL),
(490, 70, 'cecilia.bortoluzzi', 'Cecilia', 'Bortoluzzi', 'ELETTRONICO MULTIMEDIALE AFC', '2001-09-24', NULL),
(491, 70, 'diego.osele', 'Diego', 'Osele', 'ELETTRONICO MULTIMEDIALE AFC', '2001-08-02', NULL),
(492, 69, 'dominic.viviani', 'Dominic', 'Viviani', 'ELETTRONICO MULTIMEDIALE AFC', '2000-07-15', NULL),
(493, 70, 'mauro.manzocchi', 'Mauro Gabriele', 'Manzocchi', 'ELETTRONICO MULTIMEDIALE AFC', '2001-03-19', NULL),
(494, 70, 'simone.pedrazzi', 'Simone', 'Pedrazzi', 'ELETTRONICO MULTIMEDIALE AFC', '2001-07-31', NULL),
(495, 70, 'edoardo.tonello', 'Edoardo Cesare', 'Tonello', 'ELETTRONICO MULTIMEDIALE AFC', '2001-11-20', NULL),
(496, 63, 'samuele.giovannacci', 'Samuele', 'Giovannacci', 'Policostruttore afc (costruzione di facciate)', '1999-03-01', NULL),
(497, 63, 'massimiliano.vergura', 'Massimiliano', 'Vergura', 'Policostruttore afc (costruzione di facciate)', '1990-08-01', NULL),
(498, 63, 'riccardo.desandre', 'Riccardo', 'De Sandre', 'Policostruttore afc (costruzione di facciate)', '1984-10-18', NULL),
(499, 71, 'massimiliano.conrad', 'Massimiliano', 'Conrad', 'ODONTOTECNICO AFC', '1972-03-03', NULL),
(500, 72, 'gabriele.alessi', 'Gabriele', 'Alessi', 'INFORMATICO AFC (INFORMATICA AZIENDALE)', '2002-01-24', NULL),
(501, 72, 'giulio.bosco', 'Giulio', 'Bosco', 'INFORMATICO AFC (INFORMATICA AZIENDALE)', '2001-05-26', NULL),
(502, 72, 'filip.nikolic', 'Filip', 'Nikolic', 'INFORMATICO AFC (INFORMATICA AZIENDALE)', '2000-09-23', NULL),
(503, 72, 'jari.naeser', 'Jari', 'Naeser', 'INFORMATICO AFC (INFORMATICA AZIENDALE)', '2001-10-24', NULL),
(504, 72, 'paolo.gübeli', 'Paolo', 'Gübeli', 'INFORMATICO AFC (INFORMATICA AZIENDALE)', '2001-10-24', NULL),
(505, 72, 'matan.davidi', 'Matan', 'Davidi', 'INFORMATICO AFC (INFORMATICA AZIENDALE)', '2000-12-04', NULL),
(506, 73, 'peter.catania', 'Peter', 'Catania', 'INFORMATICO AFC (INFORMATICA AZIENDALE)', '2000-10-21', 'rwLXyjh7Tngy21VV3HECBk5HyiFCSGAQ2dr4bh48ES2HWi1JM25KMH4vBE7z'),
(507, 72, 'jelmer.denelzen', 'Jelmer', 'Den Elzen', 'INFORMATICO AFC (INFORMATICA AZIENDALE)', '2000-09-29', NULL),
(508, 73, 'luca.dibello', 'Luca', 'Di Bello', 'INFORMATICO AFC (INFORMATICA AZIENDALE)', '2001-10-25', NULL),
(509, 73, 'tristan.cambrini', 'Tristan', 'Cambrini', 'INFORMATICO AFC (INFORMATICA AZIENDALE)', '2001-10-03', NULL),
(510, 73, 'paolo.weishaupt', 'Paolo Claudio', 'Weishaupt', 'INFORMATICO AFC (INFORMATICA AZIENDALE)', '1999-05-22', NULL),
(511, 73, 'mattia.toscanelli', 'Mattia', 'Toscanelli', 'INFORMATICO AFC (INFORMATICA AZIENDALE)', '2001-03-25', NULL),
(512, 73, 'carlo.pezzotti', 'Carlo', 'Pezzotti', 'INFORMATICO AFC (INFORMATICA AZIENDALE)', '2001-12-01', NULL),
(513, 73, 'filippo.finke', 'Filippo', 'Finke', 'INFORMATICO AFC (INFORMATICA AZIENDALE)', '2001-12-22', NULL),
(514, 73, 'mattia.lazzaroni', 'Mattia', 'Lazzaroni', 'INFORMATICO AFC (INFORMATICA AZIENDALE)', '2001-10-12', NULL),
(515, 73, 'fadil.smajilbasic', 'Fadil', 'Smajilbasic', 'INFORMATICO AFC (INFORMATICA AZIENDALE)', '2001-09-11', NULL),
(516, 74, 'loris.zandonà', 'Loris', 'Zandonà', 'INFORMATICO AFC (INFORMATICA AZIENDALE)', '2001-04-23', NULL),
(517, 74, 'matteo.ghilardini', 'Matteo', 'Ghilardini', 'INFORMATICO AFC (INFORMATICA AZIENDALE)', '2000-08-19', NULL),
(518, 74, 'michele.tomyslak', 'Michele', 'Tomyslak', 'INFORMATICO AFC (INFORMATICA AZIENDALE)', '2000-02-27', NULL),
(519, 74, 'andrea.rauso', 'Andrea', 'Rauso', 'INFORMATICO AFC (INFORMATICA AZIENDALE)', '2001-02-08', NULL),
(520, 75, 'mattia.ruberto', 'Mattia', 'Ruberto', 'INFORMATICO AFC (INFORMATICA AZIENDALE)', '2001-04-11', NULL),
(521, 75, 'matteo.forni', 'Matteo', 'Forni', 'INFORMATICO AFC (INFORMATICA AZIENDALE)', '2001-03-02', NULL),
(522, 75, 'bryan.beffa', 'Bryan', 'Beffa', 'INFORMATICO AFC (INFORMATICA AZIENDALE)', '1999-02-20', NULL),
(523, 75, 'thor.düblin', 'Thor', 'Düblin', 'INFORMATICO AFC (INFORMATICA AZIENDALE)', '2000-03-06', NULL),
(524, 76, 'anastasia.fontana', 'Anastasia', 'Fontana', 'DISEGNATORE AFC (ARCHITETTURA)', '2001-09-29', NULL),
(525, 76, 'fabrizio.koch', 'Fabrizio Gian Luca', 'Koch', 'DISEGNATORE AFC (ARCHITETTURA)', '2001-03-22', NULL),
(526, 76, 'michel.herrera', 'Michel Tule', 'Herrera Alvarado', 'DISEGNATORE AFC (INGEGNERIA CIVILE)', '2000-12-30', NULL),
(527, 76, 'damiano.larussa', 'Damiano', 'La Russa', 'DISEGNATORE AFC (INGEGNERIA CIVILE)', '2001-07-26', NULL),
(528, 76, 'emanuele.tulipani', 'Emanuele', 'Tulipani', 'DISEGNATORE AFC (ARCHITETTURA)', '2001-11-06', NULL),
(529, 76, 'mariam.kauffman', 'Mariam', 'Kauffman', 'DISEGNATORE AFC (ARCHITETTURA)', '2001-02-17', NULL),
(530, 76, 'gionata.jörg', 'Gionata', 'Jörg', 'DISEGNATORE AFC (INGEGNERIA CIVILE)', '2001-12-04', NULL),
(531, 76, 'alessia.berta', 'Alessia', 'Berta', 'DISEGNATORE AFC (INGEGNERIA CIVILE)', '2001-12-07', NULL),
(532, 76, 'andrea.careddu', 'Andrea', 'Careddu', 'DISEGNATORE AFC (INGEGNERIA CIVILE)', '2001-12-25', NULL),
(533, 76, 'alain.gallacchi', 'Alain', 'Gallacchi', 'DISEGNATORE AFC (INGEGNERIA CIVILE)', '2001-04-30', NULL),
(534, 76, 'filippo.belometti', 'Filippo', 'Belometti', 'DISEGNATORE AFC (ARCHITETTURA)', '2001-10-25', NULL),
(535, 77, 'angelo.paolicelli', 'Angelo', 'Paolicelli', 'DISEGNATORE AFC (INGEGNERIA CIVILE)', '2001-12-21', NULL),
(536, 77, 'giovanni.romano', 'Giovanni', 'Romano', 'DISEGNATORE AFC (ARCHITETTURA)', '1999-02-23', NULL),
(537, 77, 'elia.rusconi', 'Elia', 'Rusconi', 'DISEGNATORE AFC (ARCHITETTURA)', '1999-07-19', NULL),
(538, 77, 'matteo.pedroia', 'Matteo', 'Pedroia', 'DISEGNATORE AFC (ARCHITETTURA)', '2001-03-10', NULL),
(539, 77, 'davide.lentschik', 'Davide', 'Lentschik', 'DISEGNATORE AFC (INGEGNERIA CIVILE)', '2000-11-23', NULL),
(540, 77, 'lisa.tajana', 'Lisa', 'Tajana', 'DISEGNATORE AFC (ARCHITETTURA)', '2001-02-19', NULL),
(541, 77, 'dejan.stanojevic', 'Dejan', 'Stanojevic', 'DISEGNATORE AFC (INGEGNERIA CIVILE)', '2001-03-04', NULL),
(542, 77, 'marvin.rossi', 'Marvin', 'Rossi', 'DISEGNATORE AFC (INGEGNERIA CIVILE)', '2001-05-25', NULL),
(543, 77, 'cristina.corti', 'Cristina', 'Corti', 'DISEGNATORE AFC (ARCHITETTURA)', '1999-07-27', NULL),
(544, 63, 'jose.lopez', 'Jose Alejandro', 'Lopez Cepeda', 'Policostruttore afc (impermeabilizzazione)', '1983-06-15', NULL),
(545, 78, 'sudarat.mordasini', 'Sudarat', 'Mordasini', 'LABORATORISTA AFC (BIOLOGIA)', '2000-01-29', NULL),
(546, 78, 'alessandro.manserra', 'Alessandro', 'Manserra', 'LABORATORISTA AFC (BIOLOGIA)', '2001-04-30', NULL),
(547, 78, 'matteo.ravani', 'Matteo', 'Ravani', 'LABORATORISTA AFC (BIOLOGIA)', '2001-11-23', NULL),
(548, 78, 'zoe.rinaldi', 'Zoe', 'Rinaldi', 'LABORATORISTA AFC (BIOLOGIA)', '2001-02-12', NULL),
(549, 78, 'gaia.hurle', 'Gaia', 'Hurle', 'LABORATORISTA AFC (BIOLOGIA)', '2000-12-12', NULL),
(550, 78, 'riccardo.hefti', 'Riccardo', 'Hefti', 'LABORATORISTA AFC (BIOLOGIA)', '1999-04-11', NULL),
(551, 78, 'enea.petralli', 'Enea', 'Petralli', 'LABORATORISTA AFC (BIOLOGIA)', '1999-10-23', NULL),
(552, 79, 'andrea.tavasci', 'Andrea', 'Tavasci', 'LABORATORISTA AFC (BIOLOGIA)', '1993-09-10', NULL),
(553, 80, 'gabriele.delcurto', 'Gabriele', 'Del Curto', 'PROGETTISTA NELLA TECNICA DELLA COSTRUZIONE RISCALDAMENTO AFC', '1981-05-11', NULL),
(554, 80, 'myriam.damico', 'Myriam', 'D\'Amico', 'PROGETTISTA NELLA TECNICA DELLA COSTRUZIONE RISCALDAMENTO AFC', '1991-05-08', NULL),
(555, 80, 'isaac.zulian', 'Isaac', 'Zulian', 'PROGETTISTA NELLA TECNICA DELLA COSTRUZIONE RISCALDAMENTO AFC', '1997-10-04', NULL),
(556, 80, 'florian.promutico', 'Florian', 'Promutico', 'PROGETTISTA NELLA TECNICA DELLA COSTRUZIONE RISCALDAMENTO AFC', '1993-08-13', NULL),
(557, 80, 'asish.belotti', 'Asish', 'Belotti', 'PROGETTISTA NELLA TECNICA DELLA COSTRUZIONE RISCALDAMENTO AFC', '2001-03-31', NULL),
(558, 80, 'luigino.romeo', 'Luigino', 'Romeo', 'PROGETTISTA NELLA TECNICA DELLA COSTRUZIONE RISCALDAMENTO AFC', '1970-09-03', NULL),
(559, 80, 'marco.desalve', 'Marco', 'De Salve', 'PROGETTISTA NELLA TECNICA DELLA COSTRUZIONE RISCALDAMENTO AFC', '1977-01-05', NULL),
(560, 80, 'noemi.martinenghi', 'Noemi Pierina', 'Martinenghi', 'PROGETTISTA NELLA TECNICA DELLA COSTRUZIONE RISCALDAMENTO AFC', '2001-05-18', NULL),
(561, 80, 'alexander.grevtsov', 'Alexander', 'Grevtsov', 'PROGETTISTA NELLA TECNICA DELLA COSTRUZIONE RISCALDAMENTO AFC', '1996-04-02', NULL),
(562, 81, 'jordan.ruzzenenti', 'Jordan', 'Ruzzenenti', 'PITTORE AFC', '1997-07-17', NULL),
(563, 81, 'miki.mirchev', 'Miki', 'Mirchev', 'PITTORE AFC', '1997-10-23', NULL),
(564, 81, 'romina.heis', 'Romina', 'Heis', 'PITTORE AFC', '1998-01-26', NULL),
(565, 82, 'loris.curti', 'Loris', 'Curti', 'PITTORE AFC', '1998-11-25', NULL),
(566, 82, 'luca.bettoli', 'Luca', 'Bettoli', 'PITTORE AFC', '2001-04-25', NULL),
(567, 82, 'simone.mazzara', 'Simone', 'Mazzara', 'PITTORE AFC', '2000-03-22', NULL),
(568, 82, 'antonio.das', 'Antonio', 'Das', 'PITTORE AFC', '1998-10-31', NULL),
(569, 82, 'thomas.rezzadore', 'Thomas', 'Rezzadore', 'PITTORE AFC', '2000-07-27', NULL),
(570, 82, 'davide.fontana', 'Davide', 'Fontana', 'PITTORE AFC', '1997-12-17', NULL),
(571, 82, 'alberto.butti', 'Alberto', 'Butti', 'PITTORE AFC', '1999-02-14', NULL),
(572, 82, 'ivan.parravicini', 'Ivan', 'Parravicini', 'PITTORE AFC', '2000-04-28', NULL),
(573, 82, 'francesco.vari', 'Francesco', 'Varì', 'PITTORE AFC', '1997-08-14', NULL),
(574, 82, 'pietro.saporito', 'Pietro', 'Saporito', 'PITTORE AFC', '2001-01-29', NULL),
(575, 82, 'daniel.incontro', 'Daniel', 'Incontro', 'PITTORE AFC', '1992-04-20', NULL),
(576, 82, 'diogo.borradori', 'Diogo', 'Borradori', 'PITTORE AFC', '1994-11-18', NULL),
(577, 82, 'alessandro.streppara', 'Alessandro', 'Strepparava', 'PITTORE AFC', '2000-12-29', NULL),
(578, 82, 'leonardo.gashi', 'Leonardo', 'Gashi', 'PITTORE AFC', '1995-10-13', NULL),
(579, 82, 'stefano.ricetti', 'Stefano Antonio', 'Ricetti', 'PITTORE AFC', '2000-01-07', NULL),
(580, 82, 'jonas.blumenthal', 'Jonas', 'Blumenthal', 'PITTORE AFC', '1998-12-12', NULL),
(581, 81, 'pascal.blandino', 'Pascal', 'Blandino', 'PITTORE AFC', '2000-10-13', NULL),
(582, 81, 'besart.alitaj', 'Besart', 'Alitaj', 'PITTORE AFC', '2000-07-25', NULL),
(583, 81, 'andrea.broglio', 'Andrea', 'Broglio', 'PITTORE AFC', '1999-05-15', NULL),
(584, 81, 'mattia.munno', 'Mattia', 'Munno', 'PITTORE AFC', '1999-10-17', NULL),
(585, 81, 'samuele.ronchetti', 'Samuele', 'Ronchetti', 'PITTORE AFC', '1996-08-24', NULL),
(586, 81, 'igor.jelmini', 'Igor', 'Jelmini', 'PITTORE AFC', '1968-12-18', NULL),
(587, 81, 'cristina.migotti', 'Cristina', 'Migotti', 'PITTORE AFC', '1992-02-05', NULL),
(588, 81, 'ali.ekizer', 'Ali', 'Ekizer', 'PITTORE AFC', '1994-01-05', NULL),
(589, 82, 'giulio.bizzozero', 'Giulio', 'Bizzozero', 'PITTORE AFC', '2001-01-13', NULL),
(590, 81, 'vasile.santini', 'Vasile Roberto', 'Santini', 'PITTORE AFC', '1995-06-10', NULL),
(591, 81, 'andré.ferreira', 'André Filipe', 'Ferreira Fernandes', 'PITTORE AFC', '1998-06-17', NULL),
(592, 81, 'alessandro.guattini', 'Alessandro', 'Guattini', 'PITTORE AFC', '1999-03-14', NULL),
(593, 81, 'thierry.ghiggia', 'Thierry', 'Ghiggia', 'PITTORE AFC', '1996-03-28', NULL),
(594, 81, 'sebastian.stalder', 'Sebastian', 'Stalder', 'PITTORE AFC', '1985-07-12', NULL),
(595, 83, 'valentina.bubba', 'Valentina', 'Bubba', 'PANETTIERE-PASTICCIERE-CONFETTIERE AFC (PASTICCERIA-CONFETTERIA)', '1994-05-26', NULL),
(596, 83, 'cristina.jemetta', 'Cristina', 'Jemetta', 'PANETTIERE-PASTICCIERE-CONFETTIERE AFC (PASTICCERIA-CONFETTERIA)', '1992-04-25', NULL),
(597, 83, 'sara.panighetti', 'Sara', 'Panighetti', 'PANETTIERE-PASTICCIERE-CONFETTIERE AFC (PASTICCERIA-CONFETTERIA)', '1993-02-19', NULL),
(598, 83, 'moema.pigna', 'Moema', 'Pigna', 'PANETTIERE-PASTICCIERE-CONFETTIERE AFC (PASTICCERIA-CONFETTERIA)', '1995-09-22', NULL),
(599, 83, 'chiara.riassetto', 'Chiara', 'Riassetto', 'PANETTIERE-PASTICCIERE-CONFETTIERE AFC (PASTICCERIA-CONFETTERIA)', '2000-10-03', NULL),
(600, 83, 'giulia.perna', 'Giulia', 'Perna', 'PANETTIERE-PASTICCIERE-CONFETTIERE AFC (PASTICCERIA-CONFETTERIA)', '1998-03-27', NULL),
(601, 83, 'yanusca.lafranchi', 'Yanusca Bettina', 'Lafranchi', 'PANETTIERE-PASTICCIERE-CONFETTIERE AFC (PASTICCERIA-CONFETTERIA)', '1997-06-30', NULL),
(602, 84, 'mirko.freddura', 'Mirko', 'Freddura', 'MUGNAIO AFC (DERRATE ALIMENTARI)', '1995-02-19', NULL),
(603, 85, 'santo.castagnino', 'Santo', 'Castagnino', 'TECNICO DIPLOMATO SSS IN PROGETTAZIONE EDILE', '1991-04-16', NULL),
(604, 85, 'carlos.martinho', 'Carlos Daniel', 'Martinho Vicente', 'TECNICO DIPLOMATO SSS IN PROGETTAZIONE EDILE', '1997-04-26', NULL),
(605, 85, 'mattia.monigatti', 'Mattia', 'Monigatti', 'TECNICO DIPLOMATO SSS IN PROGETTAZIONE EDILE', '1989-01-17', NULL),
(606, 85, 'antonello.campisano', 'Antonello', 'Campisano', 'TECNICO DIPLOMATO SSS IN PROGETTAZIONE EDILE', '1987-05-22', NULL),
(607, 85, 'luigi.fontana', 'Luigi', 'Fontana', 'TECNICO DIPLOMATO SSS IN PROGETTAZIONE EDILE', '1989-02-13', NULL),
(608, 85, 'christophe.jaworski', 'Christophe', 'Jaworski', 'TECNICO DIPLOMATO SSS IN PROGETTAZIONE EDILE', '1993-11-05', NULL),
(609, 85, 'fabio.pellanda', 'Fabio', 'Pellanda', 'TECNICO DIPLOMATO SSS IN PROGETTAZIONE EDILE', '1997-03-01', NULL),
(610, 85, 'davide.cetrangolo', 'Davide', 'Cetrangolo', 'TECNICO DIPLOMATO SSS IN PROGETTAZIONE EDILE', '1995-10-22', NULL),
(611, 85, 'andrea.bruno', 'Andrea', 'Bruno', 'TECNICO DIPLOMATO SSS IN PROGETTAZIONE EDILE', '1983-10-01', NULL),
(612, 85, 'mario.freno', 'Mario', 'Freno', 'TECNICO DIPLOMATO SSS IN PROGETTAZIONE EDILE', '1993-12-09', NULL),
(613, 85, 'elisa.visani', 'Elisa', 'Visani', 'TECNICA DIPLOMATA SSS IN PROGETTAZIONE EDILE', '1998-10-22', NULL),
(614, 78, 'colin.ausder', 'Colin', 'Aus Der Beek', 'TECNOLOGO DI CHIMICA E CHIMICA FARMACEUTICA AFC (TECNOLOGIA CHIMICA)', '2001-10-04', NULL),
(615, 86, 'francesco.cistaro', 'Francesco', 'Cistaro', 'RICICLATORE AFC', '1997-05-09', NULL),
(616, 86, 'diana.dias', 'Diana', 'Dias Serrano', 'RICICLATORE AFC', '2000-02-25', NULL),
(617, 87, 'nadia.torrado', 'Nadia', 'Torrado-Correia', 'PANETTIERE-PASTICCIERE-CONFETTIERE CFP', '1999-07-28', NULL),
(618, 88, 'davide.zani', 'Davide', 'Zani', 'ODONTOTECNICO AFC', '2001-11-28', NULL),
(619, 88, 'nicole.algisi', 'Nicole', 'Algisi', 'ODONTOTECNICO AFC', '2001-08-14', NULL),
(620, 89, 'lucrezia.lamassa', 'Lucrezia', 'Lamassa', 'IMPIEGATO DI RISTORAZIONE AFC', '1998-12-13', NULL),
(621, 89, 'omar.vivarelli', 'Omar Johnny', 'Vivarelli', 'IMPIEGATO DI RISTORAZIONE AFC', '1999-07-02', NULL),
(622, 89, 'giuseppe.coppola', 'Giuseppe', 'Coppola', 'IMPIEGATO DI RISTORAZIONE AFC', '1998-10-10', NULL),
(623, 89, 'sofia.alberti', 'Sofia', 'Alberti', 'IMPIEGATO DI RISTORAZIONE AFC', '1998-07-26', NULL),
(624, 89, 'sara.zanelli', 'Sara', 'Zanelli', 'IMPIEGATO DI RISTORAZIONE AFC', '1996-08-03', NULL),
(625, 89, 'luca.poletti', 'Luca', 'Poletti', 'IMPIEGATO DI RISTORAZIONE AFC', '2000-06-28', NULL),
(626, 89, 'erika.rozalen', 'Erika', 'Rozalen Garcia', 'IMPIEGATO DI RISTORAZIONE AFC', '1996-10-08', NULL),
(627, 89, 'dalil.mustafa', 'Dalil', 'Mustafa', 'IMPIEGATO DI RISTORAZIONE AFC', '1989-08-01', NULL),
(628, 89, 'nushin.mohamed', 'Nushin', 'Mohamed', 'IMPIEGATO DI RISTORAZIONE AFC', '1997-01-01', NULL),
(629, 89, 'camilla.romano', 'Camilla', 'Romano', 'IMPIEGATO DI RISTORAZIONE AFC', '1992-04-25', NULL),
(630, 43, 'sabrina.camponovo', 'Sabrina', 'Camponovo', 'LABORATORISTA AFC (CHIMICA)', '2001-11-22', NULL),
(631, 90, 'olita.orrù', 'Olita', 'Orrù', 'LABORATORISTA AFC (CHIMICA)', '1997-07-20', NULL),
(632, 91, 'aris.melloni', 'Aris', 'Melloni', 'LABORATORISTA AFC (CHIMICA)', '2001-12-27', NULL),
(633, 91, 'ailsa.butti', 'Ailsa', 'Butti', 'LABORATORISTA AFC (CHIMICA)', '2002-11-07', NULL),
(634, 91, 'alexandra.milojkovic', 'Alexandra', 'Milojkovic', 'LABORATORISTA AFC (CHIMICA)', '2001-09-19', NULL),
(635, 90, 'niccolo.schwendener', 'Niccolo\'', 'Schwendener', 'LABORATORISTA AFC (CHIMICA)', '2001-04-21', NULL),
(636, 91, 'alex.ferrari', 'Alex', 'Ferrari', 'LABORATORISTA AFC (CHIMICA)', '2002-04-10', NULL),
(637, 91, 'dana.ielapi', 'Dana', 'Ielapi', 'LABORATORISTA AFC (CHIMICA)', '2002-02-05', NULL),
(638, 91, 'luis.carpi', 'Luis', 'Carpi', 'LABORATORISTA AFC (CHIMICA)', '2001-02-09', NULL),
(639, 91, 'andrea.loreto', 'Andrea', 'Loreto', 'LABORATORISTA AFC (CHIMICA)', '2002-09-24', NULL),
(640, 91, 'luca.valente', 'Luca Vincenzo', 'Valente', 'LABORATORISTA AFC (CHIMICA)', '2002-03-06', NULL),
(641, 91, 'dario.maggetti', 'Dario Enea', 'Maggetti', 'LABORATORISTA AFC (CHIMICA)', '2002-05-22', NULL),
(642, 90, 'samuele.calviello', 'Samuele', 'Calviello', 'LABORATORISTA AFC (CHIMICA)', '1989-05-17', NULL),
(643, 43, 'laura.mennite', 'Laura', 'Mennite', 'LABORATORISTA AFC (CHIMICA)', '2001-05-08', NULL),
(644, 91, 'thomas.pasotti', 'Thomas', 'Pasotti', 'LABORATORISTA AFC (CHIMICA)', '2001-09-30', NULL),
(645, 43, 'nadia.garbarino', 'Nadia', 'Garbarino', 'LABORATORISTA AFC (CHIMICA)', '2001-11-20', NULL),
(646, 43, 'yan.gregu', 'Yan', 'Gregu', 'LABORATORISTA AFC (CHIMICA)', '2002-04-06', NULL),
(647, 44, 'michel.rossetti', 'Michel', 'Rossetti', 'LABORATORISTA AFC', '1999-01-28', NULL),
(648, 43, 'sean.baroni', 'Sean', 'Baroni', 'LABORATORISTA AFC (CHIMICA)', '2000-10-19', NULL),
(649, 91, 'sali.abdiraimi', 'Sali', 'Abdiraimi', 'LABORATORISTA AFC (CHIMICA)', '1999-03-23', NULL),
(650, 44, 'gaia.missiroli', 'Gaia', 'Missiroli', 'LABORATORISTA AFC (BIOLOGIA)', '2001-08-15', NULL),
(651, 44, 'giona.dibenedetto', 'Giona', 'Di Benedetto', 'LABORATORISTA AFC (BIOLOGIA)', '1996-09-25', NULL),
(652, 43, 'samuel.franscella', 'Samuel', 'Franscella', 'LABORATORISTA AFC (BIOLOGIA)', '2002-04-18', NULL),
(653, 44, 'giacomo.tramezzani', 'Giacomo', 'Tramezzani', 'LABORATORISTA AFC (BIOLOGIA)', '2001-08-31', NULL),
(654, 43, 'liam.degrussa', 'Liam', 'Degrussa', 'LABORATORISTA AFC (BIOLOGIA)', '1998-01-09', NULL),
(655, 44, 'giada.bettelini', 'Giada', 'Bettelini', 'LABORATORISTA AFC (BIOLOGIA)', '2001-07-27', NULL),
(656, 44, 'sara.macellaro', 'Sara', 'Macellaro', 'LABORATORISTA AFC (BIOLOGIA)', '2002-10-06', NULL),
(657, 44, 'sabrina.moruzzi', 'Sabrina', 'Moruzzi', 'LABORATORISTA AFC (BIOLOGIA)', '2001-05-04', NULL),
(658, 44, 'samuele.caers', 'Samuele', 'Caers', 'LABORATORISTA AFC (BIOLOGIA)', '2000-10-09', NULL),
(659, 44, 'federica.moretti', 'Federica', 'Moretti', 'LABORATORISTA AFC (BIOLOGIA)', '2001-04-18', NULL),
(660, 92, 'julian.ghisletta', 'Julian', 'Ghisletta', 'OTTICO AFC', '2000-08-02', NULL),
(661, 92, 'alessia.vezzoli', 'Alessia', 'Vezzoli', 'OTTICO AFC', '2001-06-18', NULL),
(662, 92, 'lisa.moretti', 'Lisa', 'Moretti', 'OTTICO AFC', '1998-09-03', NULL),
(663, 78, 'nicolas.zullino', 'Nicolas', 'Zullino', 'LABORATORISTA AFC (CHIMICA)', '2001-07-14', NULL),
(664, 62, 'emanuele.rigamonti', 'Emanuele', 'Rigamonti', 'LABORATORISTA AFC (CHIMICA)', '1994-11-27', NULL),
(665, 78, 'jonathan.ravasi', 'Jonathan', 'Ravasi', 'LABORATORISTA AFC (CHIMICA)', '1999-12-28', NULL),
(666, 78, 'lisa.nicoli', 'Lisa', 'Nicoli', 'LABORATORISTA AFC (CHIMICA)', '2000-05-24', NULL),
(667, 78, 'luca.dazzi', 'Luca', 'Dazzi', 'LABORATORISTA AFC (CHIMICA)', '1999-12-10', NULL),
(668, 93, 'isabel.canepa', 'Isabel', 'Canepa', 'LABORATORISTA AFC (CHIMICA)', '1999-02-10', NULL),
(669, 93, 'mattia.lambrughi', 'Mattia', 'Lambrughi', 'LABORATORISTA AFC (CHIMICA)', '2001-07-18', NULL),
(670, 93, 'céline.consoli', 'Céline', 'Consoli', 'LABORATORISTA AFC (CHIMICA)', '1998-07-13', NULL),
(671, 93, 'romina.mundackalpara', 'Romina Kuriakose', 'Mundackalparambil', 'LABORATORISTA AFC (CHIMICA)', '1999-04-27', NULL),
(672, 93, 'tiago.silvestre', 'Tiago Felipe', 'Silvestre Dos Reis', 'LABORATORISTA AFC (CHIMICA)', '2000-08-08', NULL),
(673, 93, 'gianluca.lusenti', 'Gianluca', 'Lusenti', 'LABORATORISTA AFC (CHIMICA)', '1999-01-27', NULL),
(674, 94, 'claudio.coppini', 'Claudio', 'Coppini', 'TECNICO DIPLOMATO SSS IN CONDUZIONE DI LAVORI EDILI', '1984-03-12', NULL),
(675, 94, 'valeria.sale', 'Valeria', 'Sale', 'TECNICA DIPLOMATA SSS IN CONDUZIONE DI LAVORI EDILI', '1996-04-04', NULL),
(676, 94, 'christian.gaggioni', 'Christian', 'Gaggioni', 'TECNICO DIPLOMATO SSS IN CONDUZIONE DI LAVORI EDILI', '1995-03-27', NULL),
(677, 94, 'francesco.lepori', 'Francesco', 'Lepori', 'TECNICO DIPLOMATO SSS IN CONDUZIONE DI LAVORI EDILI', '1995-04-05', NULL),
(678, 94, 'giacomo.piccamiglio', 'Giacomo', 'Piccamiglio', 'TECNICO DIPLOMATO SSS IN CONDUZIONE DI LAVORI EDILI', '1992-03-23', NULL),
(679, 94, 'lorenzo.albonico', 'Lorenzo', 'Albonico', 'TECNICO DIPLOMATO SSS IN CONDUZIONE DI LAVORI EDILI', '1995-08-02', NULL),
(680, 94, 'rade.josipovic', 'Rade', 'Josipovic', 'TECNICO DIPLOMATO SSS IN CONDUZIONE DI LAVORI EDILI', '1991-09-19', NULL),
(681, 94, 'andrea.vetrano', 'Andrea', 'Vetrano', 'TECNICO DIPLOMATO SSS IN CONDUZIONE DI LAVORI EDILI', '1991-05-20', NULL),
(682, 94, 'gianluca.butti', 'Gianluca', 'Butti', 'TECNICO DIPLOMATO SSS IN CONDUZIONE DI LAVORI EDILI', '1995-07-15', NULL),
(683, 95, 'paulo.ferreira', 'Paulo', 'Ferreira Da Costa', 'AIUTO PITTORE CFP', '1999-04-23', NULL),
(684, 95, 'domenico.manfreda', 'Domenico', 'Manfreda', 'AIUTO PITTORE CFP', '2000-06-22', NULL),
(685, 95, 'paolo.balnozan', 'Paolo', 'Balnozan', 'AIUTO PITTORE CFP', '2000-01-31', NULL),
(686, 95, 'ryan.testori', 'Ryan', 'Testori', 'AIUTO PITTORE CFP', '2000-12-12', NULL),
(687, 95, 'cabdulahi.cabdikarim', 'Cabdulahi', 'Cabdikarim Said', 'AIUTO PITTORE CFP', '1999-09-10', NULL),
(688, 95, 'ali.beighi', 'Ali', 'Beighi', 'AIUTO PITTORE CFP', '1997-01-09', NULL),
(689, 95, 'andrea.gianola', 'Andrea', 'Gianola', 'AIUTO PITTORE CFP', '1999-11-02', NULL),
(690, 96, 'joy.raimondi', 'Joy', 'Raimondi', 'ELETTRONICO MULTIMEDIALE AFC', '2000-06-02', NULL),
(691, 96, 'alessandro.daldini', 'Alessandro', 'Daldini', 'ELETTRONICO MULTIMEDIALE AFC', '1998-09-20', NULL),
(692, 96, 'marco.iannelli', 'Marco', 'Iannelli', 'ELETTRONICO MULTIMEDIALE AFC', '1997-03-11', NULL),
(693, 96, 'davide.amadò', 'Davide', 'Amadò', 'ELETTRONICO MULTIMEDIALE AFC', '2001-07-05', NULL),
(694, 96, 'pavlo.calò', 'Pavlo', 'Calò', 'ELETTRONICO MULTIMEDIALE AFC', '1998-01-28', NULL),
(695, 97, 'ekaterina.panova', 'Ekaterina', 'Panova', 'CUOCO AFC', '1998-06-26', NULL),
(696, 97, 'ignazio.bono', 'Ignazio Andrea', 'Bono', 'CUOCO AFC', '1995-09-11', NULL),
(697, 97, 'nicolò.loesch', 'Nicolò', 'Loesch', 'CUOCO AFC', '1992-03-06', NULL),
(698, 97, 'matias.salati', 'Matias', 'Salati', 'CUOCO AFC', '1993-09-03', NULL),
(699, 97, 'axel.staub', 'Axel', 'Staub', 'CUOCO AFC', '1999-03-24', NULL),
(700, 97, 'vincenzo.ambruosi', 'Vincenzo', 'Ambruosi', 'CUOCO AFC', '1996-06-01', NULL),
(701, 97, 'emmanuel.sargenti', 'Emmanuel', 'Sargenti Rojas', 'CUOCO AFC', '1996-10-05', NULL),
(702, 97, 'jordan.bruni', 'Jordan', 'Bruni', 'CUOCO AFC', '1994-08-28', NULL),
(703, 97, 'hermès.ammon', 'Hermès', 'Ammon', 'CUOCO AFC', '1998-10-14', NULL),
(704, 97, 'sirio.rigotti', 'Sirio', 'Rigotti', 'CUOCO AFC', '1994-11-09', NULL),
(705, 98, 'victor.poretti', 'Victor', 'Poretti', 'CUOCO AFC', '1999-02-23', NULL),
(706, 98, 'franlui.bernasconi', 'Franlui', 'Bernasconi', 'CUOCO AFC', '2000-10-10', NULL),
(707, 98, 'elena.fantacone', 'Elena', 'Fantacone', 'CUOCO AFC', '1996-07-11', NULL),
(708, 98, 'mattia.masia', 'Mattia', 'Masia', 'CUOCO AFC', '1997-12-23', NULL),
(709, 98, 'natthatida.amnuaypor', 'Natthatida', 'Amnuayporn', 'CUOCO AFC', '2000-04-02', NULL),
(710, 98, 'nicola.ferrari', 'Nicola', 'Ferrari', 'CUOCO AFC', '1996-04-11', NULL),
(711, 99, 'alexander.simone', 'Alexander', 'Simone', 'CUOCO AFC', '1993-02-28', NULL),
(712, 98, 'ruben.francisco', 'Ruben', 'Francisco Martins', 'CUOCO AFC', '1996-07-07', NULL),
(713, 98, 'simone.gaffuri', 'Simone', 'Gaffuri', 'CUOCO AFC', '2000-12-13', NULL),
(714, 98, 'alessandro.scarcelli', 'Alessandro', 'Scarcelli', 'CUOCO AFC', '2000-08-15', NULL),
(715, 98, 'ivan.zambelli', 'Ivan', 'Zambelli', 'CUOCO AFC', '1983-07-05', NULL),
(716, 98, 'michele.banci', 'Michele', 'Banci', 'CUOCO AFC', '2000-12-20', NULL),
(717, 98, 'etan.marchetti', 'Etan', 'Marchetti', 'CUOCO AFC', '2001-02-12', NULL),
(718, 98, 'joelle.akbas', 'Joelle', 'Akbas', 'CUOCO AFC', '1997-03-19', NULL),
(719, 98, 'alan.bernasconi', 'Alan', 'Bernasconi', 'CUOCO AFC', '2001-06-01', NULL),
(720, 98, 'loris.porta', 'Loris', 'Porta', 'CUOCO AFC', '1999-06-24', NULL),
(721, 98, 'khem.mastelli', 'Khem', 'Mastelli', 'CUOCO AFC', '2000-10-11', NULL),
(722, 99, 'tiziano.fernandes', 'Tiziano', 'Fernandes Sobrado', 'CUOCO AFC', '2000-09-07', NULL),
(723, 99, 'samuel.rodoni', 'Samuel', 'Rodoni', 'CUOCO AFC', '1992-02-03', NULL),
(724, 99, 'mariella.barmabek', 'Mariella', 'Barmabek', 'CUOCO AFC', '1990-06-20', NULL),
(725, 99, 'andrea.bergomi', 'Andrea Mattia Willy', 'Bergomi', 'CUOCO AFC', '1989-11-13', NULL),
(726, 99, 'lucas.soldati', 'Lucas', 'Soldati', 'CUOCO AFC', '2000-02-28', NULL),
(727, 99, 'lisa.rainelli', 'Lisa', 'Rainelli', 'CUOCO AFC', '2001-02-07', NULL),
(728, 99, 'kevin.boin', 'Kevin', 'Boin', 'CUOCO AFC', '2001-02-17', NULL),
(729, 99, 'gaia.mittero', 'Gaia', 'Mittero', 'CUOCO AFC', '2000-11-06', NULL),
(730, 99, 'brian.viganò', 'Brian', 'Viganò', 'CUOCO AFC', '1994-04-27', NULL),
(731, 99, 'loris.rossi', 'Loris', 'Rossi', 'CUOCO AFC', '2001-05-05', NULL),
(732, 99, 'fabio.acquistapace', 'Fabio', 'Acquistapace', 'CUOCO AFC', '2001-03-26', NULL),
(733, 99, 'matteo.billeci', 'Matteo', 'Billeci', 'CUOCO AFC', '2001-03-10', NULL),
(734, 99, 'luca.rigoni', 'Luca', 'Rigoni', 'CUOCO AFC', '2000-07-17', NULL),
(735, 99, 'andrea.caldi', 'Andrea', 'Caldi', 'CUOCO AFC', '2001-11-07', NULL),
(736, 99, 'alessandro.provini', 'Alessandro', 'Provini', 'CUOCO AFC', '1998-05-13', NULL),
(737, 99, 'oskar.römer', 'Oskar', 'Römer', 'CUOCO AFC', '2001-12-17', NULL),
(738, 99, 'nicola.papatola', 'Nicola', 'Papatola', 'CUOCO AFC', '1998-07-02', NULL),
(739, 99, 'martino.careddu', 'Martino', 'Careddu', 'CUOCO AFC', '2001-07-02', NULL),
(740, 98, 'yvonne.iotti', 'Yvonne', 'Iotti', 'CUOCO AFC', '1993-02-08', NULL),
(741, 100, 'lena.piattini', 'Lena', 'Piattini', 'LABORATORISTA AFC (CHIMICA)', '2000-06-03', NULL),
(742, 100, 'pamela.bonfantini', 'Pamela', 'Bonfantini', 'LABORATORISTA AFC (CHIMICA)', '2000-11-02', NULL),
(743, 100, 'pavo.kopacevic', 'Pavo', 'Kopacevic', 'LABORATORISTA AFC (CHIMICA)', '2000-10-01', NULL),
(744, 100, 'stefano.grassi', 'Stefano', 'Grassi', 'LABORATORISTA AFC (CHIMICA)', '2001-09-28', NULL),
(745, 100, 'zeno.piccardi', 'Zeno', 'Piccardi', 'LABORATORISTA AFC (CHIMICA)', '2001-12-09', NULL),
(746, 100, 'mattia.vosti', 'Mattia', 'Vosti', 'LABORATORISTA AFC (CHIMICA)', '2001-05-31', NULL),
(747, 100, 'mattia.terracina', 'Mattia', 'Terracina', 'LABORATORISTA AFC (CHIMICA)', '2000-09-18', NULL),
(748, 100, 'nicolò.barbieri', 'Nicolò', 'Barbieri', 'LABORATORISTA AFC (CHIMICA)', '2000-09-29', NULL),
(749, 100, 'tommaso.dolci', 'Tommaso', 'Dolci', 'LABORATORISTA AFC (CHIMICA)', '1998-01-25', NULL),
(750, 100, 'gabriele.cassina', 'Gabriele', 'Cassina', 'LABORATORISTA AFC (CHIMICA)', '2000-03-02', NULL),
(751, 101, 'lorenzo.govetosa', 'Lorenzo', 'Govetosa', 'PANETTIERE-PASTICCIERE-CONFETTIERE AFC (PANETTERIA-PASTICCERIA)', '1998-09-20', NULL),
(752, 101, 'elios.barabino', 'Elios', 'Barabino', 'PANETTIERE-PASTICCIERE-CONFETTIERE AFC (PANETTERIA-PASTICCERIA)', '2000-07-22', NULL),
(753, 101, 'lorena.diana', 'Lorena', 'Diana Del Cò', 'PANETTIERE-PASTICCIERE-CONFETTIERE AFC (PANETTERIA-PASTICCERIA)', '1983-04-06', NULL),
(754, 101, 'giulia.bernasconi', 'Giulia', 'Bernasconi', 'PANETTIERE-PASTICCIERE-CONFETTIERE AFC (PANETTERIA-PASTICCERIA)', '1999-09-03', NULL),
(755, 101, 'melanie.delfoc', 'Melanie', 'Delfoc', 'PANETTIERE-PASTICCIERE-CONFETTIERE AFC (PANETTERIA-PASTICCERIA)', '2000-11-29', NULL),
(756, 102, 'sheila.lettini', 'Sheila', 'Lettini', 'IMPIEGATO DI RISTORAZIONE AFC', '1999-11-19', NULL),
(757, 102, 'stephan.butti', 'Stephan', 'Butti', 'IMPIEGATO DI RISTORAZIONE AFC', '1999-09-22', NULL),
(758, 102, 'rama.mwinyi', 'Rama', 'Mwinyi', 'IMPIEGATO DI RISTORAZIONE AFC', '1999-01-11', NULL),
(759, 102, 'kiki.salvarezza', 'Kiki', 'Salvarezza', 'IMPIEGATO DI RISTORAZIONE AFC', '1999-03-23', NULL),
(760, 102, 'mattia.vai', 'Mattia', 'Vai', 'IMPIEGATO DI RISTORAZIONE AFC', '2002-02-23', NULL),
(761, 102, 'sara.devecchi', 'Sara', 'De Vecchi', 'IMPIEGATO DI RISTORAZIONE AFC', '1999-12-03', NULL),
(762, 103, 'veselin.vujicic', 'Veselin', 'Vujicic', 'IMPIEGATO DI GASTRONOMIA STANDARDIZZATA AFC', '1999-11-16', NULL),
(763, 103, 'serxhio.dhima', 'Serxhio', 'Dhima', 'IMPIEGATO DI GASTRONOMIA STANDARDIZZATA AFC', '1997-10-01', NULL),
(764, 104, 'alessia.pasta', 'Alessia', 'Pasta', 'IMPIEGATO D\'ECONOMIA DOMESTICA AFC', '1996-02-10', NULL),
(765, 104, 'elisa.derosso', 'Elisa', 'De Rosso', 'IMPIEGATO D\'ECONOMIA DOMESTICA AFC', '2002-06-19', NULL),
(766, 104, 'martina.crivelli', 'Martina', 'Crivelli', 'IMPIEGATO D\'ECONOMIA DOMESTICA AFC', '1997-09-16', NULL),
(767, 104, 'ljubica.markovska', 'Ljubica', 'Markovska', 'IMPIEGATO D\'ECONOMIA DOMESTICA AFC', '1996-08-29', NULL),
(768, 104, 'alexa.cuccato', 'Alexa', 'Cuccato', 'IMPIEGATO D\'ECONOMIA DOMESTICA AFC', '1994-01-26', NULL),
(769, 104, 'samantha.conconi', 'Samantha', 'Conconi', 'IMPIEGATO D\'ECONOMIA DOMESTICA AFC', '1999-01-25', NULL),
(770, 104, 'mary.apolinari', 'Mary', 'Apolinari', 'IMPIEGATO D\'ECONOMIA DOMESTICA AFC', '2000-01-04', NULL),
(771, 104, 'debora.francini', 'Debora', 'Francini', 'IMPIEGATO D\'ECONOMIA DOMESTICA AFC', '2000-09-25', NULL),
(772, 104, 'caterina.raiteri', 'Caterina', 'Raiteri', 'IMPIEGATO D\'ECONOMIA DOMESTICA AFC', '2002-01-11', NULL),
(773, 104, 'valeria.jetaj', 'Valeria', 'Jetaj', 'IMPIEGATO D\'ECONOMIA DOMESTICA AFC', '1997-06-26', NULL),
(774, 104, 'sara.shala', 'Sara', 'Shala', 'IMPIEGATO D\'ECONOMIA DOMESTICA AFC', '2001-07-30', NULL),
(775, 104, 'fabiola.togni', 'Fabiola', 'Togni', 'IMPIEGATO D\'ECONOMIA DOMESTICA AFC', '1999-03-15', NULL),
(776, 105, 'duarte.pinto', 'Duarte', 'Pinto Dias', 'OPERATORE IN OROLOGERIA CFP (REGOLAZIONE)', '1981-04-18', NULL),
(777, 105, 'luca.lametta', 'Luca', 'Lametta', 'OPERATORE IN OROLOGERIA CFP (REGOLAZIONE)', '1983-06-20', NULL),
(778, 105, 'dritor.berisha', 'Dritor', 'Berisha', 'OPERATORE IN OROLOGERIA CFP (REGOLAZIONE)', '1992-10-06', NULL),
(779, 107, 'nicolò.dicristofaro', 'Nicolò', 'Di Cristofaro', 'DISEGNATORE AFC (INGEGNERIA CIVILE)', '2001-02-02', NULL),
(780, 107, 'damiano.rossini', 'Damiano', 'Rossini', 'DISEGNATORE AFC (INGEGNERIA CIVILE)', '1996-10-02', NULL),
(781, 60, 'alex.jehle', 'Alex', 'Jehle', 'DISEGNATORE AFC (INGEGNERIA CIVILE)', '2000-03-25', NULL),
(782, 107, 'mattia.fraschina', 'Mattia', 'Fraschina', 'DISEGNATORE AFC (INGEGNERIA CIVILE)', '2001-08-06', NULL),
(783, 107, 'devin.mozzetti', 'Devin', 'Mozzetti', 'DISEGNATORE AFC (INGEGNERIA CIVILE)', '2001-10-11', NULL),
(784, 60, 'edoardo.gatti', 'Edoardo', 'Gatti', 'DISEGNATORE AFC (INGEGNERIA CIVILE)', '1994-03-31', NULL),
(785, 107, 'melody.bulotti', 'Melody', 'Bulotti', 'DISEGNATORE AFC (INGEGNERIA CIVILE)', '2001-06-25', NULL),
(786, 60, 'valdrin.beselica', 'Valdrin', 'Beselica', 'DISEGNATORE AFC (INGEGNERIA CIVILE)', '1999-04-04', NULL),
(787, 107, 'viviana.gamboni', 'Viviana', 'Gamboni', 'DISEGNATORE AFC (INGEGNERIA CIVILE)', '1997-04-28', NULL),
(788, 107, 'patrick.ferrini', 'Patrick', 'Ferrini', 'DISEGNATORE AFC (INGEGNERIA CIVILE)', '2001-03-29', NULL),
(789, 107, 'arianna.steiner', 'Arianna', 'Steiner', 'DISEGNATORE AFC (INGEGNERIA CIVILE)', '1999-01-04', NULL),
(790, 107, 'simone.dellamonica', 'Simone', 'Della Monica', 'DISEGNATORE AFC (INGEGNERIA CIVILE)', '2001-09-23', NULL),
(791, 60, 'salvatore.pollizzi', 'Salvatore', 'Pollizzi', 'DISEGNATORE AFC (INGEGNERIA CIVILE)', '1998-07-12', NULL),
(792, 107, 'nicholas.monga', 'Nicholas', 'Monga', 'DISEGNATORE AFC (INGEGNERIA CIVILE)', '2001-03-23', NULL),
(793, 106, 'marco.carmine', 'Marco', 'Carmine', 'DISEGNATORE AFC (INGEGNERIA CIVILE)', '1994-08-26', NULL),
(794, 107, 'niccolò.cheda', 'Niccolò', 'Cheda', 'DISEGNATORE AFC (INGEGNERIA CIVILE)', '2001-05-31', NULL),
(795, 107, 'noah.schaufelberger', 'Noah', 'Schaufelberger', 'DISEGNATORE AFC (INGEGNERIA CIVILE)', '2001-05-02', NULL),
(796, 107, 'fausto.piubellini', 'Fausto', 'Piubellini', 'DISEGNATORE AFC (INGEGNERIA CIVILE)', '2000-10-03', NULL),
(797, 107, 'simone.galli', 'Simone', 'Galli', 'DISEGNATORE AFC (INGEGNERIA CIVILE)', '2001-06-28', NULL),
(798, 107, 'riccardo.gianatti', 'Riccardo', 'Gianatti', 'DISEGNATORE AFC (INGEGNERIA CIVILE)', '2001-05-21', NULL),
(799, 107, 'andrea.esposito', 'Andrea', 'Esposito', 'DISEGNATORE AFC (INGEGNERIA CIVILE)', '2001-07-26', NULL),
(800, 107, 'julian.mas', 'Julian', 'Mas', 'DISEGNATORE AFC (INGEGNERIA CIVILE)', '1998-11-16', NULL),
(801, 107, 'shamira.ignazitto', 'Shamira', 'Ignazitto', 'DISEGNATORE AFC (INGEGNERIA CIVILE)', '2001-10-24', NULL),
(802, 60, 'cédric.oberti', 'Cédric', 'Oberti', 'DISEGNATORE AFC (INGEGNERIA CIVILE)', '2001-03-23', NULL),
(803, 107, 'alessandro.berti', 'Alessandro', 'Berti', 'DISEGNATORE AFC (INGEGNERIA CIVILE)', '2001-01-18', NULL),
(804, 107, 'giuliano.bruno', 'Giuliano', 'Bruno', 'DISEGNATORE AFC (INGEGNERIA CIVILE)', '2001-08-26', NULL),
(805, 109, 'paula.dossantos', 'Paula Cristina', 'Dos Santos Osorio Almeida', 'IMPIEGATA D\'ALBERGO AFC', '1968-10-28', NULL),
(806, 109, 'ivonna.kovalchuk', 'Ivonna', 'Kovalchuk', 'IMPIEGATO D\'ALBERGO AFC', '1998-01-28', NULL),
(807, 109, 'marinha.fontoura', 'Marinha', 'Fontoura Teixeira', 'IMPIEGATA D\'ALBERGO AFC', '1971-09-07', NULL),
(808, 109, 'chantal.bachmann', 'Chantal', 'Bachmann', 'IMPIEGATO D\'ALBERGO AFC', '1992-07-13', NULL),
(809, 109, 'sniazhana.muzychko', 'Sniazhana', 'Muzychko', 'IMPIEGATO D\'ALBERGO AFC', '1998-04-29', NULL),
(810, 30, 'marco.gambina', 'Marco', 'Gambina', 'GEOMATICO AFC', '1998-11-14', NULL),
(811, 110, 'davide.induni', 'Davide', 'Induni', 'GEOMATICO AFC', '2000-12-18', NULL),
(812, 30, 'marko.tanasijevic', 'Marko', 'Tanasijevic', 'GEOMATICO AFC', '2001-12-16', NULL),
(813, 112, 'reto.losa', 'Reto', 'Losa', 'GEOMATICO AFC', '2002-03-13', NULL),
(814, 30, 'noah.vanzetta', 'Noah', 'Vanzetta', 'GEOMATICO AFC', '2002-06-14', NULL),
(815, 35, 'mattia.verzaroli', 'Mattia', 'Verzaroli', 'GEOMATICO AFC', '2001-11-28', NULL),
(816, 35, 'marcos.utrilla', 'Marcos', 'Utrilla Mas', 'GEOMATICO AFC', '2002-03-18', NULL),
(817, 35, 'simone.locatelli', 'Simone', 'Locatelli', 'GEOMATICO AFC', '2002-05-17', NULL),
(818, 35, 'alan.succetti', 'Alan', 'Succetti', 'GEOMATICO AFC', '2002-07-16', NULL),
(819, 35, 'athos.gropengiesser', 'Athos', 'Gropengiesser', 'GEOMATICO AFC', '2002-09-12', NULL),
(820, 35, 'michele.locatelli', 'Michele', 'Locatelli', 'GEOMATICO AFC', '2002-05-17', NULL),
(821, 113, 'carolina.dacruz', 'Carolina', 'Da Cruz Ribeiro', 'IMPIEGATO D\'ALBERGO AFC', '1998-06-17', NULL),
(822, 113, 'sara.fernandes', 'Sara', 'Fernandes', 'IMPIEGATO D\'ALBERGO AFC', '1998-01-13', NULL),
(823, 113, 'melissa.ellenberger', 'Melissa', 'Ellenberger', 'IMPIEGATO D\'ALBERGO AFC', '1998-08-31', NULL),
(824, 113, 'vlas.dzyuba', 'Vlas', 'Dzyuba', 'IMPIEGATO D\'ALBERGO AFC', '1999-01-04', NULL),
(825, 114, 'mirko.zanni', 'Mirko', 'Zanni', 'ADDETTO DI RISTORAZIONE CFP', '1996-04-19', NULL),
(826, 115, 'andrea.alfiniti', 'Andrea', 'Alfiniti', 'ELETTRONICO MULTIMEDIALE AFC', '2001-12-16', NULL),
(827, 116, 'mauro.mastronicola', 'Mauro', 'Mastronicola', 'SPAZZACAMINO AFC', '1999-07-11', NULL),
(828, 116, 'matteo.urietti', 'Matteo', 'Urietti', 'SPAZZACAMINO AFC', '2000-02-23', NULL),
(829, 116, 'samuel.ibanez', 'Samuel', 'Ibanez', 'SPAZZACAMINO AFC', '1994-12-02', NULL),
(830, 78, 'saverio.valsangiacom', 'Saverio', 'Valsangiacomo', 'TECNOLOGO DI CHIMICA E CHIMICA FARMACEUTICA AFC (TECNOLOGIA FARMACEUTICA)', '1995-05-02', NULL),
(831, 61, 'ariele.conforti', 'Ariele', 'Conforti', 'TECNOLOGO DI CHIMICA E CHIMICA FARMACEUTICA AFC (TECNOLOGIA FARMACEUTICA)', '1992-05-14', NULL),
(832, 118, 'andrea.stachniak', 'Andrea', 'Stachniak', 'TECNICO DIPLOMATO SSS IN TECNICA DEGLI EDIFICI', '1987-11-07', NULL),
(833, 118, 'pietro.induni', 'Pietro', 'Induni', 'TECNICO DIPLOMATO SSS IN TECNICA DEGLI EDIFICI', '1985-03-25', NULL),
(834, 118, 'anto.simic', 'Anto', 'Simic', 'TECNICO DIPLOMATO SSS IN TECNICA DEGLI EDIFICI', '1991-02-08', NULL),
(835, 118, 'andrea.baggio', 'Andrea', 'Baggio', 'TECNICO DIPLOMATO SSS IN TECNICA DEGLI EDIFICI', '1985-08-19', NULL),
(836, 118, 'marzio.luvini', 'Marzio', 'Luvini', 'TECNICO DIPLOMATO SSS IN TECNICA DEGLI EDIFICI', '1993-12-25', NULL),
(837, 118, 'marco.randazzo', 'Marco', 'Randazzo', 'TECNICO DIPLOMATO SSS IN TECNICA DEGLI EDIFICI', '1987-10-26', NULL),
(838, 118, 'fabio.geronimi', 'Fabio', 'Geronimi', 'TECNICO DIPLOMATO SSS IN TECNICA DEGLI EDIFICI', '1991-07-19', NULL),
(839, 118, 'paolo.besana', 'Paolo', 'Besana', 'TECNICO DIPLOMATO SSS IN TECNICA DEGLI EDIFICI', '1994-04-15', NULL),
(840, 118, 'fabio.martinuzzi', 'Fabio', 'Martinuzzi', 'TECNICO DIPLOMATO SSS IN TECNICA DEGLI EDIFICI', '1985-03-06', NULL),
(841, 118, 'andrea.marotta', 'Andrea', 'Marotta', 'TECNICO DIPLOMATO SSS IN TECNICA DEGLI EDIFICI', '1990-01-04', NULL),
(842, 118, 'marino.rossi', 'Marino', 'Rossi', 'TECNICO DIPLOMATO SSS IN TECNICA DEGLI EDIFICI', '1960-04-25', NULL),
(843, 118, 'damiano.bonetti', 'Damiano', 'Bonetti', 'TECNICO DIPLOMATO SSS IN TECNICA DEGLI EDIFICI', '1990-01-27', NULL),
(844, 118, 'nicola.cordi', 'Nicola', 'Cordì', 'TECNICO DIPLOMATO SSS IN TECNICA DEGLI EDIFICI', '1982-04-28', NULL),
(845, 118, 'luca.bellocco', 'Luca', 'Bellocco', 'TECNICO DIPLOMATO SSS IN TECNICA DEGLI EDIFICI', '1982-01-04', NULL),
(846, 118, 'lara.meazza', 'Lara Eleonora', 'Meazza', 'TECNICA DIPLOMATA SSS IN TECNICA DEGLI EDIFICI', '1987-11-21', NULL),
(847, 119, 'fabio.gianni', 'Fabio', 'Gianni', 'PROGETTISTA NELLA TECNICA DELLA COSTRUZIONE IMPIANTI SANITARI AFC ', '1986-07-10', NULL),
(848, 119, 'alessandro.rossi', 'Alessandro', 'Rossi', 'PROGETTISTA NELLA TECNICA DELLA COSTRUZIONE IMPIANTI SANITARI AFC ', '1994-02-24', NULL),
(849, 120, 'manuele.buetti', 'Manuele', 'Buetti', 'PROGETTISTA NELLA TECNICA DELLA COSTRUZIONE RISCALDAMENTO AFC', '1996-06-30', NULL),
(850, 120, 'dane.milosevic', 'Dane', 'Milosevic', 'PROGETTISTA NELLA TECNICA DELLA COSTRUZIONE RISCALDAMENTO AFC', '1981-10-20', NULL),
(851, 120, 'samuel.olivi', 'Samuel', 'Olivi', 'PROGETTISTA NELLA TECNICA DELLA COSTRUZIONE RISCALDAMENTO AFC', '2000-09-22', NULL),
(852, 120, 'marco.vitacca', 'Marco', 'Vitacca', 'PROGETTISTA NELLA TECNICA DELLA COSTRUZIONE RISCALDAMENTO AFC', '1999-01-21', NULL),
(853, 120, 'nikola.milosevic', 'Nikola', 'Milosevic', 'PROGETTISTA NELLA TECNICA DELLA COSTRUZIONE RISCALDAMENTO AFC', '2000-11-21', NULL),
(854, 120, 'andrea.bazzana', 'Andrea', 'Bazzana', 'PROGETTISTA NELLA TECNICA DELLA COSTRUZIONE RISCALDAMENTO AFC', '1986-12-08', NULL),
(855, 120, 'ivan.mascaro', 'Ivan', 'Mascaro', 'PROGETTISTA NELLA TECNICA DELLA COSTRUZIONE RISCALDAMENTO AFC', '1993-07-18', NULL),
(856, 120, 'mladen.gigic', 'Mladen', 'Gigic', 'PROGETTISTA NELLA TECNICA DELLA COSTRUZIONE RISCALDAMENTO AFC', '1997-03-05', NULL),
(857, 121, 'elisa.manfroi', 'Elisa', 'Manfroi', 'LABORATORISTA AFC', '1999-12-23', NULL),
(858, 122, 'giorgio.sabbioni', 'Giorgio', 'Sabbioni', 'LABORATORISTA AFC (CHIMICA)', '1999-11-01', NULL),
(859, 122, 'catarina.valente', 'Catarina', 'Valente Zuleta', 'LABORATORISTA AFC (CHIMICA)', '1999-12-30', NULL),
(860, 122, 'sofia.camozzi', 'Sofia', 'Camozzi', 'LABORATORISTA AFC (CHIMICA)', '1998-04-23', NULL),
(861, 121, 'daniele.malomo', 'Daniele', 'Malomo', 'LABORATORISTA AFC (CHIMICA)', '1998-11-21', NULL),
(862, 122, 'giulia.parini', 'Giulia', 'Parini', 'LABORATORISTA AFC (CHIMICA)', '1999-02-05', NULL),
(863, 122, 'simone.dinicola', 'Simone', 'Di Nicola', 'LABORATORISTA AFC (CHIMICA)', '1999-12-14', NULL),
(864, 122, 'aurora.lupica', 'Aurora', 'Lupica', 'LABORATORISTA AFC (CHIMICA)', '1997-05-30', NULL),
(865, 122, 'bli.mujaj', 'Bli', 'Mujaj', 'LABORATORISTA AFC (CHIMICA)', '1994-05-11', NULL),
(866, 122, 'sorah.pronzini', 'Sorah Chanel', 'Pronzini', 'LABORATORISTA AFC (CHIMICA)', '1998-06-28', NULL),
(867, 123, 'sasha.merlo', 'Sasha', 'Merlo', 'LABORATORISTA AFC (CHIMICA)', '1999-11-24', NULL),
(868, 122, 'francesco.monteleone', 'Francesco', 'Monteleone', 'LABORATORISTA AFC (CHIMICA)', '1994-09-14', NULL),
(869, 122, 'nina.kuster', 'Nina', 'Kuster', 'LABORATORISTA AFC (CHIMICA)', '2000-08-10', NULL),
(870, 123, 'federico.fassora', 'Federico', 'Fassora', 'LABORATORISTA AFC (CHIMICA)', '1998-01-24', NULL),
(871, 122, 'anthony.carilli', 'Anthony', 'Carilli', 'LABORATORISTA AFC', '1999-09-08', NULL),
(872, 122, 'mario.grgic', 'Mario', 'Grgic', 'LABORATORISTA AFC (CHIMICA)', '1996-02-13', NULL),
(873, 124, 'ramona.mejia', 'Ramona', 'Mejia de Fernandez', 'IMPIEGATO D\'ECONOMIA DOMESTICA AFC', '1978-02-05', NULL),
(874, 124, 'nevena.micic', 'Nevena', 'Micic', 'IMPIEGATO D\'ECONOMIA DOMESTICA AFC', '1993-06-12', NULL),
(875, 124, 'alessandra.ferrazzo', 'Alessandra', 'Ferrazzo', 'IMPIEGATO D\'ECONOMIA DOMESTICA AFC', '1998-11-19', NULL),
(876, 124, 'jessica.trupp', 'Jessica', 'Trupp', 'IMPIEGATO D\'ECONOMIA DOMESTICA AFC', '1994-02-26', NULL),
(877, 124, 'lucia.lutz', 'Lucia', 'Lutz', 'IMPIEGATO D\'ECONOMIA DOMESTICA AFC', '1999-11-01', NULL),
(878, 124, 'daina.berthold', 'Daina', 'Berthold', 'IMPIEGATO D\'ECONOMIA DOMESTICA AFC', '1992-09-10', NULL),
(879, 124, 'semira.mahari', 'Semira', 'Mahari', 'IMPIEGATO D\'ECONOMIA DOMESTICA AFC', '1994-12-22', NULL),
(880, 124, 'diogo.fernandes', 'Diogo', 'Fernandes Oliveira', 'IMPIEGATO D\'ECONOMIA DOMESTICA AFC', '1997-10-18', NULL),
(881, 124, 'aurélie.leuenberger', 'Aurélie', 'Leuenberger', 'IMPIEGATO D\'ECONOMIA DOMESTICA AFC', '1992-09-26', NULL),
(882, 124, 'zorica.smilkova', 'Zorica', 'Smilkova', 'IMPIEGATO D\'ECONOMIA DOMESTICA AFC', '1992-11-19', NULL),
(883, 124, 'emma.acampora', 'Emma', 'Acampora', 'IMPIEGATO D\'ECONOMIA DOMESTICA AFC', '1986-03-14', NULL),
(884, 124, 'sharom.torriani', 'Sharom', 'Torriani', 'IMPIEGATO D\'ECONOMIA DOMESTICA AFC', '1996-06-26', NULL),
(885, 124, 'erica.bertè', 'Erica', 'Bertè', 'IMPIEGATO D\'ECONOMIA DOMESTICA AFC', '1998-04-09', NULL),
(886, 124, 'angela.smilkova', 'Angela', 'Smilkova', 'IMPIEGATO D\'ECONOMIA DOMESTICA AFC', '1994-09-15', NULL),
(887, 124, 'asia.mazzoleni', 'Asia', 'Mazzoleni', 'IMPIEGATO D\'ECONOMIA DOMESTICA AFC', '1999-08-06', NULL),
(888, 125, 'amos.donati', 'Amos', 'Donati', 'CUOCO AFC', '2000-08-24', NULL),
(889, 125, 'oscar.domeniconi', 'Oscar', 'Domeniconi', 'CUOCO AFC', '1998-08-12', NULL),
(890, 125, 'alessia.ringer', 'Alessia Maria', 'Ringer', 'CUOCO AFC', '1991-08-24', NULL),
(891, 125, 'miguel.morazzi', 'Miguel', 'Morazzi', 'CUOCO AFC', '1997-07-26', NULL),
(892, 125, 'jacopo.giuliani', 'Jacopo', 'Giuliani', 'CUOCO AFC', '1998-08-03', NULL),
(893, 125, 'daniele.peduzzi', 'Daniele', 'Peduzzi', 'CUOCO AFC', '1999-11-23', NULL),
(894, 125, 'yannick.thiebaud', 'Yannick', 'Thiebaud', 'CUOCO AFC', '1997-01-12', NULL),
(895, 125, 'alex.perucchi', 'Alex', 'Perucchi', 'CUOCO AFC', '1999-01-06', NULL),
(896, 125, 'shila.pace', 'Shila', 'Pace', 'CUOCO AFC', '2000-01-05', NULL),
(897, 125, 'laura.mondani', 'Laura', 'Mondani', 'CUOCO AFC', '2000-05-31', NULL),
(898, 126, 'elisa.delfoc', 'Elisa', 'Delfoc', 'CUOCO AFC', '2000-06-10', NULL),
(899, 126, 'davide.canonica', 'Davide', 'Canonica', 'CUOCO AFC', '1991-09-06', NULL),
(900, 127, 'pamela.faita', 'Pamela', 'Faita', 'CUOCO AFC', '1995-08-10', NULL),
(901, 126, 'massimiliano.florio', 'Massimiliano', 'Florio', 'CUOCO AFC', '1998-11-16', NULL),
(902, 126, 'samuele.maglio', 'Samuele', 'Maglio', 'CUOCO AFC', '1996-12-23', NULL),
(903, 126, 'pamela.borgna', 'Pamela', 'Borgna', 'CUOCO AFC', '2000-02-12', NULL),
(904, 126, 'mahe.acunzoli', 'Mahe', 'Acunzoli', 'CUOCO AFC', '1999-03-29', NULL),
(905, 126, 'cécil.stamm', 'Cécil', 'Stamm', 'CUOCO AFC', '1996-03-22', NULL),
(906, 126, 'alice.zanetti', 'Alice Gina', 'Zanetti', 'CUOCO AFC', '1998-01-05', NULL),
(907, 126, 'gianni.donati', 'Gianni', 'Donati', 'CUOCO AFC', '2000-09-29', NULL),
(908, 126, 'matteo.mozzini', 'Matteo', 'Mozzini', 'CUOCO AFC', '2000-11-06', NULL),
(909, 126, 'inti.apolinario', 'Inti Lluri', 'Apolinario Rios', 'CUOCO AFC', '1994-07-07', NULL),
(910, 126, 'emma.ponti', 'Emma', 'Ponti', 'CUOCO AFC', '2000-04-29', NULL),
(911, 126, 'nicole.ballabio', 'Nicole', 'Ballabio', 'CUOCO AFC', '2000-08-31', NULL),
(912, 126, 'santiago.garcia', 'Santiago', 'Garcia Cedeno', 'CUOCO AFC', '1995-06-28', NULL),
(913, 126, 'robin.hartmann', 'Robin', 'Hartmann', 'CUOCO AFC', '1998-07-02', NULL),
(914, 126, 'luca.sorrentino', 'Luca', 'Sorrentino', 'CUOCO AFC', '1999-06-30', NULL),
(915, 126, 'sara.frigerio', 'Sara', 'Frigerio', 'CUOCO AFC', '1999-06-24', NULL),
(916, 126, 'denis.piazza', 'Denis', 'Piazza', 'CUOCO AFC', '2000-07-15', NULL),
(917, 127, 'daniel.giudice', 'Daniel', 'Giudice', 'CUOCO AFC', '2000-04-28', NULL),
(918, 127, 'rachele.tommasina', 'Rachele Camilla Smeralda', 'Tommasina', 'CUOCO AFC', '1994-07-21', NULL),
(919, 127, 'federico.desantis', 'Federico', 'De Santis', 'CUOCO AFC', '1996-12-28', NULL),
(920, 127, 'nicola.bartoli', 'Nicola', 'Bartoli', 'CUOCO AFC', '2000-08-07', NULL),
(921, 127, 'edgardo.cerabona', 'Edgardo', 'Cerabona', 'CUOCO AFC', '1998-10-13', NULL),
(922, 127, 'debora.barros', 'Debora Andreia', 'Barros Damas', 'CUOCO AFC', '1996-04-22', NULL),
(923, 127, 'igor.guarise', 'Igor', 'Guarise', 'CUOCO AFC', '2000-05-05', NULL),
(924, 127, 'labinot.kameraj', 'Labinot', 'Kameraj', 'CUOCO AFC', '1996-03-27', NULL),
(925, 127, 'noemy.carpio', 'Noemy', 'Carpio', 'CUOCO AFC', '1995-02-22', NULL),
(926, 127, 'nathan.bagnovini', 'Nathan', 'Bagnovini', 'CUOCO AFC', '2000-07-24', NULL),
(927, 127, 'david.dachille', 'David', 'Dachille', 'CUOCO AFC', '1983-03-25', NULL),
(928, 127, 'elisa.livio', 'Elisa', 'Livio', 'CUOCO AFC', '2000-04-23', NULL),
(929, 127, 'serena.beltrametti', 'Serena', 'Beltrametti', 'CUOCO AFC', '2000-05-25', NULL),
(930, 127, 'roberto.gherlone', 'Roberto', 'Gherlone', 'CUOCO AFC', '2000-09-25', NULL),
(931, 128, 'egon.bay', 'Egon', 'Bay', 'DISEGNATORE AFC (INGEGNERIA CIVILE)', '2000-02-29', NULL),
(932, 128, 'mattia.civatti', 'Mattia', 'Civatti', 'DISEGNATORE AFC (INGEGNERIA CIVILE)', '2000-05-26', NULL),
(933, 130, 'aaron.beretta', 'Aaron', 'Beretta', 'DISEGNATORE AFC (INGEGNERIA CIVILE)', '2000-02-04', NULL),
(934, 128, 'alessandro.moscatell', 'Alessandro', 'Moscatelli', 'DISEGNATORE AFC (INGEGNERIA CIVILE)', '1999-03-18', NULL),
(935, 130, 'francesco.spadoni', 'Francesco', 'Spadoni', 'DISEGNATORE AFC (INGEGNERIA CIVILE)', '1996-12-13', NULL),
(936, 130, 'lukas.milovanovic', 'Lukas', 'Milovanovic', 'DISEGNATORE AFC (INGEGNERIA CIVILE)', '2000-10-10', NULL),
(937, 131, 'robin.stornetta', 'Robin', 'Stornetta', 'DISEGNATORE AFC (INGEGNERIA CIVILE)', '1999-09-19', NULL),
(938, 131, 'simone.nicoli', 'Simone', 'Nicoli', 'DISEGNATORE AFC (INGEGNERIA CIVILE)', '2000-07-27', NULL),
(939, 131, 'mattia.tormen', 'Mattia', 'Tormen', 'DISEGNATORE AFC (INGEGNERIA CIVILE)', '2000-12-08', NULL),
(940, 131, 'simone.piffaretti', 'Simone', 'Piffaretti', 'DISEGNATORE AFC (INGEGNERIA CIVILE)', '2000-04-15', NULL),
(941, 128, 'giada.sassella', 'Giada', 'Sassella', 'DISEGNATORE AFC (INGEGNERIA CIVILE)', '2000-05-15', NULL),
(942, 130, 'kerim.cattaneo', 'Kerim', 'Cattaneo', 'DISEGNATORE AFC (INGEGNERIA CIVILE)', '2000-03-17', NULL),
(943, 131, 'danny.manni', 'Danny', 'Manni', 'DISEGNATORE AFC (INGEGNERIA CIVILE)', '1998-08-08', NULL),
(944, 129, 'roberto.besana', 'Roberto', 'Besana', 'DISEGNATORE AFC (INGEGNERIA CIVILE)', '1996-08-19', NULL),
(945, 130, 'luca.borkowetz', 'Luca', 'Borkowetz', 'DISEGNATORE AFC (INGEGNERIA CIVILE)', '2000-11-07', NULL),
(946, 129, 'dario.donghi', 'Dario', 'Donghi', 'DISEGNATORE AFC (INGEGNERIA CIVILE)', '1999-09-23', NULL),
(947, 128, 'kevin.fabiano', 'Kevin', 'Fabiano', 'DISEGNATORE AFC (INGEGNERIA CIVILE)', '1999-06-07', NULL),
(948, 128, 'giorgio.guggiari', 'Giorgio', 'Guggiari', 'DISEGNATORE AFC (INGEGNERIA CIVILE)', '1999-12-06', NULL),
(949, 130, 'christian.lancini', 'Christian', 'Lancini', 'DISEGNATORE AFC (INGEGNERIA CIVILE)', '2000-06-15', NULL),
(950, 129, 'edoardo.franceschina', 'Edoardo', 'Franceschina', 'DISEGNATORE AFC (INGEGNERIA CIVILE)', '2000-03-01', NULL),
(951, 131, 'giada.innocenti', 'Giada', 'Innocenti', 'DISEGNATORE AFC (INGEGNERIA CIVILE)', '1999-08-23', NULL),
(952, 130, 'federico.tomat', 'Federico', 'Tomat', 'DISEGNATORE AFC (INGEGNERIA CIVILE)', '1999-07-23', NULL),
(953, 129, 'samuel.brusacoram', 'Samuel', 'Brusacoram', 'DISEGNATORE AFC (INGEGNERIA CIVILE)', '2000-06-29', NULL),
(954, 131, 'lyam.koch', 'Lyam', 'Koch', 'DISEGNATORE AFC (INGEGNERIA CIVILE)', '1999-11-11', NULL),
(955, 129, 'alessandra.gengaro', 'Alessandra', 'Gengaro', 'DISEGNATORE AFC (INGEGNERIA CIVILE)', '1994-07-09', NULL),
(956, 121, 'simone.taufer', 'Simone', 'Taufer', 'LABORATORISTA AFC (BIOLOGIA)', '1999-06-02', NULL),
(957, 132, 'alexis.richina', 'Alexis', 'Richina', 'LABORATORISTA AFC (BIOLOGIA)', '1998-04-22', NULL),
(958, 132, 'raul.machado', 'Raul', 'Machado', 'LABORATORISTA AFC (BIOLOGIA)', '2000-07-16', NULL),
(959, 132, 'adriana.haldemann', 'Adriana', 'Haldemann', 'LABORATORISTA AFC (BIOLOGIA)', '2000-03-04', NULL),
(960, 133, 'bennet.mars', 'Bennet', 'Mars', 'ELETTRONICO MULTIMEDIALE AFC', '1998-01-07', NULL),
(961, 134, 'otto.geczko', 'Otto', 'Geczko', 'SPAZZACAMINO AFC', '1975-11-19', NULL),
(962, 134, 'juan.moioli', 'Juan Carlos', 'Moioli', 'SPAZZACAMINO AFC', '1993-05-12', NULL),
(963, 134, 'ivan.giovanoli', 'Ivan', 'Giovanoli', 'SPAZZACAMINO AFC', '1983-12-19', NULL),
(964, 135, 'matteo.mariotti', 'Matteo', 'Mariotti', 'PROGETTISTA NELLA TECNICA DELLA COSTRUZIONE VENTILAZIONE AFC ', '1988-02-20', NULL),
(965, 136, 'alex.koutantis', 'Alex', 'Koutantis', 'TECNICO ALIMENTARISTA AFC', '1997-01-22', NULL),
(966, 136, 'adria.murtic', 'Adria', 'Murtic', 'TECNICO ALIMENTARISTA AFC', '1997-01-10', NULL),
(967, 137, 'siro.maffioli', 'Siro', 'Maffioli', 'RICICLATORE AFC', '1998-10-01', NULL),
(968, 137, 'pietro.gallizia', 'Pietro', 'Gallizia', 'RICICLATORE AFC', '1999-07-04', NULL),
(969, 137, 'fabio.caputo', 'Fabio', 'Caputo', 'RICICLATORE AFC', '1986-04-26', NULL),
(970, 137, 'giovanni.martinelli', 'Giovanni', 'Martinelli', 'RICICLATORE AFC', '1980-07-21', NULL),
(971, 137, 'yannick.pestoni', 'Yannick', 'Pestoni', 'RICICLATORE AFC', '1993-03-01', NULL),
(972, 138, 'christian.reinhardt', 'Christian Beniamino', 'Reinhardt', 'Policostruttore afc (costruzione di ponteggi)', '1980-12-11', NULL),
(973, 139, 'simon.fernandez', 'Simon', 'Fernandez', 'DISEGNATORE AFC (ARCHITETTURA)', '2000-02-01', NULL),
(974, 139, 'gloria.kurz', 'Gloria', 'Kurz', 'DISEGNATORE AFC (ARCHITETTURA)', '1997-12-12', NULL),
(975, 130, 'franco.togni', 'Franco', 'Togni', 'DISEGNATORE AFC (ARCHITETTURA)', '2000-04-28', NULL);
INSERT INTO `allievi` (`id`, `id_classe`, `username`, `nome`, `cognome`, `professione`, `nascita`, `remember_token`) VALUES
(976, 140, 'claudine.krauchthale', 'Claudine', 'Krauchthaler', 'DISEGNATORE AFC (ARCHITETTURA)', '1993-03-25', NULL),
(977, 130, 'ronnie.pinto', 'Ronnie', 'Pinto', 'DISEGNATORE AFC (ARCHITETTURA)', '1979-09-01', NULL),
(978, 139, 'petar.marijic', 'Petar', 'Marijic', 'DISEGNATORE AFC (ARCHITETTURA)', '2000-01-27', NULL),
(979, 140, 'remo.mazzoni', 'Remo', 'Mazzoni', 'DISEGNATORE AFC (ARCHITETTURA)', '1984-03-27', NULL),
(980, 139, 'valeria.granata', 'Valeria', 'Granata', 'DISEGNATORE AFC (ARCHITETTURA)', '1996-05-05', NULL),
(981, 130, 'william.mendes', 'William David', 'Mendes Serafim', 'DISEGNATORE AFC (ARCHITETTURA)', '1989-07-04', NULL),
(982, 139, 'marino.toscano', 'Marino', 'Toscano', 'DISEGNATORE AFC (ARCHITETTURA)', '1999-12-20', NULL),
(983, 130, 'aurora.isufi', 'Aurora', 'Isufi', 'DISEGNATORE AFC (ARCHITETTURA)', '1999-04-21', NULL),
(984, 130, 'michael.margagliotti', 'Michael', 'Margagliotti', 'DISEGNATORE AFC (ARCHITETTURA)', '1998-12-08', NULL),
(985, 139, 'paolo.casali', 'Paolo', 'Casali', 'DISEGNATORE AFC (ARCHITETTURA)', '1998-05-07', NULL),
(986, 130, 'niccolò.brusa', 'Niccolò', 'Brusa', 'DISEGNATORE AFC (ARCHITETTURA)', '1999-04-07', NULL),
(987, 130, 'milana.klimova', 'Milana', 'Klimova', 'DISEGNATORE AFC (ARCHITETTURA)', '1999-08-31', NULL),
(988, 141, 'alan.rodriguez', 'Alan', 'Rodriguez', 'TECNICO DIPLOMATO SSS IN CONDUZIONE DI LAVORI EDILI', '1989-08-05', NULL),
(989, 141, 'claudia.grillone', 'Claudia', 'Grillone', 'TECNICA DIPLOMATA SSS IN CONDUZIONE DI LAVORI EDILI', '1993-09-03', NULL),
(990, 141, 'antonio.tadic', 'Antonio', 'Tadic', 'TECNICO DIPLOMATO SSS IN CONDUZIONE DI LAVORI EDILI', '1990-10-17', NULL),
(991, 141, 'manuel.bianco', 'Manuel', 'Bianco', 'TECNICO DIPLOMATO SSS IN CONDUZIONE DI LAVORI EDILI', '1988-01-24', NULL),
(992, 141, 'sergio.bogialli', 'Sergio', 'Bogialli', 'TECNICO DIPLOMATO SSS IN CONDUZIONE DI LAVORI EDILI', '1995-06-23', NULL),
(993, 141, 'emanuel.jametti', 'Emanuel Luigi', 'Jametti', 'TECNICO DIPLOMATO SSS IN CONDUZIONE DI LAVORI EDILI', '1995-10-23', NULL),
(994, 141, 'alessandro.oliverio', 'Alessandro', 'Oliverio', 'TECNICO DIPLOMATO SSS IN CONDUZIONE DI LAVORI EDILI', '1995-06-27', NULL),
(995, 141, 'elvir.krasniqi', 'Elvir', 'Krasniqi', 'TECNICO DIPLOMATO SSS IN CONDUZIONE DI LAVORI EDILI', '1996-06-20', NULL),
(996, 141, 'luca.merino', 'Luca', 'Merino', 'TECNICO DIPLOMATO SSS IN CONDUZIONE DI LAVORI EDILI', '1985-11-01', NULL),
(997, 141, 'cihan.sarac', 'Cihan', 'Sarac', 'TECNICO DIPLOMATO SSS IN CONDUZIONE DI LAVORI EDILI', '1990-05-01', NULL),
(998, 141, 'adrijan.nikolic', 'Adrijan', 'Nikolic', 'TECNICO DIPLOMATO SSS IN CONDUZIONE DI LAVORI EDILI', '1995-05-28', NULL),
(999, 141, 'greta.vezzoli', 'Greta Alexandra', 'Vezzoli', 'TECNICA DIPLOMATA SSS IN CONDUZIONE DI LAVORI EDILI', '1994-03-02', NULL),
(1000, 141, 'daiana.gomes', 'Daiana', 'Gomes', 'TECNICA DIPLOMATA SSS IN CONDUZIONE DI LAVORI EDILI', '1991-11-05', NULL),
(1001, 142, 'luca.maggi', 'Luca', 'Maggi', 'DISEGNATORE AFC (ARCHITETTURA)', '2000-10-15', NULL),
(1002, 142, 'matteo.pagnamenta', 'Matteo', 'Pagnamenta', 'DISEGNATORE AFC (INGEGNERIA CIVILE)', '2000-11-12', NULL),
(1003, 142, 'fabio.marchese', 'Fabio', 'Marchese', 'DISEGNATORE AFC (INGEGNERIA CIVILE)', '2000-12-17', NULL),
(1004, 142, 'luca.albertini', 'Luca', 'Albertini', 'DISEGNATORE AFC (INGEGNERIA CIVILE)', '2000-04-18', NULL),
(1005, 142, 'federico.sciaresa', 'Federico', 'Sciaresa', 'DISEGNATORE AFC (ARCHITETTURA)', '2000-11-15', NULL),
(1006, 143, 'darko.bogicevic', 'Darko', 'Bogicevic\'', 'DISEGNATORE AFC (INGEGNERIA CIVILE)', '2000-01-14', NULL),
(1007, 142, 'axel.pfirter', 'Axel', 'Pfirter', 'DISEGNATORE AFC (ARCHITETTURA)', '2000-06-14', NULL),
(1008, 142, 'enea.ceppi', 'Enea', 'Ceppi', 'DISEGNATORE AFC (INGEGNERIA CIVILE)', '2000-02-25', NULL),
(1009, 142, 'noè.rossetti', 'Noè', 'Rossetti', 'DISEGNATORE AFC (ARCHITETTURA)', '2000-02-02', NULL),
(1010, 143, 'stefano.bianco', 'Stefano', 'Bianco', 'DISEGNATORE AFC (ARCHITETTURA)', '1999-02-03', NULL),
(1011, 143, 'noel.frapolli', 'Noel', 'Frapolli', 'DISEGNATORE AFC (INGEGNERIA CIVILE)', '1997-09-12', NULL),
(1012, 143, 'alessandro.bertolaso', 'Alessandro', 'Bertolaso', 'DISEGNATORE AFC (ARCHITETTURA)', '2000-04-18', NULL),
(1013, 143, 'thomas.gander', 'Thomas', 'Gander', 'DISEGNATORE AFC (ARCHITETTURA)', '2000-09-11', NULL),
(1014, 142, 'manuele.huber', 'Manuele', 'Huber', 'DISEGNATORE AFC (ARCHITETTURA)', '2000-10-20', NULL),
(1015, 142, 'erik.feijoo', 'Erik', 'Feijoo Alves', 'DISEGNATORE AFC (INGEGNERIA CIVILE)', '2000-03-15', NULL),
(1016, 143, 'lorenzo.dresti', 'Lorenzo', 'Dresti', 'DISEGNATORE AFC (ARCHITETTURA)', '1999-06-01', NULL),
(1017, 142, 'gabriele.sciaresa', 'Gabriele', 'Sciaresa', 'DISEGNATORE AFC (ARCHITETTURA)', '2000-11-15', NULL),
(1018, 139, 'noé.sciaroni', 'Noé', 'Sciaroni', 'GEOMATICO AFC', '1999-07-27', NULL),
(1019, 144, 'loris.morgenegg', 'Loris', 'Morgenegg', 'GEOMATICO AFC', '2000-12-13', NULL),
(1020, 130, 'giacomo.cariboni', 'Giacomo', 'Cariboni', 'GEOMATICO AFC', '2000-08-17', NULL),
(1021, 139, 'matteo.ferrari', 'Matteo', 'Ferrari', 'GEOMATICO AFC', '2000-06-15', NULL),
(1022, 130, 'kevin.poncioni', 'Kevin', 'Poncioni', 'GEOMATICO AFC', '1995-08-03', NULL),
(1023, 145, 'cecilia.papa', 'Cecilia', 'Papa', 'OTTICO AFC', '1998-03-26', NULL),
(1024, 145, 'sharon.berger', 'Sharon', 'Berger', 'OTTICO AFC', '2000-06-26', NULL),
(1025, 145, 'denny.martinez', 'Denny', 'Martinez Pichardo', 'OTTICO AFC', '1999-12-25', NULL),
(1026, 145, 'licia.macchi', 'Licia Giacomina', 'Macchi', 'OTTICO AFC', '2000-05-18', NULL),
(1027, 146, 'luca.rausa', 'Luca', 'Rausa', 'INFORMATICO AFC (INFORMATICA AZIENDALE)', '1998-10-08', NULL),
(1028, 146, 'diana.liloia', 'Diana', 'Liloia', 'INFORMATICO AFC (INFORMATICA AZIENDALE)', '2000-01-25', NULL),
(1029, 146, 'patrick.sartori', 'Patrick', 'Sartori', 'INFORMATICO AFC (INFORMATICA AZIENDALE)', '2000-01-24', 'fhIdSTAYDYpWI3NhvtnAw3LTnkLrrX7hreRJ0lx4OMlZr1fbOsRMh3ebMw8y'),
(1030, 146, 'davide.paradiso', 'Davide', 'Paradiso', 'INFORMATICO AFC (INFORMATICA AZIENDALE)', '2000-05-25', 'oE62V0aaCf3Ry866WufgLyFhjOyPnaj69yMqtTK1kQn5mqHH7rVxjrFZlN37'),
(1031, 146, 'lucas.previtali', 'Lucas', 'Previtali', 'INFORMATICO AFC (INFORMATICA AZIENDALE)', '2000-01-04', 'Pu18RfeTIJOqaV2NVcRsTYlqZEnNpsI6xa4I3B2vLXUbfhDCEsYRAdri0haQ'),
(1032, 146, 'gionata.battaglioni', 'Gionata', 'Battaglioni', 'INFORMATICO AFC (INFORMATICA AZIENDALE)', '1998-10-23', NULL),
(1033, 146, 'elia.manassero', 'Elia', 'Manassero', 'INFORMATICO AFC (INFORMATICA AZIENDALE)', '1999-12-09', NULL),
(1034, 146, 'luca.ristagno', 'Luca', 'Ristagno', 'INFORMATICO AFC (INFORMATICA AZIENDALE)', '1999-07-25', NULL),
(1035, 146, 'alessia.sarak', 'Alessia', 'Sarak', 'INFORMATICO AFC (INFORMATICA AZIENDALE)', '2000-09-08', NULL),
(1036, 146, 'jonas.bertossa', 'Jonas', 'Bertossa', 'INFORMATICO AFC', '2000-04-23', NULL),
(1037, 147, 'joey.biancardi', 'Joey', 'Biancardi', 'INFORMATICO AFC (INFORMATICA AZIENDALE)', '1999-07-06', NULL),
(1038, 147, 'giairo.mauro', 'Giairo', 'Mauro', 'INFORMATICO AFC (INFORMATICA AZIENDALE)', '2000-10-05', NULL),
(1039, 147, 'nemanja.stojanovic`', 'Nemanja', 'Stojanovic`', 'INFORMATICO AFC (INFORMATICA AZIENDALE)', '2000-07-04', NULL),
(1040, 146, 'gabriele.dominelli', 'Gabriele', 'Dominelli', 'INFORMATICO AFC (INFORMATICA AZIENDALE)', '1999-03-03', NULL),
(1041, 147, 'igor.fontanini', 'Igor', 'Fontanini', 'INFORMATICO AFC (INFORMATICA AZIENDALE)', '2000-03-19', NULL),
(1042, 147, 'fabio.gola', 'Fabio', 'Gola', 'INFORMATICO AFC (INFORMATICA AZIENDALE)', '1998-06-10', NULL),
(1043, 147, 'alessandro.spagnuolo', 'Alessandro', 'Spagnuolo', 'INFORMATICO AFC (INFORMATICA AZIENDALE)', '2000-09-13', NULL),
(1044, 147, 'nadir.barlozzo', 'Nadir', 'Barlozzo', 'INFORMATICO AFC (INFORMATICA AZIENDALE)', '2000-08-25', 'hw4c2p0jOd0oZebybXmJBI8AfgCnTJ8br0CmnM1cEIedLj92txuRqCd5hqPT'),
(1045, 147, 'alessandro.gomes', 'Alessandro', 'Gomes', 'INFORMATICO AFC (INFORMATICA AZIENDALE)', '1999-09-27', NULL),
(1046, 146, 'federico.agosta', 'Federico', 'Agosta', 'INFORMATICO AFC (INFORMATICA AZIENDALE)', '1999-07-02', NULL),
(1047, 147, 'erik.stalliviere', 'Erik', 'Stalliviere', 'INFORMATICO AFC (INFORMATICA AZIENDALE)', '1998-11-25', NULL),
(1048, 147, 'alessandro.colugnat', 'Alessandro', 'Colugnat', 'INFORMATICO AFC (INFORMATICA AZIENDALE)', '1999-05-07', NULL),
(1049, 147, 'gabriel.mendonça', 'Gabriel', 'Mendonça Gomes', 'INFORMATICO AFC (INFORMATICA AZIENDALE)', '1999-09-26', 'IQEWYmufMAD7lcfD1L46fJt8q5eQEtgex9ZzRirOFoNZ0QH2NaqHYEJDhgpX'),
(1050, 147, 'dyuman.bulloni', 'Dyuman', 'Bulloni', 'INFORMATICO AFC (INFORMATICA AZIENDALE)', '1999-12-21', NULL),
(1051, 148, 'andrea.destefano', 'Andrea', 'De Stefano', 'Pittore', '1994-05-06', NULL),
(1052, 148, 'vincenzo.vari', 'Vincenzo', 'Varì', 'Pittore', '1997-12-21', NULL),
(1053, 148, 'daniele.scaramuzza', 'Daniele', 'Scaramuzza', 'Pittore', '1998-08-26', NULL),
(1054, 148, 'ashley.poretti', 'Ashley', 'Poretti', 'Pittore', '1997-01-16', NULL),
(1055, 148, 'jamie.rüfenacht', 'Jamie', 'Rüfenacht', 'Pittore', '1998-11-09', NULL),
(1056, 148, 'alessandro.bossi', 'Alessandro Leonardo', 'Bossi', 'PITTORE', '1997-04-05', NULL),
(1057, 149, 'nicola.rossi', 'Nicola', 'Rossi', 'Macellaio-salumiere afc', '1999-01-08', NULL),
(1058, 149, 'igor.ambrosetti', 'Igor', 'Ambrosetti-Giudici', 'Macellaio-salumiere afc', '2000-03-27', NULL),
(1059, 149, 'samuele.sulmoni', 'Samuele', 'Sulmoni', 'Macellaio-salumiere afc', '1999-09-25', NULL),
(1060, 149, 'christian.romanenghi', 'Christian', 'Romanenghi', 'Macellaio-salumiere afc', '1999-06-06', NULL),
(1061, 149, 'matteo.lanfranchi', 'Matteo', 'Lanfranchi', 'Macellaio-salumiere afc', '2000-02-21', NULL),
(1062, 149, 'aaron.gamba', 'Aaron Joshua Andrea', 'Gamba', 'Macellaio-salumiere afc', '1996-02-17', NULL),
(1063, 149, 'marco.franceschini', 'Marco', 'Franceschini', 'Macellaio-salumiere afc', '1995-07-17', NULL),
(1064, 149, 'roman.centorrino', 'Roman', 'Centorrino', 'Macellaio-salumiere afc', '1999-12-13', NULL),
(1065, 150, 'riccardo.crivelli', 'Riccardo', 'Crivelli', 'ELETTRONICO MULTIMEDIALE AFC', '2000-03-27', NULL),
(1066, 150, 'matteo.alfiniti', 'Matteo', 'Alfiniti', 'ELETTRONICO MULTIMEDIALE AFC', '1999-03-18', NULL),
(1067, 150, 'simone.dallai', 'Simone', 'Dallai', 'ELETTRONICO MULTIMEDIALE AFC', '2000-04-22', NULL),
(1068, 151, 'mismer.tigani', 'Mismer', 'Tigani', 'TECNICO DIPLOMATO SSS IN PROGETTAZIONE EDILE', '1983-12-21', NULL),
(1069, 151, 'gerardo.giglio', 'Gerardo', 'Giglio', 'TECNICO DIPLOMATO SSS IN PROGETTAZIONE EDILE', '1993-04-17', NULL),
(1070, 151, 'davide.zaccaria', 'Davide', 'Zaccaria', 'TECNICO DIPLOMATO SSS IN PROGETTAZIONE EDILE', '1984-01-16', NULL),
(1071, 151, 'urim.berisha', 'Urim', 'Berisha', 'TECNICO DIPLOMATO SSS IN PROGETTAZIONE EDILE', '1993-04-02', NULL),
(1072, 151, 'devis.bergomi', 'Devis', 'Bergomi', 'TECNICO DIPLOMATO SSS IN PROGETTAZIONE EDILE', '1990-01-08', NULL),
(1073, 151, 'giovanni.nero', 'Giovanni', 'Nero', 'TECNICO DIPLOMATO SSS IN PROGETTAZIONE EDILE', '1991-02-08', NULL),
(1074, 151, 'matteo.guenzani', 'Matteo', 'Guenzani', 'TECNICO DIPLOMATO SSS IN PROGETTAZIONE EDILE', '1991-02-19', NULL),
(1075, 151, 'leonardo.kolev', 'Leonardo Antonio', 'Kolev', 'TECNICO DIPLOMATO SSS IN PROGETTAZIONE EDILE', '1992-08-07', NULL),
(1076, 151, 'rocco.nottaris', 'Rocco', 'Nottaris', 'TECNICO DIPLOMATO SSS IN PROGETTAZIONE EDILE', '1991-08-11', NULL),
(1077, 151, 'athos.fontana', 'Athos', 'Fontana', 'TECNICO DIPLOMATO SSS IN PROGETTAZIONE EDILE', '1988-03-31', NULL),
(1078, 152, 'luca.rossi', 'Luca', 'Rossi', 'TECNICO DIPLOMATO SSS IN CONDUZIONE DI LAVORI EDILI', '1994-06-30', NULL),
(1079, 152, 'gianmarco.casalinuov', 'Gianmarco', 'Casalinuovo', 'TECNICO DIPLOMATO SSS IN CONDUZIONE DI LAVORI EDILI', '1992-01-28', NULL),
(1080, 152, 'zoran.lazarevic', 'Zoran', 'Lazarevic', 'TECNICO DIPLOMATO SSS IN CONDUZIONE DI LAVORI EDILI', '1992-06-19', NULL),
(1081, 152, 'ivan.gogov', 'Ivan', 'Gogov', 'TECNICO DIPLOMATO SSS IN CONDUZIONE DI LAVORI EDILI', '1995-01-16', NULL),
(1082, 152, 'pietro.macchi', 'Pietro', 'Macchi', 'TECNICO DIPLOMATO SSS IN CONDUZIONE DI LAVORI EDILI', '1993-10-22', NULL),
(1083, 152, 'andrea.lusi', 'Andrea', 'Lusi', 'TECNICO DIPLOMATO SSS IN CONDUZIONE DI LAVORI EDILI', '1988-03-12', NULL),
(1084, 152, 'stefan.vuleta', 'Stefan', 'Vuleta', 'TECNICO DIPLOMATO SSS IN CONDUZIONE DI LAVORI EDILI', '1994-04-11', NULL),
(1085, 152, 'alan.bonetti', 'Alan', 'Bonetti', 'TECNICO DIPLOMATO SSS IN CONDUZIONE DI LAVORI EDILI', '1995-05-23', NULL),
(1086, 152, 'patrick.hohl', 'Patrick', 'Hohl', 'TECNICO DIPLOMATO SSS IN CONDUZIONE DI LAVORI EDILI', '1995-02-11', NULL),
(1087, 152, 'shala.bajram', 'Shala', 'Bajram', 'TECNICO DIPLOMATO SSS IN CONDUZIONE DI LAVORI EDILI', '1965-04-14', NULL),
(1088, 152, 'stefano.spagnoli', 'Stefano', 'Spagnoli', 'TECNICO DIPLOMATO SSS IN CONDUZIONE DI LAVORI EDILI', '1982-04-10', NULL),
(1089, 153, 'alex.picchizzolu', 'Alex', 'Picchizzolu', 'AGENTE TECNICO DI MATERIE SINTETICHE AFC (STAMPAGGIO PER INIEZIONE/STAMPAGGIO PER COMPRESSIONE)', '2000-01-10', NULL),
(1090, 153, 'christian.fraschina', 'Christian', 'Fraschina', 'AGENTE TECNICO DI MATERIE SINTETICHE AFC (STAMPAGGIO PER INIEZIONE/STAMPAGGIO PER COMPRESSIONE)', '1999-03-07', NULL),
(1091, 154, 'roberto.delloro', 'Roberto', 'Dell\'Oro', 'TECNOLOGO DI CHIMICA E CHIMICA FARMACEUTICA AFC (BIOTECNOLOGIA)', '1975-10-24', NULL),
(1092, 155, 'livia.giannone', 'Livia', 'Giannone', 'IMPIEGATO IN COMUNICAZIONE ALBERGHIERA AFC', '1997-03-05', NULL),
(1093, 155, 'desirée.garattini', 'Desirée', 'Garattini', 'IMPIEGATO IN COMUNICAZIONE ALBERGHIERA AFC', '1996-11-05', NULL),
(1094, 155, 'eliane.lüscher', 'Eliane', 'Lüscher', 'IMPIEGATO IN COMUNICAZIONE ALBERGHIERA AFC', '2000-02-20', NULL),
(1095, 155, 'stefan.dokic', 'Stefan', 'Dokic', 'IMPIEGATO IN COMUNICAZIONE ALBERGHIERA AFC', '2000-12-24', NULL),
(1096, 155, 'shayenne.hacker', 'Shayenne', 'Hacker', 'IMPIEGATO IN COMUNICAZIONE ALBERGHIERA AFC', '2002-03-31', NULL),
(1097, 155, 'althea.lepori', 'Althea', 'Lepori', 'IMPIEGATO IN COMUNICAZIONE ALBERGHIERA AFC', '2001-09-06', NULL),
(1098, 155, 'francesca.tanzariell', 'Francesca', 'Tanzariello', 'IMPIEGATO IN COMUNICAZIONE ALBERGHIERA AFC', '2002-05-18', NULL),
(1099, 155, 'lisa.ghamri', 'Lisa', 'Ghamri', 'IMPIEGATO IN COMUNICAZIONE ALBERGHIERA AFC', '1995-04-21', NULL),
(1100, 155, 'cheyah.angst', 'Cheyah', 'Angst', 'IMPIEGATO IN COMUNICAZIONE ALBERGHIERA AFC', '2002-12-10', NULL),
(1101, 156, 'nadia.manjon', 'Nadia', 'Manjon', 'ORAFO AFC (OREFICERIA)', '1994-09-23', NULL),
(1102, 154, 'amel.tumbul', 'Amel', 'Tumbul', 'TECNOLOGO DI CHIMICA E CHIMICA FARMACEUTICA AFC (TECNOLOGIA FARMACEUTICA)', '2000-07-01', NULL),
(1103, 148, 'raffaello.massardi', 'Raffaello', 'Massardi', 'PITTORE AFC', '1970-12-25', NULL),
(1104, 148, 'salvatore.tascone', 'Salvatore', 'Tascone', 'PITTORE AFC', '1988-07-15', NULL),
(1105, 157, 'giuseppe.tarantino', 'Giuseppe', 'Tarantino', 'PITTORE AFC', '2000-01-02', NULL),
(1106, 157, 'jonathan.franchini', 'Jonathan', 'Franchini', 'PITTORE AFC', '1997-09-19', NULL),
(1107, 157, 'sasha.ferrari', 'Sasha', 'Ferrari', 'PITTORE AFC', '2000-02-17', NULL),
(1108, 157, 'dylan.stoppa', 'Dylan', 'Stoppa', 'PITTORE AFC', '1999-04-22', NULL),
(1109, 157, 'dario.dimitriev', 'Dario', 'Dimitriev', 'PITTORE AFC', '1998-10-28', NULL),
(1110, 157, 'paolo.mandaglio', 'Paolo', 'Mandaglio', 'PITTORE AFC', '1999-04-07', NULL),
(1111, 157, 'niksha.barrios', 'Niksha', 'Barrios Lopes', 'PITTORE AFC', '2000-01-06', NULL),
(1112, 157, 'simone.villorini', 'Simone', 'Villorini', 'PITTORE AFC', '1998-12-10', NULL),
(1113, 157, 'daniel.benedetti', 'Daniel', 'Benedetti', 'PITTORE AFC', '1996-06-16', NULL),
(1114, 157, 'thomas.mariani', 'Thomas', 'Mariani', 'PITTORE AFC', '1999-08-02', NULL),
(1115, 157, 'jasmin.canonica', 'Jasmin', 'Canonica', 'PITTORE AFC', '2000-04-17', NULL),
(1116, 157, 'amin.sbaity', 'Amin', 'Sbaity', 'PITTORE AFC', '1995-05-12', NULL),
(1117, 157, 'djordje.radojkovic', 'Djordje', 'Radojkovic', 'PITTORE AFC', '1997-01-30', NULL),
(1118, 148, 'giovanni.valente', 'Giovanni', 'Valente', 'PITTORE AFC', '1967-08-11', NULL),
(1119, 158, 'mario.gabriele', 'Mario', 'Gabriele', 'PITTORE AFC', '1977-01-27', NULL),
(1120, 158, 'francesco.mantia', 'Francesco', 'Mantia', 'PITTORE AFC', '1997-04-02', NULL),
(1121, 158, 'amelia.beffa', 'Amelia', 'Beffa', 'PITTORE AFC', '1999-03-31', NULL),
(1122, 148, 'luca.audia', 'Luca', 'Audia', 'PITTORE AFC', '1986-02-04', NULL),
(1123, 158, 'david.pizzagalli', 'David', 'Pizzagalli', 'PITTORE AFC', '1994-11-28', NULL),
(1124, 158, 'loris.lardo', 'Loris', 'Lardo', 'PITTORE AFC', '2000-09-27', NULL),
(1125, 158, 'nicolo.demarchi', 'Nicolo\'', 'De Marchi', 'PITTORE AFC', '2000-10-17', NULL),
(1126, 148, 'luana.canepa', 'Luana', 'Canepa', 'PITTORE AFC', '1984-04-12', NULL),
(1127, 158, 'jacopo.carrer', 'Jacopo', 'Carrer', 'PITTORE AFC', '1996-10-23', NULL),
(1128, 158, 'davide.martinelli', 'Davide', 'Martinelli', 'PITTORE AFC', '2000-09-01', NULL),
(1129, 158, 'aron.métral', 'Aron', 'Métral', 'PITTORE AFC', '2000-02-15', NULL),
(1130, 158, 'gennaro.paragliola', 'Gennaro', 'Paragliola', 'PITTORE AFC', '1999-02-27', NULL),
(1131, 158, 'luca.scascighini', 'Luca', 'Scascighini', 'PITTORE AFC', '1998-10-11', NULL),
(1132, 158, 'davide.cantarella', 'Davide', 'Cantarella', 'PITTORE AFC', '1993-02-22', NULL),
(1133, 159, 'sandro.kassem', 'Sandro', 'Kassem', 'OROLOGIAIO DI PRODUZIONE AFC', '1990-05-24', NULL),
(1134, 159, 'tania.bagnati', 'Tania', 'Bagnati', 'OROLOGIAIO DI PRODUZIONE AFC', '1982-11-13', NULL),
(1135, 159, 'john.steele', 'John', 'Steele', 'OROLOGIAIO DI PRODUZIONE', '1999-06-07', NULL),
(1136, 159, 'ailen.melano', 'Ailen', 'Melano', 'OROLOGIAIO DI PRODUZIONE', '1996-01-17', NULL),
(1137, 159, 'antonella.spataro', 'Antonella', 'Spataro', 'OROLOGIAIO DI PRODUZIONE AFC', '1976-12-07', NULL),
(1138, 160, 'omar.bouziri', 'Omar Giovanni', 'Bouziri', 'ELETTRONICO MULTIMEDIALE AFC', '1999-11-03', NULL),
(1139, 160, 'elia.cavelti', 'Elia', 'Cavelti', 'ELETTRONICO MULTIMEDIALE AFC', '1999-04-18', NULL),
(1140, 160, 'max.balzan', 'Max', 'Balzan', 'ELETTRONICO MULTIMEDIALE AFC', '1998-10-31', NULL),
(1141, 160, 'jérôme.roy', 'Jérôme', 'Roy', 'ELETTRONICO MULTIMEDIALE AFC', '1996-04-23', NULL),
(1142, 160, 'thanushan.sivanantha', 'Thanushan', 'Sivanantharaja', 'ELETTRONICO MULTIMEDIALE AFC', '2000-08-19', NULL),
(1143, 160, 'samir.napoles', 'Samir', 'Napoles Cabrera', 'ELETTRONICO MULTIMEDIALE AFC', '2000-06-26', NULL),
(1144, 160, 'elia.fraschina', 'Elia', 'Fraschina', 'ELETTRONICO MULTIMEDIALE AFC', '1999-05-16', NULL),
(1145, 160, 'eitan.razuri', 'Eitan', 'Razuri Olazo', 'ELETTRONICO MULTIMEDIALE AFC', '2000-09-28', NULL),
(1146, 160, 'mattia.caputo', 'Mattia', 'Caputo', 'ELETTRONICO MULTIMEDIALE AFC', '1998-10-23', NULL),
(1147, 161, 'gianluca.torres', 'Gianluca', 'Torres Gatto', 'ELETTRONICO MULTIMEDIALE AFC', '1999-07-13', NULL),
(1148, 161, 'alessandro.ferrarese', 'Alessandro', 'Ferrarese', 'ELETTRONICO MULTIMEDIALE AFC', '1999-10-17', NULL),
(1149, 161, 'sabrina.gallo', 'Sabrina', 'Gallo', 'ELETTRONICO MULTIMEDIALE AFC', '1997-12-12', NULL),
(1150, 161, 'michele.gabaglio', 'Michele', 'Gabaglio', 'ELETTRONICO MULTIMEDIALE AFC', '2000-04-19', NULL),
(1151, 161, 'filippo.dantino', 'Filippo', 'D\'Antino', 'ELETTRONICO MULTIMEDIALE AFC', '2000-07-28', NULL),
(1152, 161, 'gabriele.cereghetti', 'Gabriele', 'Cereghetti', 'ELETTRONICO MULTIMEDIALE AFC', '2000-03-17', NULL),
(1153, 161, 'alexandre.rau', 'Alexandre', 'Rau', 'ELETTRONICO MULTIMEDIALE AFC', '2000-02-04', NULL),
(1154, 161, 'fabio.picco', 'Fabio', 'Picco', 'ELETTRONICO MULTIMEDIALE AFC', '2000-10-12', NULL),
(1155, 161, 'nicola.finke', 'Nicola', 'Finke', 'ELETTRONICO MULTIMEDIALE AFC', '2000-02-16', NULL),
(1156, 161, 'andrea.bortolin', 'Andrea', 'Bortolin', 'ELETTRONICO MULTIMEDIALE AFC', '1999-08-14', NULL),
(1157, 162, 'rahel.majek', 'Rahel', 'Majek', 'LABORATORISTA AFC (CHIMICA)', '2000-09-11', NULL),
(1158, 162, 'conny.gabutti', 'Conny', 'Gabutti', 'LABORATORISTA AFC (CHIMICA)', '2000-07-25', NULL),
(1159, 162, 'andrea.rek', 'Andrea', 'Rek', 'LABORATORISTA AFC (CHIMICA)', '1998-12-09', NULL),
(1160, 162, 'georgia.lucchini', 'Georgia', 'Lucchini', 'LABORATORISTA AFC (CHIMICA)', '1995-05-06', NULL),
(1161, 162, 'davide.campana', 'Davide', 'Campana', 'LABORATORISTA AFC (CHIMICA)', '1998-06-07', NULL),
(1162, 162, 'giacomo.grassi', 'Giacomo', 'Grassi', 'LABORATORISTA AFC (CHIMICA)', '1999-12-17', NULL),
(1163, 163, 'monica.widmer', 'Monica', 'Widmer', 'IMPIEGATO DI RISTORAZIONE AFC', '1996-11-22', NULL),
(1164, 163, 'ivan.paskov', 'Ivan', 'Paskov', 'IMPIEGATO DI RISTORAZIONE AFC', '1997-06-17', NULL),
(1165, 163, 'arianna.heinen', 'Arianna', 'Heinen', 'IMPIEGATO DI RISTORAZIONE AFC', '1991-12-12', NULL),
(1166, 163, 'lisa.joppini', 'Lisa', 'Joppini', 'IMPIEGATO DI RISTORAZIONE AFC', '1994-06-30', NULL),
(1167, 163, 'kevin.donbosco', 'Kevin', 'Donbosco', 'IMPIEGATO DI RISTORAZIONE AFC', '1998-11-08', NULL),
(1168, 163, 'camila.sellitto', 'Camila', 'Sellitto Espinoza', 'IMPIEGATO DI RISTORAZIONE AFC', '1997-10-03', NULL),
(1169, 163, 'antonio.perrone', 'Antonio', 'Perrone', 'IMPIEGATO DI RISTORAZIONE AFC', '1998-11-22', NULL),
(1170, 163, 'carmine.ambruosi', 'Carmine', 'Ambruosi', 'IMPIEGATO DI RISTORAZIONE AFC', '1999-09-21', NULL),
(1171, 163, 'davide.astorino', 'Davide', 'Astorino', 'IMPIEGATO DI RISTORAZIONE AFC', '1994-11-14', NULL),
(1172, 164, 'mahal.yandug', 'Mahal', 'Yandug', 'IMPIEGATO D\'ALBERGO AFC', '2000-03-21', NULL),
(1173, 164, 'chiara.alijevic', 'Chiara', 'Alijevic', 'IMPIEGATO D\'ALBERGO AFC', '1997-01-28', NULL),
(1174, 164, 'maria.semadeni', 'Maria Fernanda', 'Semadeni', 'IMPIEGATO D\'ALBERGO AFC', '1997-08-06', NULL),
(1175, 165, 'renato.bruno', 'Renato', 'Bruno', 'IMPIEGATO DI GASTRONOMIA STANDARDIZZATA AFC', '1964-06-24', NULL),
(1176, 165, 'stefano.lorusso', 'Stefano', 'Lorusso', 'IMPIEGATO DI GASTRONOMIA STANDARDIZZATA AFC', '1999-02-02', NULL),
(1177, 165, 'filip.petrovic', 'Filip', 'Petrovic', 'IMPIEGATO DI GASTRONOMIA STANDARDIZZATA AFC', '1999-03-12', NULL),
(1178, 165, 'zlatko.tosic', 'Zlatko', 'Tosic', 'IMPIEGATO DI GASTRONOMIA STANDARDIZZATA AFC', '1970-04-14', NULL),
(1179, 165, 'sonia.lorusso', 'Sonia', 'Lorusso', 'IMPIEGATO DI GASTRONOMIA STANDARDIZZATA AFC', '1999-02-02', NULL),
(1180, 166, 'mattia.ingardia', 'Mattia', 'Ingardia', 'ELETTRONICO MULTIMEDIALE AFC', '1999-03-28', NULL),
(1181, 166, 'dario.antonini', 'Dario', 'Antonini', 'ELETTRONICO MULTIMEDIALE AFC', '1999-02-21', NULL),
(1182, 167, 'davide.grosset', 'Davide', 'Grosset', 'PROGETTISTA NELLA TECNICA DELLA COSTRUZIONE VENTILAZIONE AFC ', '1996-07-14', NULL),
(1183, 169, 'kyle.fischer', 'Kyle', 'Fischer', 'PROGETTISTA NELLA TECNICA DELLA COSTRUZIONE VENTILAZIONE AFC ', '1992-08-12', NULL),
(1184, 167, 'ivan.rossinelli', 'Ivan', 'Rossinelli', 'PROGETTISTA NELLA TECNICA DELLA COSTRUZIONE VENTILAZIONE AFC ', '1991-07-15', NULL),
(1185, 170, 'giorgia.bettazza', 'Giorgia', 'Bettazza', 'GEOMATICO AFC', '1996-02-28', NULL),
(1186, 170, 'mario.spadini', 'Mario', 'Spadini', 'GEOMATICO AFC', '1996-05-05', NULL),
(1187, 171, 'michele.krebs', 'Michele Egon', 'Krebs', 'GEOMATICO AFC', '1999-06-10', NULL),
(1188, 172, 'matteo.angelone', 'Matteo', 'Angelone', 'GEOMATICO AFC', '1999-12-07', NULL),
(1189, 170, 'talal.almustafa', 'Talal', 'Al Mustafa', 'GEOMATICO AFC', '1977-08-01', NULL),
(1190, 170, 'pietro.selitaj', 'Pietro', 'Selitaj', 'GEOMATICO AFC', '1995-03-08', NULL),
(1191, 172, 'damiano.delbiaggio', 'Damiano', 'Delbiaggio', 'GEOMATICO AFC', '1999-11-26', NULL),
(1192, 172, 'davide.succetti', 'Davide', 'Succetti', 'GEOMATICO AFC', '1998-03-12', NULL),
(1193, 172, 'caio.bosque', 'Caio Julius Caesar', 'Bosque Kwamme De Castro', 'GEOMATICO AFC', '1998-03-10', NULL),
(1194, 170, 'yuri.fontana', 'Yuri', 'Fontana', 'GEOMATICO AFC', '1999-08-20', NULL),
(1195, 170, 'patrick.rossi', 'Patrick', 'Rossi', 'GEOMATICO AFC', '1996-11-30', NULL),
(1196, 173, 'valentina.cavagliott', 'Valentina', 'Cavagliotti', 'PANETTIERE-PASTICCIERE-CONFETTIERE AFC (PANETTERIA-PASTICCERIA)', '1999-05-07', NULL),
(1197, 173, 'irene.prisco', 'Irene', 'Prisco Stern', 'PANETTIERE-PASTICCIERE-CONFETTIERE AFC (PANETTERIA-PASTICCERIA)', '1997-01-17', NULL),
(1198, 173, 'lisa.marotta', 'Lisa', 'Marotta', 'PANETTIERE-PASTICCIERE-CONFETTIERE AFC (PANETTERIA-PASTICCERIA)', '1994-05-23', NULL),
(1199, 173, 'aramis.sassella', 'Aramis', 'Sassella', 'PANETTIERE-PASTICCIERE-CONFETTIERE AFC (PANETTERIA-PASTICCERIA)', '1998-10-20', NULL),
(1200, 173, 'duilio.gorla', 'Duilio', 'Gorla', 'PANETTIERE-PASTICCIERE-CONFETTIERE AFC (PANETTERIA-PASTICCERIA)', '1999-07-09', NULL),
(1201, 173, 'sofia.buloncelli', 'Sofia Brigitte Valentina', 'Buloncelli', 'PANETTIERE-PASTICCIERE-CONFETTIERE AFC (PANETTERIA-PASTICCERIA)', '1995-08-25', NULL),
(1202, 174, 'delia.bazzurri', 'Delia', 'Bazzurri', 'PANETTIERE-PASTICCIERE-CONFETTIERE AFC (PASTICCERIA-CONFETTERIA)', '1999-10-24', NULL),
(1203, 174, 'samuele.tulipani', 'Samuele', 'Tulipani', 'PANETTIERE-PASTICCIERE-CONFETTIERE AFC (PASTICCERIA-CONFETTERIA)', '2000-11-17', NULL),
(1204, 174, 'lisa.bianchi', 'Lisa', 'Bianchi', 'PANETTIERE-PASTICCIERE-CONFETTIERE AFC (PASTICCERIA-CONFETTERIA)', '1997-01-01', NULL),
(1205, 174, 'gabriele.azzolina', 'Gabriele', 'Azzolina', 'PANETTIERE-PASTICCIERE-CONFETTIERE AFC (PASTICCERIA-CONFETTERIA)', '1999-07-01', NULL),
(1206, 174, 'luciano.rossi', 'Luciano', 'Rossi', 'PANETTIERE-PASTICCIERE-CONFETTIERE AFC (PASTICCERIA-CONFETTERIA)', '1976-09-29', NULL),
(1207, 174, 'sarah.soldini', 'Sarah', 'Soldini', 'PANETTIERE-PASTICCIERE-CONFETTIERE AFC (PASTICCERIA-CONFETTERIA)', '1999-08-13', NULL),
(1208, 174, 'anna.madrigali', 'Anna', 'Madrigali', 'PANETTIERE-PASTICCIERE-CONFETTIERE AFC (PASTICCERIA-CONFETTERIA)', '1999-11-22', NULL),
(1209, 174, 'francesca.albanese', 'Francesca', 'Albanese', 'PANETTIERE-PASTICCIERE-CONFETTIERE AFC (PASTICCERIA-CONFETTERIA)', '2000-06-09', NULL),
(1210, 174, 'aris.alamo', 'Aris', 'Alamo', 'PANETTIERE-PASTICCIERE-CONFETTIERE AFC (PASTICCERIA-CONFETTERIA)', '1998-08-07', NULL),
(1211, 174, 'milena.scolari', 'Milena', 'Scolari', 'PANETTIERE-PASTICCIERE-CONFETTIERE AFC (PASTICCERIA-CONFETTERIA)', '2000-05-09', NULL),
(1212, 175, 'simone.gagliardi', 'Simone', 'Gagliardi', 'ELETTRONICO MULTIMEDIALE AFC', '1998-10-08', NULL),
(1213, 175, 'daniele.romelli', 'Daniele', 'Romelli', 'ELETTRONICO MULTIMEDIALE AFC', '1997-08-15', NULL),
(1214, 175, 'joey.ruberto', 'Joey', 'Ruberto', 'ELETTRONICO MULTIMEDIALE AFC', '1999-02-22', NULL),
(1215, 175, 'nicolas.fraschina', 'Nicolas', 'Fraschina', 'ELETTRONICO MULTIMEDIALE AFC', '1999-11-18', NULL),
(1216, 175, 'alessio.bortolotti', 'Alessio', 'Bortolotti', 'ELETTRONICO MULTIMEDIALE AFC', '1999-07-01', NULL),
(1217, 175, 'michelle.ponti', 'Michelle', 'Ponti', 'ELETTRONICO MULTIMEDIALE AFC', '1999-03-08', NULL),
(1218, 175, 'diego.zappa', 'Diego', 'Zappa', 'ELETTRONICO MULTIMEDIALE AFC', '1997-04-06', NULL),
(1219, 176, 'giada.costagliola', 'Giada', 'Costagliola', 'ELETTRONICO MULTIMEDIALE AFC', '1999-10-17', NULL),
(1220, 176, 'davide.gagliardino', 'Davide', 'Gagliardino', 'ELETTRONICO MULTIMEDIALE AFC', '1999-09-16', NULL),
(1221, 176, 'stefano.pasquali', 'Stefano', 'Pasquali', 'ELETTRONICO MULTIMEDIALE AFC', '1999-03-07', NULL),
(1222, 176, 'daniel.campos', 'Daniel', 'Campos Jeronimo', 'ELETTRONICO MULTIMEDIALE AFC', '1999-06-12', NULL),
(1223, 176, 'anujan.sivalingam', 'Anujan', 'Sivalingam', 'ELETTRONICO MULTIMEDIALE AFC', '1997-10-16', NULL),
(1224, 176, 'davide.dapiedade', 'Davide', 'Da Piedade', 'ELETTRONICO MULTIMEDIALE AFC', '1999-06-30', NULL),
(1225, 176, 'mauro.settimo', 'Mauro', 'Settimo', 'ELETTRONICO MULTIMEDIALE AFC', '1999-08-09', NULL),
(1226, 176, 'matteo.tagliabue', 'Matteo', 'Tagliabue', 'ELETTRONICO MULTIMEDIALE AFC', '1998-12-29', NULL),
(1227, 176, 'lara.simonetti', 'Lara', 'Simonetti', 'ELETTRONICO MULTIMEDIALE AFC', '1999-01-22', NULL),
(1228, 175, 'manuele.rossetti', 'Manuele', 'Rossetti', 'ELETTRONICO MULTIMEDIALE AFC', '1999-07-21', NULL),
(1229, 177, 'andrea.molteni', 'Andrea', 'Molteni', 'MECCANICO DI MOTOVEICOLI AFC', '1999-12-11', NULL),
(1230, 177, 'philip.tomasini', 'Philip', 'Tomasini', 'GIARDINIERE AFC (PAESAGGISMO)', '1998-08-03', NULL),
(1231, 177, 'filippo.cremona', 'Filippo', 'Cremona', 'SELVICOLTORE AFC', '1999-09-11', NULL),
(1232, 177, 'fabio.messina', 'Fabio', 'Messina', ' MECCANICO DI MANUTENZIONE PER AUTOMOBILI AFC (VEICOLI LEGGERI)', '1999-02-16', NULL),
(1233, 177, 'giacomo.foti', 'Giacomo', 'Foti', 'CARROZZIERE VERNICIATORE AFC', '1999-03-30', NULL),
(1234, 177, 'luca.zeindler', 'Luca', 'Zeindler', 'INSTALLATORE ELETTRICISTA AFC', '1999-07-06', NULL),
(1235, 177, 'fiorenzo.saporito', 'Fiorenzo Emanuele', 'Saporito', 'FALEGNAME AFC (COSTRUZIONE/FINESTRE)', '1996-04-29', NULL),
(1236, 177, 'fabio.lucchini', 'Fabio', 'Lucchini', 'INSTALLATORE ELETTRICISTA AFC', '1998-12-06', NULL),
(1237, 177, 'dina.marzullo', 'Dina', 'Marzullo', 'PITTORE AFC', '1998-01-15', NULL),
(1238, 177, 'giorgio.chirra', 'Giorgio', 'Chirra', ' CUOCO AFC', '1996-08-26', NULL),
(1239, 177, 'noam.derienzo', 'Noam', 'De Rienzo', 'MECCATRONICO D\'AUTOMOBILI AFC (VEICOLI LEGGERI) ', '1999-06-08', NULL),
(1240, 178, 'simone.guggiari', 'Simone', 'Guggiari', 'DISEGNATORE AFC (INGEGNERIA CIVILE)', '1999-04-28', NULL),
(1241, 179, 'mauro.boraschi', 'Mauro', 'Boraschi', 'DISEGNATORE AFC (ARCHITETTURA)', '1998-08-12', NULL),
(1242, 178, 'asia.rebuzzi', 'Asia', 'Rebuzzi', 'DISEGNATORE AFC (INGEGNERIA CIVILE)', '1999-10-19', NULL),
(1243, 178, 'alois.cattaneo', 'Alois', 'Cattaneo', 'DISEGNATORE AFC (INGEGNERIA CIVILE)', '1999-09-08', NULL),
(1244, 178, 'michele.molteni', 'Michele', 'Molteni', 'DISEGNATORE AFC (INGEGNERIA CIVILE)', '1999-03-06', NULL),
(1245, 179, 'stefano.corbetta', 'Stefano', 'Corbetta', 'DISEGNATORE AFC (ARCHITETTURA)', '1997-04-03', NULL),
(1246, 179, 'argjent.kurtaj', 'Argjent', 'Kurtaj', 'DISEGNATORE AFC (ARCHITETTURA)', '1999-12-05', NULL),
(1247, 178, 'ramush.elshani', 'Ramush', 'Elshani', 'DISEGNATORE AFC (INGEGNERIA CIVILE)', '1999-11-15', NULL),
(1248, 178, 'laura.bernaschina', 'Laura', 'Bernaschina', 'DISEGNATORE AFC (INGEGNERIA CIVILE)', '1999-02-20', NULL),
(1249, 179, 'william.debortoli', 'William', 'De Bortoli', 'DISEGNATORE AFC (ARCHITETTURA)', '1999-06-23', NULL),
(1250, 179, 'anastasija.trajkovic', 'Anastasija', 'Trajkovic', 'DISEGNATORE AFC (ARCHITETTURA)', '1999-12-20', NULL),
(1251, 179, 'alessia.rossi', 'Alessia', 'Rossi', 'DISEGNATORE AFC (ARCHITETTURA)', '1999-08-09', NULL),
(1252, 178, 'matteo.morandini', 'Matteo', 'Morandini', 'DISEGNATORE AFC (INGEGNERIA CIVILE)', '1999-07-01', NULL),
(1253, 179, 'leonardo.margna', 'Leonardo', 'Margna', 'DISEGNATORE AFC (ARCHITETTURA)', '1999-05-17', NULL),
(1254, 179, 'gionata.mesiano', 'Gionata', 'Mesiano', 'DISEGNATORE AFC (ARCHITETTURA)', '1999-08-24', NULL),
(1255, 178, 'gabriele.brenchio', 'Gabriele', 'Brenchio', 'DISEGNATORE AFC (INGEGNERIA CIVILE)', '1999-07-20', NULL),
(1256, 178, 'alfio.gianinazzi', 'Alfio Domenico', 'Gianinazzi', 'DISEGNATORE AFC (INGEGNERIA CIVILE)', '1999-04-30', NULL),
(1257, 179, 'kevin.leu', 'Kevin', 'Leu', 'DISEGNATORE AFC (ARCHITETTURA)', '1997-11-25', NULL),
(1258, 179, 'etienne.cavaglieri', 'Etienne', 'Cavaglieri-Oncelli', 'DISEGNATORE AFC (ARCHITETTURA)', '1998-12-29', NULL),
(1259, 179, 'simone.battistella', 'Simone', 'Battistella', 'DISEGNATORE AFC (ARCHITETTURA)', '1999-12-19', NULL),
(1260, 180, 'samuela.ghinato', 'Samuela', 'Ghinato', 'ODONTOTECNICO AFC', '1994-06-01', NULL),
(1261, 181, 'stefano.lomonte', 'Stefano', 'Lomonte', 'AGENTE TECNICO DI MATERIE SINTETICHE AFC (ESTRUSIONE)', '1995-01-28', NULL),
(1262, 166, 'stefan.manojlovic', 'Stefan', 'Manojlovic', 'ELETTRONICO MULTIMEDIALE', '1998-07-27', NULL),
(1263, 182, 'marco.chinelli', 'Marco', 'Chinelli', 'PROGETTISTA NELLA TECNICA DELLA COSTRUZIONE IMPIANTI SANITARI AFC ', '1970-06-18', NULL),
(1264, 182, 'andrea.molinari', 'Andrea', 'Molinari', 'PROGETTISTA NELLA TECNICA DELLA COSTRUZIONE IMPIANTI SANITARI AFC ', '1988-04-22', NULL),
(1265, 169, 'francesco.vassena', 'Francesco', 'Vassena', 'PROGETTISTA NELLA TECNICA DELLA COSTRUZIONE RISCALDAMENTO AFC', '1998-07-21', NULL),
(1266, 183, 'tiago.coelho', 'Tiago André', 'Coelho Calado', 'PROGETTISTA NELLA TECNICA DELLA COSTRUZIONE RISCALDAMENTO AFC', '1997-12-17', NULL),
(1267, 183, 'patrizio.cassarino', 'Patrizio', 'Cassarino', 'PROGETTISTA NELLA TECNICA DELLA COSTRUZIONE RISCALDAMENTO AFC', '1969-04-24', NULL),
(1268, 183, 'edoardo.zampirolli', 'Edoardo', 'Zampirolli', 'PROGETTISTA NELLA TECNICA DELLA COSTRUZIONE RISCALDAMENTO AFC', '1995-11-03', NULL),
(1269, 183, 'marco.femminis', 'Marco', 'Femminis', 'PROGETTISTA NELLA TECNICA DELLA COSTRUZIONE RISCALDAMENTO AFC', '1991-10-12', NULL),
(1270, 183, 'ljan.martinelli', 'Ljan', 'Martinelli', 'PROGETTISTA NELLA TECNICA DELLA COSTRUZIONE RISCALDAMENTO AFC', '1999-01-11', NULL),
(1271, 183, 'johnny.gotti', 'Johnny', 'Gotti', 'PROGETTISTA NELLA TECNICA DELLA COSTRUZIONE RISCALDAMENTO AFC', '1993-12-14', NULL),
(1272, 183, 'alessio.madaschi', 'Alessio', 'Madaschi', 'PROGETTISTA NELLA TECNICA DELLA COSTRUZIONE RISCALDAMENTO AFC', '1995-02-02', NULL),
(1273, 183, 'giovanni.vitacca', 'Giovanni', 'Vitacca', 'PROGETTISTA NELLA TECNICA DELLA COSTRUZIONE RISCALDAMENTO AFC', '1995-03-28', NULL),
(1274, 183, 'djordje.icagic', 'Djordje', 'Icagic', 'PROGETTISTA NELLA TECNICA DELLA COSTRUZIONE RISCALDAMENTO AFC', '1997-05-12', NULL),
(1275, 183, 'elmaz.shabanaj', 'Elmaz', 'Shabanaj', 'COSTRUTTORE DI BINARI AFC', '1984-01-30', NULL),
(1276, 184, 'martino.broggi', 'Martino', 'Broggi', 'DISEGNATORE AFC (INGEGNERIA CIVILE)', '1999-02-15', NULL),
(1277, 184, 'riccardo.zaccardi', 'Riccardo', 'Zaccardi', 'DISEGNATORE AFC (INGEGNERIA CIVILE)', '1998-10-04', NULL),
(1278, 184, 'paula.barbosa', 'Paula Margarida', 'Barbosa Azevedo', 'DISEGNATORE AFC (INGEGNERIA CIVILE)', '1997-05-20', NULL),
(1279, 184, 'mario.alzate', 'Mario', 'Alzate Pizarro', 'DISEGNATORE AFC (INGEGNERIA CIVILE)', '1997-12-28', NULL),
(1280, 184, 'alex.bernasconi', 'Alex', 'Bernasconi', 'DISEGNATORE AFC (INGEGNERIA CIVILE)', '1997-10-12', NULL),
(1281, 184, 'marco.dazzi', 'Marco', 'Dazzi', 'DISEGNATORE AFC (INGEGNERIA CIVILE)', '1998-08-06', NULL),
(1282, 184, 'vanessa.infanti', 'Vanessa', 'Infanti', 'DISEGNATORE AFC (INGEGNERIA CIVILE)', '1999-11-14', NULL),
(1283, 184, 'diogo.dealmeida', 'Diogo', 'De Almeida Sousa', 'DISEGNATORE AFC (INGEGNERIA CIVILE)', '1999-02-22', NULL),
(1284, 172, 'samuele.giambonini', 'Samuele', 'Giambonini', 'DISEGNATORE AFC (INGEGNERIA CIVILE)', '1998-07-06', NULL),
(1285, 184, 'thalles.ferreira', 'Thalles Vinicius', 'Ferreira', 'DISEGNATORE AFC (INGEGNERIA CIVILE)', '1988-06-25', NULL),
(1286, 184, 'andreea.andrei', 'Andreea-Evelina', 'Andrei', 'DISEGNATORE AFC (INGEGNERIA CIVILE)', '1999-11-30', NULL),
(1287, 184, 'joël.morotti', 'Joël', 'Morotti', 'DISEGNATORE AFC (INGEGNERIA CIVILE)', '1999-05-21', NULL),
(1288, 184, 'dario.culap', 'Dario', 'Culap', 'DISEGNATORE AFC (INGEGNERIA CIVILE)', '1999-09-16', NULL),
(1289, 184, 'luca.arcuri', 'Luca', 'Arcuri', 'DISEGNATORE AFC (INGEGNERIA CIVILE)', '1999-05-21', NULL),
(1290, 184, 'cyrill.degiacomi', 'Cyrill', 'De Giacomi', 'DISEGNATORE AFC (INGEGNERIA CIVILE)', '1999-02-15', NULL),
(1291, 184, 'mattia.meuli', 'Mattia', 'Meuli', 'DISEGNATORE AFC (INGEGNERIA CIVILE)', '1997-06-26', NULL),
(1292, 184, 'florentina.berisha', 'Florentina', 'Berisha', 'DISEGNATORE AFC (INGEGNERIA CIVILE)', '1999-06-18', NULL),
(1293, 184, 'brenno.rigo', 'Brenno', 'Rigo', 'DISEGNATORE AFC (INGEGNERIA CIVILE)', '1998-11-25', NULL),
(1294, 184, 'riccardo.derigo', 'Riccardo', 'Derigo', 'DISEGNATORE AFC (INGEGNERIA CIVILE)', '1999-08-14', NULL),
(1295, 184, 'marco.triolo', 'Marco', 'Triolo', 'DISEGNATORE AFC (INGEGNERIA CIVILE)', '1992-08-13', NULL),
(1296, 184, 'alessandro.dilorenzo', 'Alessandro', 'Di Lorenzo', 'DISEGNATORE AFC (INGEGNERIA CIVILE)', '1999-11-28', NULL),
(1297, 184, 'michel.prato', 'Michel', 'Prato', 'DISEGNATORE AFC (INGEGNERIA CIVILE)', '1999-10-26', NULL),
(1298, 169, 'kevin.arosio', 'Kevin', 'Arosio', 'DISEGNATORE AFC (ARCHITETTURA)', '1999-04-29', NULL),
(1299, 168, 'ana.lazic', 'Ana', 'Lazic', 'DISEGNATORE AFC (ARCHITETTURA)', '1998-05-14', NULL),
(1300, 185, 'gianluca.leo', 'Gianluca', 'Leo', 'DISEGNATORE AFC (ARCHITETTURA)', '1998-09-29', NULL),
(1301, 185, 'asia.dipaola', 'Asia', 'Di Paola', 'DISEGNATORE AFC (ARCHITETTURA)', '1998-02-21', NULL),
(1302, 185, 'ruben.arcidiacono', 'Ruben', 'Arcidiacono', 'DISEGNATORE AFC (ARCHITETTURA)', '1999-06-09', NULL),
(1303, 185, 'erion.shala', 'Erion', 'Shala', 'DISEGNATORE AFC (ARCHITETTURA)', '1998-11-30', NULL),
(1304, 185, 'johnny.casavecchia', 'Johnny Mattia', 'Casavecchia', 'DISEGNATORE AFC (ARCHITETTURA)', '1998-06-08', NULL),
(1305, 169, 'alex.gasparetti', 'Alex', 'Gasparetti', 'DISEGNATORE AFC (ARCHITETTURA)', '1999-09-07', NULL),
(1306, 169, 'misha.lanfranchi', 'Misha', 'Lanfranchi', 'DISEGNATORE AFC (ARCHITETTURA)', '1998-04-15', NULL),
(1307, 185, 'massimo.tessaro', 'Massimo', 'Tessaro', 'DISEGNATORE AFC (ARCHITETTURA)', '1985-05-31', NULL),
(1308, 168, 'stefano.gatti', 'Stefano', 'Gatti', 'DISEGNATORE AFC (ARCHITETTURA)', '1997-08-20', NULL),
(1309, 169, 'emilio.serravalle', 'Emilio', 'Serravalle', 'DISEGNATORE AFC (ARCHITETTURA)', '1999-03-05', NULL),
(1310, 185, 'granit.sherifi', 'Granit', 'Sherifi', 'DISEGNATORE AFC (ARCHITETTURA)', '1998-09-24', NULL),
(1311, 185, 'mathieu.bavaud', 'Mathieu', 'Bavaud', 'DISEGNATORE AFC (ARCHITETTURA)', '1998-08-23', NULL),
(1312, 169, 'filippo.cometta', 'Filippo', 'Cometta', 'DISEGNATORE AFC (ARCHITETTURA)', '1997-07-05', NULL),
(1313, 169, 'arzu.kulpinari', 'Arzu', 'Kulpinari', 'DISEGNATORE AFC (ARCHITETTURA)', '1999-06-08', NULL),
(1314, 169, 'cloé.ghelfa', 'Cloé', 'Ghelfa', 'DISEGNATORE AFC (ARCHITETTURA)', '1993-09-16', NULL),
(1315, 185, 'eugenia.dalbianco', 'Eugenia', 'Dal Bianco', 'DISEGNATORE AFC (ARCHITETTURA)', '1992-10-20', NULL),
(1316, 185, 'stefano.patritti', 'Stefano', 'Patritti', 'DISEGNATORE AFC (ARCHITETTURA)', '1992-03-19', NULL),
(1317, 169, 'lucia.romano', 'Lucia', 'Romano', 'DISEGNATORE AFC (ARCHITETTURA)', '1997-12-07', NULL),
(1318, 169, 'sandro.schwaninger', 'Sandro', 'Schwaninger', 'DISEGNATORE AFC (ARCHITETTURA)', '1999-06-21', NULL),
(1319, 185, 'elisa.ratti', 'Elisa', 'Ratti', 'DISEGNATORE AFC (ARCHITETTURA)', '1998-03-27', NULL),
(1320, 168, 'debora.ibrahimi', 'Debora', 'Ibrahimi', 'DISEGNATORE AFC (ARCHITETTURA)', '1996-12-28', NULL),
(1321, 185, 'max.kremmel', 'Max', 'Kremmel', 'DISEGNATORE AFC (ARCHITETTURA)', '1993-05-27', NULL),
(1322, 185, 'mirco.zimara', 'Mirco', 'Zimara', 'DISEGNATORE AFC (ARCHITETTURA)', '1990-03-24', NULL),
(1323, 186, 'nico.ambrosini', 'Nico', 'Ambrosini', 'INFORMATICO AFC (INFORMATICA AZIENDALE)', '1997-10-22', '97XHifjYjL0cciBILoarUA4hpBgfLMrCQsQDMv084OUfRKztgAaqGCI8oN7U'),
(1324, 186, 'nicola.mazzoletti', 'Nicola', 'Mazzoletti', 'INFORMATICO AFC (INFORMATICA AZIENDALE)', '1998-09-05', NULL),
(1325, 186, 'aramis.garatti', 'Aramis', 'Garatti', 'INFORMATICO AFC (INFORMATICA AZIENDALE)', '1997-01-06', NULL),
(1326, 186, 'samuel.dias', 'Samuel', 'Dias Da Silva', 'INFORMATICO AFC (INFORMATICA AZIENDALE)', '1998-03-21', NULL),
(1327, 186, 'massimo.saia', 'Massimo', 'Saia', 'INFORMATICO AFC (INFORMATICA AZIENDALE)', '1999-05-22', NULL),
(1328, 186, 'loris.bruno', 'Loris', 'Bruno', 'INFORMATICO AFC (INFORMATICA AZIENDALE)', '1999-10-23', 'DjglG1fHYKtJRPO1k67M2GF3xeltoP5e4c3ks2IEQI1PyZHHuCqkqzZI7adl'),
(1329, 186, 'dragan.jerkic', 'Dragan', 'Jerkic', 'INFORMATICO AFC (INFORMATICA AZIENDALE)', '1998-08-14', NULL),
(1330, 186, 'alessio.tocchetti', 'Alessio', 'Tocchetti', 'INFORMATICO AFC (INFORMATICA AZIENDALE)', '1999-08-01', NULL),
(1331, 186, 'jacopo.greppi', 'Jacopo', 'Greppi', 'INFORMATICO AFC (INFORMATICA AZIENDALE)', '1996-11-24', NULL),
(1332, 187, 'carlo.bogani', 'Carlo', 'Bogani', 'INFORMATICO AFC (INFORMATICA AZIENDALE)', '1999-07-17', NULL),
(1333, 187, 'federico.weithaler', 'Federico', 'Weithaler', 'INFORMATICO AFC (INFORMATICA AZIENDALE)', '1999-03-31', NULL),
(1334, 187, 'cristiano.colangelo', 'Cristiano', 'Colangelo', 'INFORMATICO AFC (INFORMATICA AZIENDALE)', '1999-02-22', NULL),
(1335, 187, 'pietro.belfanti', 'Pietro', 'Belfanti', 'INFORMATICO AFC (INFORMATICA AZIENDALE)', '1999-12-18', '5mXRAntTEpADpS7CX1K8w92BJdk7YM1z9HO8RNdpllnakatmsMjm7W35Mfg1'),
(1336, 187, 'nikola.momcilovic', 'Nikola', 'Momcilovic\'', 'INFORMATICO AFC (INFORMATICA AZIENDALE)', '1997-11-14', NULL),
(1337, 187, 'jeremy.jornod', 'Jeremy', 'Jornod', 'INFORMATICO AFC (INFORMATICA AZIENDALE)', '1999-08-24', NULL),
(1338, 187, 'jonathan.fassora', 'Jonathan', 'Fassora', 'INFORMATICO AFC (INFORMATICA AZIENDALE)', '1999-02-16', NULL),
(1339, 187, 'riccardo.disumma', 'Riccardo', 'Di Summa', 'INFORMATICO AFC (INFORMATICA AZIENDALE)', '1998-05-24', NULL),
(1340, 187, 'alessandro.narciso', 'Alessandro', 'Narciso', 'INFORMATICO AFC (INFORMATICA AZIENDALE)', '1998-07-26', 'mODiGcC9OMmT7JmIWx8u9OMLCbcpb6s74cX7S4bnZHqy0nYeKLH7flVlwZkL'),
(1341, 188, 'mical.americani', 'Mical', 'Americani', 'OTTICO AFC', '1997-03-20', NULL),
(1342, 188, 'chiara.sorrentino', 'Chiara', 'Sorrentino', 'OTTICO AFC', '1994-12-05', NULL),
(1343, 188, 'sandro.arpone', 'Sandro', 'Arpone', 'OTTICO AFC', '1982-03-20', NULL),
(1344, 188, 'mirian.fabiano', 'Mirian', 'Fabiano', 'OTTICO AFC', '1999-06-11', NULL),
(1345, 188, 'emanuele.usuelli', 'Emanuele', 'Usuelli', 'OTTICO AFC', '1998-04-01', NULL),
(1346, 189, 'martina.crugnale', 'Martina', 'Crugnale', 'ODONTOTECNICO AFC', '2000-08-16', NULL);

-- --------------------------------------------------------

--
-- Struttura della tabella `anni`
--

CREATE TABLE `anni` (
  `id` tinyint(3) UNSIGNED NOT NULL COMMENT 'ID dell''anno',
  `anno` varchar(191) COLLATE utf8mb4_unicode_ci NOT NULL COMMENT 'Anno (e.g 2017-2018)'
) ENGINE=InnoDB DEFAULT CHARSET=utf8mb4 COLLATE=utf8mb4_unicode_ci;

--
-- Dump dei dati per la tabella `anni`
--

INSERT INTO `anni` (`id`, `anno`) VALUES
(1, '2017-2018'),
(2, '2018-2019'),
(3, '2019-2020'),
(4, '2020-2021'),
(5, '2021-2022'),
(6, '2022-2023');

-- --------------------------------------------------------

--
-- Struttura della tabella `archivio`
--

CREATE TABLE `archivio` (
  `id` int(10) UNSIGNED NOT NULL COMMENT 'ID della valutazione nell''archivio',
  `nome_sondaggio` varchar(64) COLLATE utf8mb4_unicode_ci NOT NULL COMMENT 'Nome del sondaggio',
  `opzioni` tinyint(3) UNSIGNED NOT NULL COMMENT 'Numero di opzioni valide',
  `usato` mediumint(8) UNSIGNED NOT NULL COMMENT 'Totale di volte usato',
  `created_at` timestamp NOT NULL DEFAULT CURRENT_TIMESTAMP ON UPDATE CURRENT_TIMESTAMP COMMENT 'Data di creazione',
  `nome_docente` varchar(191) COLLATE utf8mb4_unicode_ci NOT NULL COMMENT 'Nome docente',
  `cognome_docente` varchar(191) COLLATE utf8mb4_unicode_ci NOT NULL COMMENT 'Cognome docente',
  `materia` varchar(191) COLLATE utf8mb4_unicode_ci NOT NULL COMMENT 'Materia del docente per quella classe',
  `professione` varchar(191) COLLATE utf8mb4_unicode_ci NOT NULL COMMENT 'Professione classe',
  `nome_classe` varchar(24) COLLATE utf8mb4_unicode_ci NOT NULL COMMENT 'Nome classe',
  `semestre` varchar(191) COLLATE utf8mb4_unicode_ci NOT NULL COMMENT 'Semestre',
  `anno` varchar(191) COLLATE utf8mb4_unicode_ci NOT NULL COMMENT 'Anno (e.g 2017-2018)',
  `allievi_completato` tinyint(3) UNSIGNED NOT NULL COMMENT 'Totale degli allievi che lo hanno completato',
  `allievi_totali` tinyint(3) UNSIGNED NOT NULL COMMENT 'Totale degli allievi nella classe'
) ENGINE=InnoDB DEFAULT CHARSET=utf8mb4 COLLATE=utf8mb4_unicode_ci;

--
-- Dump dei dati per la tabella `archivio`
--

INSERT INTO `archivio` (`id`, `nome_sondaggio`, `opzioni`, `usato`, `created_at`, `nome_docente`, `cognome_docente`, `materia`, `professione`, `nome_classe`, `semestre`, `anno`, `allievi_completato`, `allievi_totali`) VALUES
(1, 'Sondaggio Ufficiale', 5, 13, '2018-04-09 09:51:55', 'Ferruccio', 'Albizzati', 'Laboratorio multimediale', 'ELETTRONICO MULTIMEDIALE AFC', 'E4AC', 'Annuale', '2017-2018', 0, 8),
(2, 'Sondaggio Ufficiale', 5, 13, '2018-04-09 09:51:55', 'Andrea', 'Albertini', 'M403 Implementare degli algoritmi in modo procedurale', 'INFORMATICO AFC (INFORMATICA AZIENDALE)', 'I1BC', 'Annuale', '2017-2018', 0, 6),
(3, 'Sondaggio Ufficiale', 5, 13, '2018-04-09 09:51:55', 'Andrea', 'Albertini', 'M403 Implementare degli algoritmi in modo procedurale', 'INFORMATICO AFC (INFORMATICA AZIENDALE)', 'I1BB', 'Annuale', '2017-2018', 1, 12),
(4, 'Sondaggio Ufficiale', 5, 13, '2018-04-09 09:51:55', 'Andrea', 'Albertini', 'M226A Implementare sulla base delle classi (senza ereditarietà)', 'INFORMATICO AFC (INFORMATICA AZIENDALE)', 'I2BC', 'Annuale', '2017-2018', 0, 4),
(5, 'Sondaggio Ufficiale', 5, 13, '2018-04-09 09:51:55', 'Elena', 'Antonini Lüönd', 'AIT1', 'INFORMATICO AFC (INFORMATICA AZIENDALE)', 'I1AC', 'Annuale', '2017-2018', 4, 6),
(6, 'Sondaggio Ufficiale', 5, 13, '2018-04-09 09:51:55', 'Elena', 'Antonini Lüönd', 'AIT2', 'INFORMATICO AFC (INFORMATICA AZIENDALE)', 'I2BC', 'Annuale', '2017-2018', 0, 4),
(7, 'Sondaggio Ufficiale', 5, 13, '2018-04-09 09:51:55', 'Elena', 'Antonini Lüönd', 'AIT2', 'INFORMATICO AFC (INFORMATICA AZIENDALE)', 'I2AC', 'Annuale', '2017-2018', 0, 4),
(8, 'Sondaggio Ufficiale', 5, 13, '2018-04-09 09:51:55', 'Adriano', 'Barchi', 'Etica professionale', 'INFORMATICO AFC (INFORMATICA AZIENDALE)', 'I3BB', 'Annuale', '2017-2018', 2, 12),
(9, 'Sondaggio Ufficiale', 5, 13, '2018-04-09 09:51:55', 'Adriano', 'Barchi', 'M300 Integrare in una rete servizi di più piattaforme', 'INFORMATICO AFC (INFORMATICA AZIENDALE)', 'I4AC', 'Annuale', '2017-2018', 1, 9),
(10, 'Sondaggio Ufficiale', 5, 13, '2018-04-09 09:51:55', 'Adriano', 'Barchi', 'Etica professionale', 'INFORMATICO AFC (INFORMATICA AZIENDALE)', 'I3AA', 'Annuale', '2017-2018', 3, 12),
(11, 'Sondaggio Ufficiale', 5, 13, '2018-04-09 09:51:55', 'Samuel', 'Antonietti', 'Tecnologia', 'TECNICO DIPLOMATO SSS IN CONDUZIONE DI LAVORI EDILI', 'CLE3 PAP', 'Annuale', '2017-2018', 0, 13),
(12, 'Sondaggio Ufficiale', 5, 13, '2018-04-09 09:51:55', 'Samuel', 'Antonietti', 'Tecnologia', 'TECNICO DIPLOMATO SSS IN CONDUZIONE DI LAVORI EDILI', 'CLE3 TP', 'Annuale', '2017-2018', 0, 11),
(13, 'Sondaggio Ufficiale', 5, 30, '2018-04-11 08:52:40', 'Ferruccio', 'Albizzati', 'Laboratorio multimediale', 'ELETTRONICO MULTIMEDIALE AFC', 'E3AA', 'Secondo', '2017-2018', 0, 9),
(14, 'Sondaggio Ufficiale', 5, 30, '2018-04-11 08:52:40', 'Ferruccio', 'Albizzati', 'Consigliare e vendere', 'ELETTRONICO MULTIMEDIALE AFC', 'E1AA', 'Secondo', '2017-2018', 0, 11),
(15, 'Sondaggio Ufficiale', 5, 30, '2018-04-11 08:52:40', 'Ferruccio', 'Albizzati', 'Laboratorio multimediale', 'ELETTRONICO MULTIMEDIALE AFC', 'E3AC', 'Secondo', '2017-2018', 0, 10),
(16, 'Sondaggio Ufficiale', 5, 30, '2018-04-11 08:52:40', 'Andrea', 'Albertini', 'M226B Implementare orientato oggetti (con ereditarietà)', 'INFORMATICO AFC (INFORMATICA AZIENDALE)', 'I3BB', 'Secondo', '2017-2018', 0, 12),
(17, 'Sondaggio Ufficiale', 5, 30, '2018-04-11 08:52:40', 'Andrea', 'Albertini', 'Progetti individuali', 'INFORMATICO AFC (INFORMATICA AZIENDALE)', 'I4AC', 'Secondo', '2017-2018', 0, 9),
(18, 'Sondaggio Ufficiale', 5, 30, '2018-04-11 08:52:40', 'Andrea', 'Albertini', 'Progetti individuali', 'INFORMATICO AFC (INFORMATICA AZIENDALE)', 'I4AA', 'Secondo', '2017-2018', 0, 9),
(19, 'Sondaggio Ufficiale', 5, 30, '2018-04-11 08:52:40', 'Adriano', 'Barchi', 'M300 Integrare in una rete servizi di più piattaforme', 'INFORMATICO AFC (INFORMATICA AZIENDALE)', 'I4 RP', 'Secondo', '2017-2018', 0, 1),
(20, 'Sondaggio Ufficiale', 5, 30, '2018-04-11 08:52:40', 'Adriano', 'Barchi', 'M300 Integrare in una rete servizi di più piattaforme', 'INFORMATICO AFC (INFORMATICA AZIENDALE)', 'I4AC', 'Secondo', '2017-2018', 0, 9),
(21, 'Sondaggio Ufficiale', 5, 30, '2018-04-11 08:52:40', 'Adriano', 'Barchi', 'M300 Integrare in una rete servizi di più piattaforme', 'INFORMATICO AFC (INFORMATICA AZIENDALE)', 'I4AA', 'Secondo', '2017-2018', 0, 9),
(22, 'Sondaggio Ufficiale', 5, 30, '2018-04-11 08:52:40', 'Fabrizio', 'Valsangiacomo', 'M117 Realizzare un\'infrastruttura informatica e di rete per una piccola azienda', 'INFORMATICO AFC (INFORMATICA AZIENDALE)', 'I2AA', 'Secondo', '2017-2018', 0, 7),
(23, 'Sondaggio Ufficiale', 5, 30, '2018-04-11 08:52:40', 'Fabrizio', 'Valsangiacomo', 'M146 Realizzare il collegamento Internet di un\'azienda', 'INFORMATICO AFC (INFORMATICA AZIENDALE)', 'I4AC', 'Secondo', '2017-2018', 0, 9),
(24, 'Sondaggio Ufficiale', 5, 30, '2018-04-11 08:52:40', 'Fabrizio', 'Valsangiacomo', 'M117 Realizzare un\'infrastruttura informatica e di rete per una piccola azienda', 'INFORMATICO AFC (INFORMATICA AZIENDALE)', 'I2BC', 'Secondo', '2017-2018', 0, 4),
(25, 'Sondaggio Ufficiale', 5, 30, '2018-04-11 08:52:40', 'Samuel', 'Antonietti', 'Tecnologia', 'TECNICO DIPLOMATO SSS IN CONDUZIONE DI LAVORI EDILI', 'CLE1 TP', 'Secondo', '2017-2018', 0, 15),
(26, 'Sondaggio Ufficiale', 5, 30, '2018-04-11 08:52:40', 'Samuel', 'Antonietti', 'Corso aggiornamento', 'TECNICO DIPLOMATO SSS IN CONDUZIONE DI LAVORI EDILI', 'CLE2 TP', 'Secondo', '2017-2018', 0, 9),
(27, 'Sondaggio Ufficiale', 5, 30, '2018-04-11 08:52:40', 'Mikail', 'Akbas', 'Elaborazione costruttiva', 'TECNICO DIPLOMATO SSS IN PROGETTAZIONE EDILE', 'PE3 PAP', 'Secondo', '2017-2018', 0, 10),
(28, 'Sondaggio Ufficiale', 5, 47, '2018-04-11 08:54:37', 'Ferruccio', 'Albizzati', 'Laboratorio multimediale', 'ELETTRONICO MULTIMEDIALE AFC', 'E3AA', 'Secondo', '2017-2018', 0, 9),
(29, 'Sondaggio Ufficiale', 5, 47, '2018-04-11 08:54:37', 'Ferruccio', 'Albizzati', 'Consigliare e vendere', 'ELETTRONICO MULTIMEDIALE AFC', 'E1AA', 'Secondo', '2017-2018', 0, 11),
(30, 'Sondaggio Ufficiale', 5, 47, '2018-04-11 08:54:37', 'Ferruccio', 'Albizzati', 'Laboratorio multimediale', 'ELETTRONICO MULTIMEDIALE AFC', 'E3AC', 'Secondo', '2017-2018', 0, 10),
(31, 'Sondaggio Ufficiale', 5, 47, '2018-04-11 08:54:37', 'Andrea', 'Albertini', 'Progetti individuali', 'INFORMATICO AFC (INFORMATICA AZIENDALE)', 'I4AA', 'Secondo', '2017-2018', 0, 9),
(32, 'Sondaggio Ufficiale', 5, 47, '2018-04-11 08:54:37', 'Andrea', 'Albertini', 'Progetti individuali', 'INFORMATICO AFC (INFORMATICA AZIENDALE)', 'I4AC', 'Secondo', '2017-2018', 0, 9),
(33, 'Sondaggio Ufficiale', 5, 47, '2018-04-11 08:54:37', 'Andrea', 'Albertini', 'M226B Implementare orientato oggetti (con ereditarietà)', 'INFORMATICO AFC (INFORMATICA AZIENDALE)', 'I3BB', 'Secondo', '2017-2018', 0, 12),
(34, 'Sondaggio Ufficiale', 5, 47, '2018-04-11 08:54:37', 'Adriano', 'Barchi', 'M300 Integrare in una rete servizi di più piattaforme', 'INFORMATICO AFC (INFORMATICA AZIENDALE)', 'I4AC', 'Secondo', '2017-2018', 0, 9),
(35, 'Sondaggio Ufficiale', 5, 47, '2018-04-11 08:54:37', 'Adriano', 'Barchi', 'M300 Integrare in una rete servizi di più piattaforme', 'INFORMATICO AFC (INFORMATICA AZIENDALE)', 'I4AA', 'Secondo', '2017-2018', 0, 9),
(36, 'Sondaggio Ufficiale', 5, 47, '2018-04-11 08:54:37', 'Fabrizio', 'Valsangiacomo', 'M117 Realizzare un\'infrastruttura informatica e di rete per una piccola azienda', 'INFORMATICO AFC (INFORMATICA AZIENDALE)', 'I2BB', 'Secondo', '2017-2018', 0, 9),
(37, 'Sondaggio Ufficiale', 5, 47, '2018-04-11 08:54:37', 'Fabrizio', 'Valsangiacomo', 'M117 Realizzare un\'infrastruttura informatica e di rete per una piccola azienda', 'INFORMATICO AFC (INFORMATICA AZIENDALE)', 'I2AC', 'Secondo', '2017-2018', 0, 4),
(38, 'Sondaggio Ufficiale', 5, 47, '2018-04-11 08:54:37', 'Fabrizio', 'Valsangiacomo', 'M117 Realizzare un\'infrastruttura informatica e di rete per una piccola azienda', 'INFORMATICO AFC (INFORMATICA AZIENDALE)', 'I2AA', 'Secondo', '2017-2018', 0, 7),
(39, 'Sondaggio Ufficiale', 5, 47, '2018-04-11 08:54:37', 'Samuel', 'Antonietti', 'Corso aggiornamento', 'TECNICO DIPLOMATO SSS IN CONDUZIONE DI LAVORI EDILI', 'CLE2 TP', 'Secondo', '2017-2018', 0, 9),
(40, 'Sondaggio Ufficiale', 5, 47, '2018-04-11 08:54:37', 'Samuel', 'Antonietti', 'Tecnologia', 'TECNICO DIPLOMATO SSS IN CONDUZIONE DI LAVORI EDILI', 'CLE1 TP', 'Secondo', '2017-2018', 0, 15),
(41, 'Sondaggio Ufficiale', 5, 47, '2018-04-11 08:54:37', 'Mikail', 'Akbas', 'Elaborazione costruttiva', 'TECNICO DIPLOMATO SSS IN PROGETTAZIONE EDILE', 'PE3 PAP', 'Secondo', '2017-2018', 0, 10),
(42, 'Sondaggio Ufficiale', 5, 69, '2018-04-11 08:56:26', 'Ferruccio', 'Albizzati', 'Laboratorio multimediale', 'ELETTRONICO MULTIMEDIALE AFC', 'E3AA', 'Secondo', '2017-2018', 0, 9),
(43, 'Sondaggio Ufficiale', 5, 69, '2018-04-11 08:56:26', 'Ferruccio', 'Albizzati', 'Laboratorio multimediale', 'ELETTRONICO MULTIMEDIALE AFC', 'E3AC', 'Secondo', '2017-2018', 0, 10),
(44, 'Sondaggio Ufficiale', 5, 69, '2018-04-11 08:56:26', 'Ferruccio', 'Albizzati', 'Consigliare e vendere', 'ELETTRONICO MULTIMEDIALE AFC', 'E1AC', 'Secondo', '2017-2018', 0, 11),
(45, 'Sondaggio Ufficiale', 5, 69, '2018-04-11 08:56:26', 'Ferruccio', 'Albizzati', 'Consigliare e vendere', 'ELETTRONICO MULTIMEDIALE AFC', 'E1AA', 'Secondo', '2017-2018', 0, 11),
(46, 'Sondaggio Ufficiale', 5, 69, '2018-04-11 08:56:26', 'Andrea', 'Albertini', 'Progetti individuali', 'INFORMATICO AFC (INFORMATICA AZIENDALE)', 'I4AA', 'Secondo', '2017-2018', 0, 9),
(47, 'Sondaggio Ufficiale', 5, 69, '2018-04-11 08:56:26', 'Andrea', 'Albertini', 'M226B Implementare orientato oggetti (con ereditarietà)', 'INFORMATICO AFC (INFORMATICA AZIENDALE)', 'I3BB', 'Secondo', '2017-2018', 0, 12),
(48, 'Sondaggio Ufficiale', 5, 69, '2018-04-11 08:56:26', 'Andrea', 'Albertini', 'Progetti individuali', 'INFORMATICO AFC (INFORMATICA AZIENDALE)', 'I4AC', 'Secondo', '2017-2018', 0, 9),
(49, 'Sondaggio Ufficiale', 5, 69, '2018-04-11 08:56:26', 'Adriano', 'Barchi', 'M300 Integrare in una rete servizi di più piattaforme', 'INFORMATICO AFC (INFORMATICA AZIENDALE)', 'I4AC', 'Secondo', '2017-2018', 0, 9),
(50, 'Sondaggio Ufficiale', 5, 69, '2018-04-11 08:56:26', 'Adriano', 'Barchi', 'M300 Integrare in una rete servizi di più piattaforme', 'INFORMATICO AFC (INFORMATICA AZIENDALE)', 'I4 RP', 'Secondo', '2017-2018', 0, 1),
(51, 'Sondaggio Ufficiale', 5, 69, '2018-04-11 08:56:26', 'Adriano', 'Barchi', 'M300 Integrare in una rete servizi di più piattaforme', 'INFORMATICO AFC (INFORMATICA AZIENDALE)', 'I4AA', 'Secondo', '2017-2018', 0, 9),
(52, 'Sondaggio Ufficiale', 5, 69, '2018-04-11 08:56:26', 'Fabrizio', 'Valsangiacomo', 'M117 Realizzare un\'infrastruttura informatica e di rete per una piccola azienda', 'INFORMATICO AFC (INFORMATICA AZIENDALE)', 'I2BC', 'Secondo', '2017-2018', 0, 4),
(53, 'Sondaggio Ufficiale', 5, 69, '2018-04-11 08:56:26', 'Fabrizio', 'Valsangiacomo', 'M117 Realizzare un\'infrastruttura informatica e di rete per una piccola azienda', 'INFORMATICO AFC (INFORMATICA AZIENDALE)', 'I2AA', 'Secondo', '2017-2018', 0, 7),
(54, 'Sondaggio Ufficiale', 5, 69, '2018-04-11 08:56:26', 'Fabrizio', 'Valsangiacomo', 'M146 Realizzare il collegamento Internet di un\'azienda', 'INFORMATICO AFC (INFORMATICA AZIENDALE)', 'I4AC', 'Secondo', '2017-2018', 0, 9),
(55, 'Sondaggio Ufficiale', 5, 69, '2018-04-11 08:56:26', 'Fabrizio', 'Valsangiacomo', 'M146 Realizzare il collegamento Internet di un\'azienda', 'INFORMATICO AFC (INFORMATICA AZIENDALE)', 'I4 RP', 'Secondo', '2017-2018', 0, 1),
(56, 'Sondaggio Ufficiale', 5, 69, '2018-04-11 08:56:26', 'Samuel', 'Antonietti', 'Corso aggiornamento', 'TECNICO DIPLOMATO SSS IN CONDUZIONE DI LAVORI EDILI', 'CLE2 TP', 'Secondo', '2017-2018', 0, 9),
(57, 'Sondaggio Ufficiale', 5, 69, '2018-04-11 08:56:26', 'Samuel', 'Antonietti', 'Tecnologia', 'TECNICO DIPLOMATO SSS IN CONDUZIONE DI LAVORI EDILI', 'CLE1 TP', 'Secondo', '2017-2018', 0, 15),
(58, 'Sondaggio Ufficiale', 5, 69, '2018-04-11 08:56:26', 'Mikail', 'Akbas', 'Elaborazione costruttiva', 'TECNICO DIPLOMATO SSS IN PROGETTAZIONE EDILE', 'PE3 PAP', 'Secondo', '2017-2018', 0, 10),
(59, 'Sondaggio Ufficiale', 5, 100, '2018-04-13 07:43:18', 'Marco', 'Cristallo', 'Conoscenze di base dell\'ottica: a,b', 'OTTICO AFC', 'OT3', 'Secondo', '2017-2018', 0, 4),
(60, 'Sondaggio Ufficiale', 5, 100, '2018-04-13 07:43:18', 'Marco', 'Cristallo', 'Conoscenze dei materiali', 'OTTICO AFC', 'OT1', 'Secondo', '2017-2018', 0, 5),
(61, 'Sondaggio Ufficiale', 5, 100, '2018-04-13 07:43:18', 'Marco', 'Cristallo', 'Ripetizioni', 'OTTICO AFC', 'OT4', 'Secondo', '2017-2018', 0, 5),
(62, 'Sondaggio Ufficiale', 5, 100, '2018-04-13 07:43:18', 'Marco', 'Cristallo', 'Corso interaziendale n°4', 'OTTICO AFC', 'OT2', 'Secondo', '2017-2018', 0, 3),
(63, 'Sondaggio Ufficiale', 5, 100, '2018-04-13 07:43:18', 'Ferruccio', 'Albizzati', 'Consigliare e vendere', 'ELETTRONICO MULTIMEDIALE AFC', 'E1AA', 'Secondo', '2017-2018', 0, 11),
(64, 'Sondaggio Ufficiale', 5, 100, '2018-04-13 07:43:18', 'Ferruccio', 'Albizzati', 'Laboratorio multimediale', 'ELETTRONICO MULTIMEDIALE AFC', 'E3AC', 'Secondo', '2017-2018', 0, 10),
(65, 'Sondaggio Ufficiale', 5, 100, '2018-04-13 07:43:18', 'Ferruccio', 'Albizzati', 'Laboratorio multimediale', 'ELETTRONICO MULTIMEDIALE AFC', 'E3AA', 'Secondo', '2017-2018', 0, 9),
(66, 'Sondaggio Ufficiale', 5, 100, '2018-04-13 07:43:18', 'Ferruccio', 'Albizzati', 'Consigliare e vendere', 'ELETTRONICO MULTIMEDIALE AFC', 'E1AC', 'Secondo', '2017-2018', 0, 11),
(67, 'Sondaggio Ufficiale', 5, 100, '2018-04-13 07:43:18', 'Andrea', 'Albertini', 'Progetti individuali', 'INFORMATICO AFC (INFORMATICA AZIENDALE)', 'I4AC', 'Secondo', '2017-2018', 0, 9),
(68, 'Sondaggio Ufficiale', 5, 100, '2018-04-13 07:43:18', 'Andrea', 'Albertini', 'Progetti individuali', 'INFORMATICO AFC (INFORMATICA AZIENDALE)', 'I4AA', 'Secondo', '2017-2018', 0, 9),
(69, 'Sondaggio Ufficiale', 5, 100, '2018-04-13 07:43:18', 'Adriano', 'Barchi', 'Etica professionale', 'INFORMATICO AFC (INFORMATICA AZIENDALE)', 'I3AA', 'Secondo', '2017-2018', 0, 12),
(70, 'Sondaggio Ufficiale', 5, 100, '2018-04-13 07:43:18', 'Adriano', 'Barchi', 'M300 Integrare in una rete servizi di più piattaforme', 'INFORMATICO AFC (INFORMATICA AZIENDALE)', 'I4 RP', 'Secondo', '2017-2018', 0, 1),
(71, 'Sondaggio Ufficiale', 5, 100, '2018-04-13 07:43:18', 'Adriano', 'Barchi', 'M300 Integrare in una rete servizi di più piattaforme', 'INFORMATICO AFC (INFORMATICA AZIENDALE)', 'I4AA', 'Secondo', '2017-2018', 0, 9),
(72, 'Sondaggio Ufficiale', 5, 100, '2018-04-13 07:43:18', 'Adriano', 'Barchi', 'Laboratorio di robotica 1', 'INFORMATICO AFC (INFORMATICA AZIENDALE)', 'I1AA', 'Secondo', '2017-2018', 0, 12),
(73, 'Sondaggio Ufficiale', 5, 100, '2018-04-13 07:43:18', 'Fabrizio', 'Valsangiacomo', 'M146 Realizzare il collegamento Internet di un\'azienda', 'INFORMATICO AFC (INFORMATICA AZIENDALE)', 'I4AC', 'Secondo', '2017-2018', 1, 9),
(74, 'Sondaggio Ufficiale', 5, 100, '2018-04-13 07:43:18', 'Fabrizio', 'Valsangiacomo', 'M117 Realizzare un\'infrastruttura informatica e di rete per una piccola azienda', 'INFORMATICO AFC (INFORMATICA AZIENDALE)', 'I2BB', 'Secondo', '2017-2018', 0, 9),
(75, 'Sondaggio Ufficiale', 5, 100, '2018-04-13 07:43:18', 'Fabrizio', 'Valsangiacomo', 'M146 Realizzare il collegamento Internet di un\'azienda', 'INFORMATICO AFC (INFORMATICA AZIENDALE)', 'I4 RP', 'Secondo', '2017-2018', 0, 1),
(76, 'Sondaggio Ufficiale', 5, 100, '2018-04-13 07:43:18', 'Fabrizio', 'Valsangiacomo', 'M117 Realizzare un\'infrastruttura informatica e di rete per una piccola azienda', 'INFORMATICO AFC (INFORMATICA AZIENDALE)', 'I2BC', 'Secondo', '2017-2018', 0, 4),
(77, 'Sondaggio Ufficiale', 5, 100, '2018-04-13 07:43:18', 'Samuel', 'Antonietti', 'Corso aggiornamento', 'TECNICO DIPLOMATO SSS IN CONDUZIONE DI LAVORI EDILI', 'CLE2 TP', 'Secondo', '2017-2018', 0, 9),
(78, 'Sondaggio Ufficiale', 5, 100, '2018-04-13 07:43:18', 'Samuel', 'Antonietti', 'Tecnologia', 'TECNICO DIPLOMATO SSS IN CONDUZIONE DI LAVORI EDILI', 'CLE1 TP', 'Secondo', '2017-2018', 0, 15),
(79, 'Sondaggio Ufficiale', 5, 100, '2018-04-13 07:43:18', 'Mikail', 'Akbas', 'Elaborazione costruttiva', 'TECNICO DIPLOMATO SSS IN PROGETTAZIONE EDILE', 'PE3 PAP', 'Secondo', '2017-2018', 0, 10),
(80, 'Sondaggio Ufficiale', 5, 100, '2018-04-13 07:43:18', 'Ferruccio', 'Albizzati', 'Laboratorio multimediale', 'ELETTRONICO MULTIMEDIALE AFC', 'E4AC', 'Annuale', '2017-2018', 0, 8),
(81, 'Sondaggio Ufficiale', 5, 100, '2018-04-13 07:43:18', 'Andrea', 'Albertini', 'M226A Implementare sulla base delle classi (senza ereditarietà)', 'INFORMATICO AFC (INFORMATICA AZIENDALE)', 'I2BC', 'Annuale', '2017-2018', 0, 4),
(82, 'Sondaggio Ufficiale', 5, 100, '2018-04-13 07:43:18', 'Andrea', 'Albertini', 'M226A Implementare sulla base delle classi (senza ereditarietà)', 'INFORMATICO AFC (INFORMATICA AZIENDALE)', 'I2AC', 'Annuale', '2017-2018', 0, 4),
(83, 'Sondaggio Ufficiale', 5, 100, '2018-04-13 07:43:18', 'Andrea', 'Albertini', 'M226A Implementare sulla base delle classi (senza ereditarietà)', 'INFORMATICO AFC (INFORMATICA AZIENDALE)', 'I2BB', 'Annuale', '2017-2018', 0, 9),
(84, 'Sondaggio Ufficiale', 5, 100, '2018-04-13 07:43:18', 'Elena', 'Antonini Lüönd', 'Lingua italiana', 'INFORMATICO AFC (INFORMATICA AZIENDALE)', 'I4AA', 'Annuale', '2017-2018', 0, 9),
(85, 'Sondaggio Ufficiale', 5, 100, '2018-04-13 07:43:18', 'Elena', 'Antonini Lüönd', 'AIT2', 'INFORMATICO AFC (INFORMATICA AZIENDALE)', 'I3AA', 'Annuale', '2017-2018', 0, 12),
(86, 'Sondaggio Ufficiale', 5, 100, '2018-04-13 07:43:18', 'Elena', 'Antonini Lüönd', 'AIT1', 'INFORMATICO AFC (INFORMATICA AZIENDALE)', 'I1BB', 'Annuale', '2017-2018', 0, 12),
(87, 'Sondaggio Ufficiale', 5, 100, '2018-04-13 07:43:18', 'Samuel', 'Antonietti', 'Tecnologia', 'TECNICO DIPLOMATO SSS IN CONDUZIONE DI LAVORI EDILI', 'CLE3 TP', 'Annuale', '2017-2018', 0, 11),
(88, 'Sondaggio Ufficiale', 5, 100, '2018-04-13 07:43:18', 'Samuel', 'Antonietti', 'Tecnologia', 'TECNICO DIPLOMATO SSS IN CONDUZIONE DI LAVORI EDILI', 'CLE3 PAP', 'Annuale', '2017-2018', 0, 13),
(89, 'Sondaggio Ufficiale', 5, 133, '2018-04-17 09:31:44', 'Ferruccio', 'Albizzati', 'Laboratorio multimediale', 'ELETTRONICO MULTIMEDIALE AFC', 'E4AC', 'Annuale', '2017-2018', 0, 8),
(90, 'Sondaggio Ufficiale', 5, 133, '2018-04-17 09:31:44', 'Andrea', 'Albertini', 'M226A Implementare sulla base delle classi (senza ereditarietà)', 'INFORMATICO AFC (INFORMATICA AZIENDALE)', 'I2AC', 'Annuale', '2017-2018', 0, 4),
(91, 'Sondaggio Ufficiale', 5, 133, '2018-04-17 09:31:44', 'Andrea', 'Albertini', 'M226A Implementare sulla base delle classi (senza ereditarietà)', 'INFORMATICO AFC (INFORMATICA AZIENDALE)', 'I2AA', 'Annuale', '2017-2018', 0, 7),
(92, 'Sondaggio Ufficiale', 5, 133, '2018-04-17 09:31:44', 'Andrea', 'Albertini', 'M226A Implementare sulla base delle classi (senza ereditarietà)', 'INFORMATICO AFC (INFORMATICA AZIENDALE)', 'I2BC', 'Annuale', '2017-2018', 0, 4),
(93, 'Sondaggio Ufficiale', 5, 133, '2018-04-17 09:31:44', 'Andrea', 'Albertini', 'M403 Implementare degli algoritmi in modo procedurale', 'INFORMATICO AFC (INFORMATICA AZIENDALE)', 'I1AC', 'Annuale', '2017-2018', 0, 6),
(94, 'Sondaggio Ufficiale', 5, 133, '2018-04-17 09:31:44', 'Elena', 'Antonini Lüönd', 'AIT1', 'INFORMATICO AFC (INFORMATICA AZIENDALE)', 'I1BC', 'Annuale', '2017-2018', 0, 6),
(95, 'Sondaggio Ufficiale', 5, 133, '2018-04-17 09:31:44', 'Elena', 'Antonini Lüönd', 'AIT1', 'INFORMATICO AFC (INFORMATICA AZIENDALE)', 'I1AA', 'Annuale', '2017-2018', 0, 12),
(96, 'Sondaggio Ufficiale', 5, 133, '2018-04-17 09:31:44', 'Elena', 'Antonini Lüönd', 'AIT2', 'INFORMATICO AFC (INFORMATICA AZIENDALE)', 'I2AC', 'Annuale', '2017-2018', 0, 4),
(97, 'Sondaggio Ufficiale', 5, 133, '2018-04-17 09:31:44', 'Elena', 'Antonini Lüönd', 'Lingua italiana', 'INFORMATICO AFC (INFORMATICA AZIENDALE)', 'I4AC', 'Annuale', '2017-2018', 1, 9),
(98, 'Sondaggio Ufficiale', 5, 133, '2018-04-17 09:31:44', 'Samuel', 'Antonietti', 'Tecnologia', 'TECNICO DIPLOMATO SSS IN CONDUZIONE DI LAVORI EDILI', 'CLE3 TP', 'Annuale', '2017-2018', 0, 11),
(99, 'Sondaggio Ufficiale', 5, 133, '2018-04-17 09:31:44', 'Samuel', 'Antonietti', 'Tecnologia', 'TECNICO DIPLOMATO SSS IN CONDUZIONE DI LAVORI EDILI', 'CLE3 PAP', 'Annuale', '2017-2018', 0, 13),
(100, 'Sondaggio Ufficiale', 5, 133, '2018-04-17 09:31:44', 'Marco', 'Cristallo', 'Conoscenze dei materiali', 'OTTICO AFC', 'OT1', 'Secondo', '2017-2018', 0, 5),
(101, 'Sondaggio Ufficiale', 5, 133, '2018-04-17 09:31:44', 'Marco', 'Cristallo', 'Ripetizioni', 'OTTICO AFC', 'OT4', 'Secondo', '2017-2018', 0, 5),
(102, 'Sondaggio Ufficiale', 5, 133, '2018-04-17 09:31:44', 'Marco', 'Cristallo', 'Conoscenze di base dell\'ottica: a,b', 'OTTICO AFC', 'OT3', 'Secondo', '2017-2018', 0, 4),
(103, 'Sondaggio Ufficiale', 5, 133, '2018-04-17 09:31:44', 'Marco', 'Cristallo', 'Corso interaziendale n°4', 'OTTICO AFC', 'OT2', 'Secondo', '2017-2018', 0, 3),
(104, 'Sondaggio Ufficiale', 5, 133, '2018-04-17 09:31:44', 'Ferruccio', 'Albizzati', 'Laboratorio multimediale', 'ELETTRONICO MULTIMEDIALE AFC', 'E3AC', 'Secondo', '2017-2018', 0, 10),
(105, 'Sondaggio Ufficiale', 5, 133, '2018-04-17 09:31:44', 'Ferruccio', 'Albizzati', 'Laboratorio multimediale', 'ELETTRONICO MULTIMEDIALE AFC', 'E3AA', 'Secondo', '2017-2018', 0, 9),
(106, 'Sondaggio Ufficiale', 5, 133, '2018-04-17 09:31:44', 'Ferruccio', 'Albizzati', 'Consigliare e vendere', 'ELETTRONICO MULTIMEDIALE AFC', 'E1AC', 'Secondo', '2017-2018', 0, 11),
(107, 'Sondaggio Ufficiale', 5, 133, '2018-04-17 09:31:44', 'Ferruccio', 'Albizzati', 'Consigliare e vendere', 'ELETTRONICO MULTIMEDIALE AFC', 'E1AA', 'Secondo', '2017-2018', 0, 11),
(108, 'Sondaggio Ufficiale', 5, 133, '2018-04-17 09:31:44', 'Andrea', 'Albertini', 'Progetti individuali', 'INFORMATICO AFC (INFORMATICA AZIENDALE)', 'I4AC', 'Secondo', '2017-2018', 0, 9),
(109, 'Sondaggio Ufficiale', 5, 133, '2018-04-17 09:31:44', 'Andrea', 'Albertini', 'M226B Implementare orientato oggetti (con ereditarietà)', 'INFORMATICO AFC (INFORMATICA AZIENDALE)', 'I3BB', 'Secondo', '2017-2018', 0, 12),
(110, 'Sondaggio Ufficiale', 5, 133, '2018-04-17 09:31:44', 'Andrea', 'Albertini', 'Progetti individuali', 'INFORMATICO AFC (INFORMATICA AZIENDALE)', 'I4AA', 'Secondo', '2017-2018', 0, 9),
(111, 'Sondaggio Ufficiale', 5, 133, '2018-04-17 09:31:44', 'Adriano', 'Barchi', 'Etica professionale', 'INFORMATICO AFC (INFORMATICA AZIENDALE)', 'I3AA', 'Secondo', '2017-2018', 0, 12),
(112, 'Sondaggio Ufficiale', 5, 133, '2018-04-17 09:31:44', 'Adriano', 'Barchi', 'M300 Integrare in una rete servizi di più piattaforme', 'INFORMATICO AFC (INFORMATICA AZIENDALE)', 'I4AC', 'Secondo', '2017-2018', 0, 9),
(113, 'Sondaggio Ufficiale', 5, 133, '2018-04-17 09:31:44', 'Adriano', 'Barchi', 'Laboratorio di robotica 1', 'INFORMATICO AFC (INFORMATICA AZIENDALE)', 'I1AA', 'Secondo', '2017-2018', 0, 12),
(114, 'Sondaggio Ufficiale', 5, 133, '2018-04-17 09:31:44', 'Adriano', 'Barchi', 'M300 Integrare in una rete servizi di più piattaforme', 'INFORMATICO AFC (INFORMATICA AZIENDALE)', 'I4AA', 'Secondo', '2017-2018', 0, 9),
(115, 'Sondaggio Ufficiale', 5, 133, '2018-04-17 09:31:44', 'Fabrizio', 'Valsangiacomo', 'M146 Realizzare il collegamento Internet di un\'azienda', 'INFORMATICO AFC (INFORMATICA AZIENDALE)', 'I4AA', 'Secondo', '2017-2018', 1, 9),
(116, 'Sondaggio Ufficiale', 5, 133, '2018-04-17 09:31:44', 'Fabrizio', 'Valsangiacomo', 'M146 Realizzare il collegamento Internet di un\'azienda', 'INFORMATICO AFC (INFORMATICA AZIENDALE)', 'I4 RP', 'Secondo', '2017-2018', 0, 1),
(117, 'Sondaggio Ufficiale', 5, 133, '2018-04-17 09:31:44', 'Fabrizio', 'Valsangiacomo', 'M129 Mettere in servizio le componenti di una LAN', 'INFORMATICO AFC (INFORMATICA AZIENDALE)', 'I3AA', 'Secondo', '2017-2018', 0, 12),
(118, 'Sondaggio Ufficiale', 5, 133, '2018-04-17 09:31:44', 'Fabrizio', 'Valsangiacomo', 'M117 Realizzare un\'infrastruttura informatica e di rete per una piccola azienda', 'INFORMATICO AFC (INFORMATICA AZIENDALE)', 'I2AA', 'Secondo', '2017-2018', 0, 7),
(119, 'Sondaggio Ufficiale', 5, 133, '2018-04-17 09:31:44', 'Samuel', 'Antonietti', 'Tecnologia', 'TECNICO DIPLOMATO SSS IN CONDUZIONE DI LAVORI EDILI', 'CLE1 TP', 'Secondo', '2017-2018', 0, 15),
(120, 'Sondaggio Ufficiale', 5, 133, '2018-04-17 09:31:44', 'Samuel', 'Antonietti', 'Corso aggiornamento', 'TECNICO DIPLOMATO SSS IN CONDUZIONE DI LAVORI EDILI', 'CLE2 TP', 'Secondo', '2017-2018', 0, 9),
(121, 'Sondaggio Ufficiale', 5, 133, '2018-04-17 09:31:44', 'Mikail', 'Akbas', 'Elaborazione costruttiva', 'TECNICO DIPLOMATO SSS IN PROGETTAZIONE EDILE', 'PE3 PAP', 'Secondo', '2017-2018', 0, 10);

-- --------------------------------------------------------

--
-- Struttura della tabella `archivio_risposte`
--

CREATE TABLE `archivio_risposte` (
  `id_archivio` int(10) UNSIGNED NOT NULL COMMENT 'ID della valutazione nell''archivio',
  `nome_categoria` varchar(191) COLLATE utf8mb4_unicode_ci NOT NULL COMMENT 'Nome della categoria',
  `docente` tinyint(3) UNSIGNED NOT NULL DEFAULT '0' COMMENT 'Somma basata sulle categorie del docente',
  `media_pif` decimal(4,2) UNSIGNED NOT NULL DEFAULT '0.00' COMMENT 'Media delle risposte dei PIF basata sulla categoria'
) ENGINE=InnoDB DEFAULT CHARSET=utf8mb4 COLLATE=utf8mb4_unicode_ci;

--
-- Dump dei dati per la tabella `archivio_risposte`
--

INSERT INTO `archivio_risposte` (`id_archivio`, `nome_categoria`, `docente`, `media_pif`) VALUES
(1, 'Differenziazione', 0, '0.00'),
(1, 'Indipendenza', 0, '0.00'),
(1, 'Organizzazione', 0, '0.00'),
(1, 'Partecipazione', 0, '0.00'),
(1, 'Personalizzazione', 0, '0.00'),
(1, 'Ricerca di soluzioni', 0, '0.00'),
(2, 'Differenziazione', 19, '0.00'),
(2, 'Indipendenza', 17, '0.00'),
(2, 'Organizzazione', 16, '0.00'),
(2, 'Partecipazione', 18, '0.00'),
(2, 'Personalizzazione', 19, '0.00'),
(2, 'Ricerca di soluzioni', 21, '0.00'),
(3, 'Differenziazione', 22, '11.00'),
(3, 'Indipendenza', 20, '7.00'),
(3, 'Organizzazione', 17, '9.00'),
(3, 'Partecipazione', 22, '9.00'),
(3, 'Personalizzazione', 24, '8.50'),
(3, 'Ricerca di soluzioni', 23, '10.50'),
(4, 'Differenziazione', 20, '0.00'),
(4, 'Indipendenza', 17, '0.00'),
(4, 'Organizzazione', 21, '0.00'),
(4, 'Partecipazione', 24, '0.00'),
(4, 'Personalizzazione', 18, '0.00'),
(4, 'Ricerca di soluzioni', 22, '0.00'),
(5, 'Differenziazione', 21, '17.47'),
(5, 'Indipendenza', 20, '16.90'),
(5, 'Organizzazione', 21, '17.39'),
(5, 'Partecipazione', 20, '17.46'),
(5, 'Personalizzazione', 19, '16.34'),
(5, 'Ricerca di soluzioni', 21, '18.40'),
(6, 'Differenziazione', 19, '0.00'),
(6, 'Indipendenza', 21, '0.00'),
(6, 'Organizzazione', 20, '0.00'),
(6, 'Partecipazione', 22, '0.00'),
(6, 'Personalizzazione', 18, '0.00'),
(6, 'Ricerca di soluzioni', 19, '0.00'),
(7, 'Differenziazione', 0, '0.00'),
(7, 'Indipendenza', 0, '0.00'),
(7, 'Organizzazione', 0, '0.00'),
(7, 'Partecipazione', 0, '0.00'),
(7, 'Personalizzazione', 0, '0.00'),
(7, 'Ricerca di soluzioni', 0, '0.00'),
(8, 'Differenziazione', 0, '13.50'),
(8, 'Indipendenza', 0, '15.25'),
(8, 'Organizzazione', 0, '12.75'),
(8, 'Partecipazione', 0, '15.25'),
(8, 'Personalizzazione', 0, '12.25'),
(8, 'Ricerca di soluzioni', 0, '15.75'),
(9, 'Differenziazione', 0, '11.00'),
(9, 'Indipendenza', 0, '10.50'),
(9, 'Organizzazione', 0, '11.50'),
(9, 'Partecipazione', 0, '9.00'),
(9, 'Personalizzazione', 0, '8.50'),
(9, 'Ricerca di soluzioni', 0, '11.00'),
(10, 'Differenziazione', 0, '18.38'),
(10, 'Indipendenza', 0, '17.27'),
(10, 'Organizzazione', 0, '16.52'),
(10, 'Partecipazione', 0, '16.02'),
(10, 'Personalizzazione', 0, '16.26'),
(10, 'Ricerca di soluzioni', 0, '17.02'),
(11, 'Differenziazione', 0, '0.00'),
(11, 'Indipendenza', 0, '0.00'),
(11, 'Organizzazione', 0, '0.00'),
(11, 'Partecipazione', 0, '0.00'),
(11, 'Personalizzazione', 0, '0.00'),
(11, 'Ricerca di soluzioni', 0, '0.00'),
(12, 'Differenziazione', 0, '0.00'),
(12, 'Indipendenza', 0, '0.00'),
(12, 'Organizzazione', 0, '0.00'),
(12, 'Partecipazione', 0, '0.00'),
(12, 'Personalizzazione', 0, '0.00'),
(12, 'Ricerca di soluzioni', 0, '0.00'),
(13, 'Differenziazione', 0, '0.00'),
(13, 'Indipendenza', 0, '0.00'),
(13, 'Organizzazione', 0, '0.00'),
(13, 'Partecipazione', 0, '0.00'),
(13, 'Personalizzazione', 0, '0.00'),
(13, 'Ricerca di soluzioni', 0, '0.00'),
(14, 'Differenziazione', 0, '0.00'),
(14, 'Indipendenza', 0, '0.00'),
(14, 'Organizzazione', 0, '0.00'),
(14, 'Partecipazione', 0, '0.00'),
(14, 'Personalizzazione', 0, '0.00'),
(14, 'Ricerca di soluzioni', 0, '0.00'),
(15, 'Differenziazione', 0, '0.00'),
(15, 'Indipendenza', 0, '0.00'),
(15, 'Organizzazione', 0, '0.00'),
(15, 'Partecipazione', 0, '0.00'),
(15, 'Personalizzazione', 0, '0.00'),
(15, 'Ricerca di soluzioni', 0, '0.00'),
(16, 'Differenziazione', 0, '0.00'),
(16, 'Indipendenza', 0, '0.00'),
(16, 'Organizzazione', 0, '0.00'),
(16, 'Partecipazione', 0, '0.00'),
(16, 'Personalizzazione', 0, '0.00'),
(16, 'Ricerca di soluzioni', 0, '0.00'),
(17, 'Differenziazione', 0, '0.00'),
(17, 'Indipendenza', 0, '0.00'),
(17, 'Organizzazione', 0, '0.00'),
(17, 'Partecipazione', 0, '0.00'),
(17, 'Personalizzazione', 0, '0.00'),
(17, 'Ricerca di soluzioni', 0, '0.00'),
(18, 'Differenziazione', 0, '0.00'),
(18, 'Indipendenza', 0, '0.00'),
(18, 'Organizzazione', 0, '0.00'),
(18, 'Partecipazione', 0, '0.00'),
(18, 'Personalizzazione', 0, '0.00'),
(18, 'Ricerca di soluzioni', 0, '0.00'),
(19, 'Differenziazione', 0, '0.00'),
(19, 'Indipendenza', 0, '0.00'),
(19, 'Organizzazione', 0, '0.00'),
(19, 'Partecipazione', 0, '0.00'),
(19, 'Personalizzazione', 0, '0.00'),
(19, 'Ricerca di soluzioni', 0, '0.00'),
(20, 'Differenziazione', 0, '0.00'),
(20, 'Indipendenza', 0, '0.00'),
(20, 'Organizzazione', 0, '0.00'),
(20, 'Partecipazione', 0, '0.00'),
(20, 'Personalizzazione', 0, '0.00'),
(20, 'Ricerca di soluzioni', 0, '0.00'),
(21, 'Differenziazione', 0, '0.00'),
(21, 'Indipendenza', 0, '0.00'),
(21, 'Organizzazione', 0, '0.00'),
(21, 'Partecipazione', 0, '0.00'),
(21, 'Personalizzazione', 0, '0.00'),
(21, 'Ricerca di soluzioni', 0, '0.00'),
(22, 'Differenziazione', 0, '0.00'),
(22, 'Indipendenza', 0, '0.00'),
(22, 'Organizzazione', 0, '0.00'),
(22, 'Partecipazione', 0, '0.00'),
(22, 'Personalizzazione', 0, '0.00'),
(22, 'Ricerca di soluzioni', 0, '0.00'),
(23, 'Differenziazione', 0, '0.00'),
(23, 'Indipendenza', 0, '0.00'),
(23, 'Organizzazione', 0, '0.00'),
(23, 'Partecipazione', 0, '0.00'),
(23, 'Personalizzazione', 0, '0.00'),
(23, 'Ricerca di soluzioni', 0, '0.00'),
(24, 'Differenziazione', 0, '0.00'),
(24, 'Indipendenza', 0, '0.00'),
(24, 'Organizzazione', 0, '0.00'),
(24, 'Partecipazione', 0, '0.00'),
(24, 'Personalizzazione', 0, '0.00'),
(24, 'Ricerca di soluzioni', 0, '0.00'),
(25, 'Differenziazione', 0, '0.00'),
(25, 'Indipendenza', 0, '0.00'),
(25, 'Organizzazione', 0, '0.00'),
(25, 'Partecipazione', 0, '0.00'),
(25, 'Personalizzazione', 0, '0.00'),
(25, 'Ricerca di soluzioni', 0, '0.00'),
(26, 'Differenziazione', 0, '0.00'),
(26, 'Indipendenza', 0, '0.00'),
(26, 'Organizzazione', 0, '0.00'),
(26, 'Partecipazione', 0, '0.00'),
(26, 'Personalizzazione', 0, '0.00'),
(26, 'Ricerca di soluzioni', 0, '0.00'),
(27, 'Differenziazione', 0, '0.00'),
(27, 'Indipendenza', 0, '0.00'),
(27, 'Organizzazione', 0, '0.00'),
(27, 'Partecipazione', 0, '0.00'),
(27, 'Personalizzazione', 0, '0.00'),
(27, 'Ricerca di soluzioni', 0, '0.00'),
(28, 'Differenziazione', 0, '0.00'),
(28, 'Indipendenza', 0, '0.00'),
(28, 'Organizzazione', 0, '0.00'),
(28, 'Partecipazione', 0, '0.00'),
(28, 'Personalizzazione', 0, '0.00'),
(28, 'Ricerca di soluzioni', 0, '0.00'),
(29, 'Differenziazione', 0, '0.00'),
(29, 'Indipendenza', 0, '0.00'),
(29, 'Organizzazione', 0, '0.00'),
(29, 'Partecipazione', 0, '0.00'),
(29, 'Personalizzazione', 0, '0.00'),
(29, 'Ricerca di soluzioni', 0, '0.00'),
(30, 'Differenziazione', 0, '0.00'),
(30, 'Indipendenza', 0, '0.00'),
(30, 'Organizzazione', 0, '0.00'),
(30, 'Partecipazione', 0, '0.00'),
(30, 'Personalizzazione', 0, '0.00'),
(30, 'Ricerca di soluzioni', 0, '0.00'),
(31, 'Differenziazione', 0, '0.00'),
(31, 'Indipendenza', 0, '0.00'),
(31, 'Organizzazione', 0, '0.00'),
(31, 'Partecipazione', 0, '0.00'),
(31, 'Personalizzazione', 0, '0.00'),
(31, 'Ricerca di soluzioni', 0, '0.00'),
(32, 'Differenziazione', 0, '0.00'),
(32, 'Indipendenza', 0, '0.00'),
(32, 'Organizzazione', 0, '0.00'),
(32, 'Partecipazione', 0, '0.00'),
(32, 'Personalizzazione', 0, '0.00'),
(32, 'Ricerca di soluzioni', 0, '0.00'),
(33, 'Differenziazione', 0, '0.00'),
(33, 'Indipendenza', 0, '0.00'),
(33, 'Organizzazione', 0, '0.00'),
(33, 'Partecipazione', 0, '0.00'),
(33, 'Personalizzazione', 0, '0.00'),
(33, 'Ricerca di soluzioni', 0, '0.00'),
(34, 'Differenziazione', 0, '0.00'),
(34, 'Indipendenza', 0, '0.00'),
(34, 'Organizzazione', 0, '0.00'),
(34, 'Partecipazione', 0, '0.00'),
(34, 'Personalizzazione', 0, '0.00'),
(34, 'Ricerca di soluzioni', 0, '0.00'),
(35, 'Differenziazione', 0, '0.00'),
(35, 'Indipendenza', 0, '0.00'),
(35, 'Organizzazione', 0, '0.00'),
(35, 'Partecipazione', 0, '0.00'),
(35, 'Personalizzazione', 0, '0.00'),
(35, 'Ricerca di soluzioni', 0, '0.00'),
(36, 'Differenziazione', 0, '0.00'),
(36, 'Indipendenza', 0, '0.00'),
(36, 'Organizzazione', 0, '0.00'),
(36, 'Partecipazione', 0, '0.00'),
(36, 'Personalizzazione', 0, '0.00'),
(36, 'Ricerca di soluzioni', 0, '0.00'),
(37, 'Differenziazione', 0, '0.00'),
(37, 'Indipendenza', 0, '0.00'),
(37, 'Organizzazione', 0, '0.00'),
(37, 'Partecipazione', 0, '0.00'),
(37, 'Personalizzazione', 0, '0.00'),
(37, 'Ricerca di soluzioni', 0, '0.00'),
(38, 'Differenziazione', 0, '0.00'),
(38, 'Indipendenza', 0, '0.00'),
(38, 'Organizzazione', 0, '0.00'),
(38, 'Partecipazione', 0, '0.00'),
(38, 'Personalizzazione', 0, '0.00'),
(38, 'Ricerca di soluzioni', 0, '0.00'),
(39, 'Differenziazione', 0, '0.00'),
(39, 'Indipendenza', 0, '0.00'),
(39, 'Organizzazione', 0, '0.00'),
(39, 'Partecipazione', 0, '0.00'),
(39, 'Personalizzazione', 0, '0.00'),
(39, 'Ricerca di soluzioni', 0, '0.00'),
(40, 'Differenziazione', 0, '0.00'),
(40, 'Indipendenza', 0, '0.00'),
(40, 'Organizzazione', 0, '0.00'),
(40, 'Partecipazione', 0, '0.00'),
(40, 'Personalizzazione', 0, '0.00'),
(40, 'Ricerca di soluzioni', 0, '0.00'),
(41, 'Differenziazione', 0, '0.00'),
(41, 'Indipendenza', 0, '0.00'),
(41, 'Organizzazione', 0, '0.00'),
(41, 'Partecipazione', 0, '0.00'),
(41, 'Personalizzazione', 0, '0.00'),
(41, 'Ricerca di soluzioni', 0, '0.00'),
(42, 'Differenziazione', 0, '0.00'),
(42, 'Indipendenza', 0, '0.00'),
(42, 'Organizzazione', 0, '0.00'),
(42, 'Partecipazione', 0, '0.00'),
(42, 'Personalizzazione', 0, '0.00'),
(42, 'Ricerca di soluzioni', 0, '0.00'),
(43, 'Differenziazione', 0, '0.00'),
(43, 'Indipendenza', 0, '0.00'),
(43, 'Organizzazione', 0, '0.00'),
(43, 'Partecipazione', 0, '0.00'),
(43, 'Personalizzazione', 0, '0.00'),
(43, 'Ricerca di soluzioni', 0, '0.00'),
(44, 'Differenziazione', 0, '0.00'),
(44, 'Indipendenza', 0, '0.00'),
(44, 'Organizzazione', 0, '0.00'),
(44, 'Partecipazione', 0, '0.00'),
(44, 'Personalizzazione', 0, '0.00'),
(44, 'Ricerca di soluzioni', 0, '0.00'),
(45, 'Differenziazione', 0, '0.00'),
(45, 'Indipendenza', 0, '0.00'),
(45, 'Organizzazione', 0, '0.00'),
(45, 'Partecipazione', 0, '0.00'),
(45, 'Personalizzazione', 0, '0.00'),
(45, 'Ricerca di soluzioni', 0, '0.00'),
(46, 'Differenziazione', 0, '0.00'),
(46, 'Indipendenza', 0, '0.00'),
(46, 'Organizzazione', 0, '0.00'),
(46, 'Partecipazione', 0, '0.00'),
(46, 'Personalizzazione', 0, '0.00'),
(46, 'Ricerca di soluzioni', 0, '0.00'),
(47, 'Differenziazione', 0, '0.00'),
(47, 'Indipendenza', 0, '0.00'),
(47, 'Organizzazione', 0, '0.00'),
(47, 'Partecipazione', 0, '0.00'),
(47, 'Personalizzazione', 0, '0.00'),
(47, 'Ricerca di soluzioni', 0, '0.00'),
(48, 'Differenziazione', 0, '0.00'),
(48, 'Indipendenza', 0, '0.00'),
(48, 'Organizzazione', 0, '0.00'),
(48, 'Partecipazione', 0, '0.00'),
(48, 'Personalizzazione', 0, '0.00'),
(48, 'Ricerca di soluzioni', 0, '0.00'),
(49, 'Differenziazione', 0, '0.00'),
(49, 'Indipendenza', 0, '0.00'),
(49, 'Organizzazione', 0, '0.00'),
(49, 'Partecipazione', 0, '0.00'),
(49, 'Personalizzazione', 0, '0.00'),
(49, 'Ricerca di soluzioni', 0, '0.00'),
(50, 'Differenziazione', 0, '0.00'),
(50, 'Indipendenza', 0, '0.00'),
(50, 'Organizzazione', 0, '0.00'),
(50, 'Partecipazione', 0, '0.00'),
(50, 'Personalizzazione', 0, '0.00'),
(50, 'Ricerca di soluzioni', 0, '0.00'),
(51, 'Differenziazione', 0, '0.00'),
(51, 'Indipendenza', 0, '0.00'),
(51, 'Organizzazione', 0, '0.00'),
(51, 'Partecipazione', 0, '0.00'),
(51, 'Personalizzazione', 0, '0.00'),
(51, 'Ricerca di soluzioni', 0, '0.00'),
(52, 'Differenziazione', 0, '0.00'),
(52, 'Indipendenza', 0, '0.00'),
(52, 'Organizzazione', 0, '0.00'),
(52, 'Partecipazione', 0, '0.00'),
(52, 'Personalizzazione', 0, '0.00'),
(52, 'Ricerca di soluzioni', 0, '0.00'),
(53, 'Differenziazione', 0, '0.00'),
(53, 'Indipendenza', 0, '0.00'),
(53, 'Organizzazione', 0, '0.00'),
(53, 'Partecipazione', 0, '0.00'),
(53, 'Personalizzazione', 0, '0.00'),
(53, 'Ricerca di soluzioni', 0, '0.00'),
(54, 'Differenziazione', 0, '0.00'),
(54, 'Indipendenza', 0, '0.00'),
(54, 'Organizzazione', 0, '0.00'),
(54, 'Partecipazione', 0, '0.00'),
(54, 'Personalizzazione', 0, '0.00'),
(54, 'Ricerca di soluzioni', 0, '0.00'),
(55, 'Differenziazione', 0, '0.00'),
(55, 'Indipendenza', 0, '0.00'),
(55, 'Organizzazione', 0, '0.00'),
(55, 'Partecipazione', 0, '0.00'),
(55, 'Personalizzazione', 0, '0.00'),
(55, 'Ricerca di soluzioni', 0, '0.00'),
(56, 'Differenziazione', 0, '0.00'),
(56, 'Indipendenza', 0, '0.00'),
(56, 'Organizzazione', 0, '0.00'),
(56, 'Partecipazione', 0, '0.00'),
(56, 'Personalizzazione', 0, '0.00'),
(56, 'Ricerca di soluzioni', 0, '0.00'),
(57, 'Differenziazione', 0, '0.00'),
(57, 'Indipendenza', 0, '0.00'),
(57, 'Organizzazione', 0, '0.00'),
(57, 'Partecipazione', 0, '0.00'),
(57, 'Personalizzazione', 0, '0.00'),
(57, 'Ricerca di soluzioni', 0, '0.00'),
(58, 'Differenziazione', 0, '0.00'),
(58, 'Indipendenza', 0, '0.00'),
(58, 'Organizzazione', 0, '0.00'),
(58, 'Partecipazione', 0, '0.00'),
(58, 'Personalizzazione', 0, '0.00'),
(58, 'Ricerca di soluzioni', 0, '0.00'),
(59, 'Differenziazione', 0, '0.00'),
(59, 'Indipendenza', 0, '0.00'),
(59, 'Organizzazione', 0, '0.00'),
(59, 'Partecipazione', 0, '0.00'),
(59, 'Personalizzazione', 0, '0.00'),
(59, 'Ricerca di soluzioni', 0, '0.00'),
(60, 'Differenziazione', 0, '0.00'),
(60, 'Indipendenza', 0, '0.00'),
(60, 'Organizzazione', 0, '0.00'),
(60, 'Partecipazione', 0, '0.00'),
(60, 'Personalizzazione', 0, '0.00'),
(60, 'Ricerca di soluzioni', 0, '0.00'),
(61, 'Differenziazione', 0, '0.00'),
(61, 'Indipendenza', 0, '0.00'),
(61, 'Organizzazione', 0, '0.00'),
(61, 'Partecipazione', 0, '0.00'),
(61, 'Personalizzazione', 0, '0.00'),
(61, 'Ricerca di soluzioni', 0, '0.00'),
(62, 'Differenziazione', 0, '0.00'),
(62, 'Indipendenza', 0, '0.00'),
(62, 'Organizzazione', 0, '0.00'),
(62, 'Partecipazione', 0, '0.00'),
(62, 'Personalizzazione', 0, '0.00'),
(62, 'Ricerca di soluzioni', 0, '0.00'),
(63, 'Differenziazione', 0, '0.00'),
(63, 'Indipendenza', 0, '0.00'),
(63, 'Organizzazione', 0, '0.00'),
(63, 'Partecipazione', 0, '0.00'),
(63, 'Personalizzazione', 0, '0.00'),
(63, 'Ricerca di soluzioni', 0, '0.00'),
(64, 'Differenziazione', 0, '0.00'),
(64, 'Indipendenza', 0, '0.00'),
(64, 'Organizzazione', 0, '0.00'),
(64, 'Partecipazione', 0, '0.00'),
(64, 'Personalizzazione', 0, '0.00'),
(64, 'Ricerca di soluzioni', 0, '0.00'),
(65, 'Differenziazione', 0, '0.00'),
(65, 'Indipendenza', 0, '0.00'),
(65, 'Organizzazione', 0, '0.00'),
(65, 'Partecipazione', 0, '0.00'),
(65, 'Personalizzazione', 0, '0.00'),
(65, 'Ricerca di soluzioni', 0, '0.00'),
(66, 'Differenziazione', 0, '0.00'),
(66, 'Indipendenza', 0, '0.00'),
(66, 'Organizzazione', 0, '0.00'),
(66, 'Partecipazione', 0, '0.00'),
(66, 'Personalizzazione', 0, '0.00'),
(66, 'Ricerca di soluzioni', 0, '0.00'),
(67, 'Differenziazione', 0, '0.00'),
(67, 'Indipendenza', 0, '0.00'),
(67, 'Organizzazione', 0, '0.00'),
(67, 'Partecipazione', 0, '0.00'),
(67, 'Personalizzazione', 0, '0.00'),
(67, 'Ricerca di soluzioni', 0, '0.00'),
(68, 'Differenziazione', 0, '0.00'),
(68, 'Indipendenza', 0, '0.00'),
(68, 'Organizzazione', 0, '0.00'),
(68, 'Partecipazione', 0, '0.00'),
(68, 'Personalizzazione', 0, '0.00'),
(68, 'Ricerca di soluzioni', 0, '0.00'),
(69, 'Differenziazione', 0, '0.00'),
(69, 'Indipendenza', 0, '0.00'),
(69, 'Organizzazione', 0, '0.00'),
(69, 'Partecipazione', 0, '0.00'),
(69, 'Personalizzazione', 0, '0.00'),
(69, 'Ricerca di soluzioni', 0, '0.00'),
(70, 'Differenziazione', 0, '0.00'),
(70, 'Indipendenza', 0, '0.00'),
(70, 'Organizzazione', 0, '0.00'),
(70, 'Partecipazione', 0, '0.00'),
(70, 'Personalizzazione', 0, '0.00'),
(70, 'Ricerca di soluzioni', 0, '0.00'),
(71, 'Differenziazione', 0, '0.00'),
(71, 'Indipendenza', 0, '0.00'),
(71, 'Organizzazione', 0, '0.00'),
(71, 'Partecipazione', 0, '0.00'),
(71, 'Personalizzazione', 0, '0.00'),
(71, 'Ricerca di soluzioni', 0, '0.00'),
(72, 'Differenziazione', 0, '0.00'),
(72, 'Indipendenza', 0, '0.00'),
(72, 'Organizzazione', 0, '0.00'),
(72, 'Partecipazione', 0, '0.00'),
(72, 'Personalizzazione', 0, '0.00'),
(72, 'Ricerca di soluzioni', 0, '0.00'),
(73, 'Differenziazione', 14, '4.00'),
(73, 'Indipendenza', 14, '7.00'),
(73, 'Organizzazione', 13, '5.50'),
(73, 'Partecipazione', 14, '6.50'),
(73, 'Personalizzazione', 10, '6.00'),
(73, 'Ricerca di soluzioni', 14, '8.00'),
(74, 'Differenziazione', 0, '0.00'),
(74, 'Indipendenza', 0, '0.00'),
(74, 'Organizzazione', 0, '0.00'),
(74, 'Partecipazione', 0, '0.00'),
(74, 'Personalizzazione', 0, '0.00'),
(74, 'Ricerca di soluzioni', 0, '0.00'),
(75, 'Differenziazione', 0, '0.00'),
(75, 'Indipendenza', 0, '0.00'),
(75, 'Organizzazione', 0, '0.00'),
(75, 'Partecipazione', 0, '0.00'),
(75, 'Personalizzazione', 0, '0.00'),
(75, 'Ricerca di soluzioni', 0, '0.00'),
(76, 'Differenziazione', 0, '0.00'),
(76, 'Indipendenza', 0, '0.00'),
(76, 'Organizzazione', 0, '0.00'),
(76, 'Partecipazione', 0, '0.00'),
(76, 'Personalizzazione', 0, '0.00'),
(76, 'Ricerca di soluzioni', 0, '0.00'),
(77, 'Differenziazione', 0, '0.00'),
(77, 'Indipendenza', 0, '0.00'),
(77, 'Organizzazione', 0, '0.00'),
(77, 'Partecipazione', 0, '0.00'),
(77, 'Personalizzazione', 0, '0.00'),
(77, 'Ricerca di soluzioni', 0, '0.00'),
(78, 'Differenziazione', 0, '0.00'),
(78, 'Indipendenza', 0, '0.00'),
(78, 'Organizzazione', 0, '0.00'),
(78, 'Partecipazione', 0, '0.00'),
(78, 'Personalizzazione', 0, '0.00'),
(78, 'Ricerca di soluzioni', 0, '0.00'),
(79, 'Differenziazione', 0, '0.00'),
(79, 'Indipendenza', 0, '0.00'),
(79, 'Organizzazione', 0, '0.00'),
(79, 'Partecipazione', 0, '0.00'),
(79, 'Personalizzazione', 0, '0.00'),
(79, 'Ricerca di soluzioni', 0, '0.00'),
(80, 'Differenziazione', 0, '0.00'),
(80, 'Indipendenza', 0, '0.00'),
(80, 'Organizzazione', 0, '0.00'),
(80, 'Partecipazione', 0, '0.00'),
(80, 'Personalizzazione', 0, '0.00'),
(80, 'Ricerca di soluzioni', 0, '0.00'),
(81, 'Differenziazione', 0, '0.00'),
(81, 'Indipendenza', 0, '0.00'),
(81, 'Organizzazione', 0, '0.00'),
(81, 'Partecipazione', 0, '0.00'),
(81, 'Personalizzazione', 0, '0.00'),
(81, 'Ricerca di soluzioni', 0, '0.00'),
(82, 'Differenziazione', 0, '0.00'),
(82, 'Indipendenza', 0, '0.00'),
(82, 'Organizzazione', 0, '0.00'),
(82, 'Partecipazione', 0, '0.00'),
(82, 'Personalizzazione', 0, '0.00'),
(82, 'Ricerca di soluzioni', 0, '0.00'),
(83, 'Differenziazione', 0, '0.00'),
(83, 'Indipendenza', 0, '0.00'),
(83, 'Organizzazione', 0, '0.00'),
(83, 'Partecipazione', 0, '0.00'),
(83, 'Personalizzazione', 0, '0.00'),
(83, 'Ricerca di soluzioni', 0, '0.00'),
(84, 'Differenziazione', 0, '0.00'),
(84, 'Indipendenza', 0, '0.00'),
(84, 'Organizzazione', 0, '0.00'),
(84, 'Partecipazione', 0, '0.00'),
(84, 'Personalizzazione', 0, '0.00'),
(84, 'Ricerca di soluzioni', 0, '0.00'),
(85, 'Differenziazione', 0, '0.00'),
(85, 'Indipendenza', 0, '0.00'),
(85, 'Organizzazione', 0, '0.00'),
(85, 'Partecipazione', 0, '0.00'),
(85, 'Personalizzazione', 0, '0.00'),
(85, 'Ricerca di soluzioni', 0, '0.00'),
(86, 'Differenziazione', 0, '0.00'),
(86, 'Indipendenza', 0, '0.00'),
(86, 'Organizzazione', 0, '0.00'),
(86, 'Partecipazione', 0, '0.00'),
(86, 'Personalizzazione', 0, '0.00'),
(86, 'Ricerca di soluzioni', 0, '0.00'),
(87, 'Differenziazione', 0, '0.00'),
(87, 'Indipendenza', 0, '0.00'),
(87, 'Organizzazione', 0, '0.00'),
(87, 'Partecipazione', 0, '0.00'),
(87, 'Personalizzazione', 0, '0.00'),
(87, 'Ricerca di soluzioni', 0, '0.00'),
(88, 'Differenziazione', 0, '0.00'),
(88, 'Indipendenza', 0, '0.00'),
(88, 'Organizzazione', 0, '0.00'),
(88, 'Partecipazione', 0, '0.00'),
(88, 'Personalizzazione', 0, '0.00'),
(88, 'Ricerca di soluzioni', 0, '0.00'),
(89, 'Differenziazione', 0, '0.00'),
(89, 'Indipendenza', 0, '0.00'),
(89, 'Organizzazione', 0, '0.00'),
(89, 'Partecipazione', 0, '0.00'),
(89, 'Personalizzazione', 0, '0.00'),
(89, 'Ricerca di soluzioni', 0, '0.00'),
(90, 'Differenziazione', 0, '0.00'),
(90, 'Indipendenza', 0, '0.00'),
(90, 'Organizzazione', 0, '0.00'),
(90, 'Partecipazione', 0, '0.00'),
(90, 'Personalizzazione', 0, '0.00'),
(90, 'Ricerca di soluzioni', 0, '0.00'),
(91, 'Differenziazione', 0, '0.00'),
(91, 'Indipendenza', 0, '0.00'),
(91, 'Organizzazione', 0, '0.00'),
(91, 'Partecipazione', 0, '0.00'),
(91, 'Personalizzazione', 0, '0.00'),
(91, 'Ricerca di soluzioni', 0, '0.00'),
(92, 'Differenziazione', 0, '0.00'),
(92, 'Indipendenza', 0, '0.00'),
(92, 'Organizzazione', 0, '0.00'),
(92, 'Partecipazione', 0, '0.00'),
(92, 'Personalizzazione', 0, '0.00'),
(92, 'Ricerca di soluzioni', 0, '0.00'),
(93, 'Differenziazione', 0, '0.00'),
(93, 'Indipendenza', 0, '0.00'),
(93, 'Organizzazione', 0, '0.00'),
(93, 'Partecipazione', 0, '0.00'),
(93, 'Personalizzazione', 0, '0.00'),
(93, 'Ricerca di soluzioni', 0, '0.00'),
(94, 'Differenziazione', 0, '0.00'),
(94, 'Indipendenza', 0, '0.00'),
(94, 'Organizzazione', 0, '0.00'),
(94, 'Partecipazione', 0, '0.00'),
(94, 'Personalizzazione', 0, '0.00'),
(94, 'Ricerca di soluzioni', 0, '0.00'),
(95, 'Differenziazione', 0, '0.00'),
(95, 'Indipendenza', 0, '0.00'),
(95, 'Organizzazione', 0, '0.00'),
(95, 'Partecipazione', 0, '0.00'),
(95, 'Personalizzazione', 0, '0.00'),
(95, 'Ricerca di soluzioni', 0, '0.00'),
(96, 'Differenziazione', 0, '0.00'),
(96, 'Indipendenza', 0, '0.00'),
(96, 'Organizzazione', 0, '0.00'),
(96, 'Partecipazione', 0, '0.00'),
(96, 'Personalizzazione', 0, '0.00'),
(96, 'Ricerca di soluzioni', 0, '0.00'),
(97, 'Differenziazione', 18, '15.00'),
(97, 'Indipendenza', 11, '19.00'),
(97, 'Organizzazione', 13, '14.00'),
(97, 'Partecipazione', 19, '18.00'),
(97, 'Personalizzazione', 16, '18.00'),
(97, 'Ricerca di soluzioni', 14, '21.00'),
(98, 'Differenziazione', 0, '0.00'),
(98, 'Indipendenza', 0, '0.00'),
(98, 'Organizzazione', 0, '0.00'),
(98, 'Partecipazione', 0, '0.00'),
(98, 'Personalizzazione', 0, '0.00'),
(98, 'Ricerca di soluzioni', 0, '0.00'),
(99, 'Differenziazione', 0, '0.00'),
(99, 'Indipendenza', 0, '0.00'),
(99, 'Organizzazione', 0, '0.00'),
(99, 'Partecipazione', 0, '0.00'),
(99, 'Personalizzazione', 0, '0.00'),
(99, 'Ricerca di soluzioni', 0, '0.00'),
(100, 'Differenziazione', 0, '0.00'),
(100, 'Indipendenza', 0, '0.00'),
(100, 'Organizzazione', 0, '0.00'),
(100, 'Partecipazione', 0, '0.00'),
(100, 'Personalizzazione', 0, '0.00'),
(100, 'Ricerca di soluzioni', 0, '0.00'),
(101, 'Differenziazione', 0, '0.00'),
(101, 'Indipendenza', 0, '0.00'),
(101, 'Organizzazione', 0, '0.00'),
(101, 'Partecipazione', 0, '0.00'),
(101, 'Personalizzazione', 0, '0.00'),
(101, 'Ricerca di soluzioni', 0, '0.00'),
(102, 'Differenziazione', 0, '0.00'),
(102, 'Indipendenza', 0, '0.00'),
(102, 'Organizzazione', 0, '0.00'),
(102, 'Partecipazione', 0, '0.00'),
(102, 'Personalizzazione', 0, '0.00'),
(102, 'Ricerca di soluzioni', 0, '0.00'),
(103, 'Differenziazione', 0, '0.00'),
(103, 'Indipendenza', 0, '0.00'),
(103, 'Organizzazione', 0, '0.00'),
(103, 'Partecipazione', 0, '0.00'),
(103, 'Personalizzazione', 0, '0.00'),
(103, 'Ricerca di soluzioni', 0, '0.00'),
(104, 'Differenziazione', 0, '0.00'),
(104, 'Indipendenza', 0, '0.00'),
(104, 'Organizzazione', 0, '0.00'),
(104, 'Partecipazione', 0, '0.00'),
(104, 'Personalizzazione', 0, '0.00'),
(104, 'Ricerca di soluzioni', 0, '0.00'),
(105, 'Differenziazione', 0, '0.00'),
(105, 'Indipendenza', 0, '0.00'),
(105, 'Organizzazione', 0, '0.00'),
(105, 'Partecipazione', 0, '0.00'),
(105, 'Personalizzazione', 0, '0.00'),
(105, 'Ricerca di soluzioni', 0, '0.00'),
(106, 'Differenziazione', 0, '0.00'),
(106, 'Indipendenza', 0, '0.00'),
(106, 'Organizzazione', 0, '0.00'),
(106, 'Partecipazione', 0, '0.00'),
(106, 'Personalizzazione', 0, '0.00'),
(106, 'Ricerca di soluzioni', 0, '0.00'),
(107, 'Differenziazione', 0, '0.00'),
(107, 'Indipendenza', 0, '0.00'),
(107, 'Organizzazione', 0, '0.00'),
(107, 'Partecipazione', 0, '0.00'),
(107, 'Personalizzazione', 0, '0.00'),
(107, 'Ricerca di soluzioni', 0, '0.00'),
(108, 'Differenziazione', 0, '0.00'),
(108, 'Indipendenza', 0, '0.00'),
(108, 'Organizzazione', 0, '0.00'),
(108, 'Partecipazione', 0, '0.00'),
(108, 'Personalizzazione', 0, '0.00'),
(108, 'Ricerca di soluzioni', 0, '0.00'),
(109, 'Differenziazione', 0, '0.00'),
(109, 'Indipendenza', 0, '0.00'),
(109, 'Organizzazione', 0, '0.00'),
(109, 'Partecipazione', 0, '0.00'),
(109, 'Personalizzazione', 0, '0.00'),
(109, 'Ricerca di soluzioni', 0, '0.00'),
(110, 'Differenziazione', 0, '0.00'),
(110, 'Indipendenza', 0, '0.00'),
(110, 'Organizzazione', 0, '0.00'),
(110, 'Partecipazione', 0, '0.00'),
(110, 'Personalizzazione', 0, '0.00'),
(110, 'Ricerca di soluzioni', 0, '0.00'),
(111, 'Differenziazione', 0, '0.00'),
(111, 'Indipendenza', 0, '0.00'),
(111, 'Organizzazione', 0, '0.00'),
(111, 'Partecipazione', 0, '0.00'),
(111, 'Personalizzazione', 0, '0.00'),
(111, 'Ricerca di soluzioni', 0, '0.00'),
(112, 'Differenziazione', 0, '0.00'),
(112, 'Indipendenza', 0, '0.00'),
(112, 'Organizzazione', 0, '0.00'),
(112, 'Partecipazione', 0, '0.00'),
(112, 'Personalizzazione', 0, '0.00'),
(112, 'Ricerca di soluzioni', 0, '0.00'),
(113, 'Differenziazione', 0, '0.00'),
(113, 'Indipendenza', 0, '0.00'),
(113, 'Organizzazione', 0, '0.00'),
(113, 'Partecipazione', 0, '0.00'),
(113, 'Personalizzazione', 0, '0.00'),
(113, 'Ricerca di soluzioni', 0, '0.00'),
(114, 'Differenziazione', 0, '0.00'),
(114, 'Indipendenza', 0, '0.00'),
(114, 'Organizzazione', 0, '0.00'),
(114, 'Partecipazione', 0, '0.00'),
(114, 'Personalizzazione', 0, '0.00'),
(114, 'Ricerca di soluzioni', 0, '0.00'),
(115, 'Differenziazione', 15, '5.00'),
(115, 'Indipendenza', 15, '5.00'),
(115, 'Organizzazione', 15, '5.00'),
(115, 'Partecipazione', 15, '5.00'),
(115, 'Personalizzazione', 13, '5.00'),
(115, 'Ricerca di soluzioni', 15, '5.00'),
(116, 'Differenziazione', 0, '0.00'),
(116, 'Indipendenza', 0, '0.00'),
(116, 'Organizzazione', 0, '0.00'),
(116, 'Partecipazione', 0, '0.00'),
(116, 'Personalizzazione', 0, '0.00'),
(116, 'Ricerca di soluzioni', 0, '0.00'),
(117, 'Differenziazione', 0, '0.00'),
(117, 'Indipendenza', 0, '0.00'),
(117, 'Organizzazione', 0, '0.00'),
(117, 'Partecipazione', 0, '0.00'),
(117, 'Personalizzazione', 0, '0.00'),
(117, 'Ricerca di soluzioni', 0, '0.00'),
(118, 'Differenziazione', 0, '0.00'),
(118, 'Indipendenza', 0, '0.00'),
(118, 'Organizzazione', 0, '0.00'),
(118, 'Partecipazione', 0, '0.00'),
(118, 'Personalizzazione', 0, '0.00'),
(118, 'Ricerca di soluzioni', 0, '0.00'),
(119, 'Differenziazione', 0, '0.00'),
(119, 'Indipendenza', 0, '0.00'),
(119, 'Organizzazione', 0, '0.00'),
(119, 'Partecipazione', 0, '0.00'),
(119, 'Personalizzazione', 0, '0.00'),
(119, 'Ricerca di soluzioni', 0, '0.00'),
(120, 'Differenziazione', 0, '0.00'),
(120, 'Indipendenza', 0, '0.00'),
(120, 'Organizzazione', 0, '0.00'),
(120, 'Partecipazione', 0, '0.00'),
(120, 'Personalizzazione', 0, '0.00'),
(120, 'Ricerca di soluzioni', 0, '0.00'),
(121, 'Differenziazione', 0, '0.00'),
(121, 'Indipendenza', 0, '0.00'),
(121, 'Organizzazione', 0, '0.00'),
(121, 'Partecipazione', 0, '0.00'),
(121, 'Personalizzazione', 0, '0.00'),
(121, 'Ricerca di soluzioni', 0, '0.00');

-- --------------------------------------------------------

--
-- Struttura della tabella `categoria`
--

CREATE TABLE `categoria` (
  `id` int(10) UNSIGNED NOT NULL COMMENT 'ID della categoria',
  `nome` varchar(191) COLLATE utf8mb4_unicode_ci NOT NULL COMMENT 'Nome della categoria',
  `abb` varchar(191) COLLATE utf8mb4_unicode_ci NOT NULL COMMENT 'Abbreviazione della categoria'
) ENGINE=InnoDB DEFAULT CHARSET=utf8mb4 COLLATE=utf8mb4_unicode_ci;

--
-- Dump dei dati per la tabella `categoria`
--

INSERT INTO `categoria` (`id`, `nome`, `abb`) VALUES
(1, 'Personalizzazione', 'Pe'),
(2, 'Partecipazione', 'Pa'),
(3, 'Indipendenza', 'In'),
(4, 'Ricerca di soluzioni', 'So'),
(5, 'Differenziazione', 'Di'),
(6, 'Organizzazione', 'Or');

-- --------------------------------------------------------

--
-- Struttura della tabella `classi`
--

CREATE TABLE `classi` (
  `id` int(10) UNSIGNED NOT NULL COMMENT 'ID Classe',
  `nome` varchar(24) COLLATE utf8mb4_unicode_ci NOT NULL COMMENT 'Nome classe'
) ENGINE=InnoDB DEFAULT CHARSET=utf8mb4 COLLATE=utf8mb4_unicode_ci;

--
-- Dump dei dati per la tabella `classi`
--

INSERT INTO `classi` (`id`, `nome`) VALUES
(1, 'OT1'),
(2, 'OLP1'),
(3, 'PT1a'),
(4, 'PT1b'),
(5, 'PT CFP1a'),
(6, 'PAPA1'),
(7, 'PACO1'),
(8, 'PACO CFP1'),
(9, 'IE1'),
(10, 'C1AA'),
(11, 'E1AC'),
(12, 'E1AA'),
(13, 'I1BC'),
(14, 'I1BB'),
(15, 'I1AA'),
(16, 'I1AC'),
(17, 'D1AC'),
(18, 'D1AA'),
(19, 'CD1'),
(20, 'AS1'),
(21, 'AR1'),
(22, 'AED1a'),
(23, 'AED1c'),
(24, 'ACU1c'),
(25, 'ACU1b'),
(26, 'ACU1a'),
(27, 'I4 RP'),
(28, 'DisAU_MPTA1b'),
(29, 'DIC1a'),
(30, 'DisAU_CG1b'),
(31, 'DIC1b'),
(32, 'DIC1c'),
(33, 'DisAU_CG1a'),
(34, 'DA1b'),
(35, 'DisAU_MPTA1a'),
(36, 'DA1a'),
(37, 'DA1c'),
(38, 'CU1t'),
(39, 'CU1a'),
(40, 'CU1b'),
(41, 'IED2'),
(42, 'AED2a'),
(43, 'L1 BC (CG)'),
(44, 'L1 AA (MPT)'),
(45, 'TALI1'),
(46, 'SP1'),
(47, 'RIC1'),
(48, 'PTS1'),
(49, 'PTR1'),
(50, 'MA1'),
(51, 'AA1'),
(52, 'CLE1 TP'),
(53, 'MPTA1c'),
(54, 'MP2 TEC21 (1° anno)'),
(55, 'MP2 TEC1'),
(56, 'MP2 NAT1'),
(57, 'OLP2'),
(58, 'Dis_MPT2a'),
(59, 'DA2'),
(60, 'Dis_CG2a'),
(61, 'TCCF2'),
(62, 'L2 A (CG)'),
(63, 'PC2'),
(64, 'MA2'),
(65, 'GE2'),
(66, 'DPT2'),
(67, 'ACU2a'),
(68, 'ACU2b'),
(69, 'E2AA'),
(70, 'E2AC'),
(71, 'OD2'),
(72, 'I2AA'),
(73, 'I2BB'),
(74, 'I2BC'),
(75, 'I2AC'),
(76, 'D2AA'),
(77, 'D2AC'),
(78, 'L2 A (MPT)'),
(79, 'LB2'),
(80, 'PTR2'),
(81, 'PT2a'),
(82, 'PT2b'),
(83, 'PACO2'),
(84, 'MU2'),
(85, 'PE1 PAP'),
(86, 'RIC2'),
(87, 'PACO CFP2'),
(88, 'OD1'),
(89, 'IR2t'),
(90, 'L1 AC (MPT)'),
(91, 'L1 BB (MPT)'),
(92, 'OT2'),
(93, 'LC2'),
(94, 'CLE2 TP'),
(95, 'PT CFP2a'),
(96, 'EM2'),
(97, 'CU2t'),
(98, 'CU2a'),
(99, 'CU2b'),
(100, 'C2AA'),
(101, 'PAPA2'),
(102, 'IR1t'),
(103, 'IGS1'),
(104, 'IED1'),
(105, 'OLCFP2'),
(106, 'DIC2a'),
(107, 'Dis_MPT2b'),
(108, 'DIC2b'),
(109, 'IA1t'),
(110, 'GE1a'),
(111, 'GE1c'),
(112, 'GE1b'),
(113, 'IA2t'),
(114, 'AR2'),
(115, 'EM1'),
(116, 'SP2'),
(117, 'MPTA2c'),
(118, 'TE2 PAP'),
(119, 'PTS3'),
(120, 'PTR3'),
(121, 'L3 A (CG)'),
(122, 'LC3'),
(123, 'L3 A (MPT)'),
(124, 'IED3'),
(125, 'CU3t'),
(126, 'CU3b'),
(127, 'CU3a'),
(128, 'Dis_MPT3b'),
(129, 'DIC3a'),
(130, 'Dis_CG3a'),
(131, 'DIC3b'),
(132, 'LB3'),
(133, 'MPTA3c'),
(134, 'SP3'),
(135, 'PTV3'),
(136, 'TALI3'),
(137, 'RIC3'),
(138, 'PC3'),
(139, 'Dis_MPT3a'),
(140, 'DA3'),
(141, 'CLE3 PAP'),
(142, 'D3AA'),
(143, 'D3AC'),
(144, 'GE3'),
(145, 'OT3'),
(146, 'I3AA'),
(147, 'I3BB'),
(148, 'PT3c'),
(149, 'MA3'),
(150, 'EM3'),
(151, 'PE3 PAP'),
(152, 'CLE3 TP'),
(153, 'AS3'),
(154, 'TCCF3'),
(155, 'ICA 1'),
(156, 'OR3'),
(157, 'PT3b'),
(158, 'PT3a'),
(159, 'OLP3'),
(160, 'E3AA'),
(161, 'E3AC'),
(162, 'C3AA'),
(163, 'IR3t'),
(164, 'IA3t'),
(165, 'IGS3'),
(166, 'EM4'),
(167, 'PTV4'),
(168, 'Dis_CG4a'),
(169, 'Dis_MPT4a'),
(170, 'GE4'),
(171, 'Dis_CG4b'),
(172, 'Dis_MPT4b'),
(173, 'PAPA3'),
(174, 'PACO3'),
(175, 'E4AC'),
(176, 'E4AA'),
(177, 'MPTA4c'),
(178, 'D4 DIC'),
(179, 'D4 DA'),
(180, 'OD4'),
(181, 'AS4'),
(182, 'PTS4'),
(183, 'PTR4'),
(184, 'DIC4'),
(185, 'DA4'),
(186, 'I4AA'),
(187, 'I4AC'),
(188, 'OT4'),
(189, 'OD3');

-- --------------------------------------------------------

--
-- Struttura della tabella `docenti`
--

CREATE TABLE `docenti` (
  `id` int(10) UNSIGNED NOT NULL COMMENT 'ID Docente',
  `username` varchar(191) COLLATE utf8mb4_unicode_ci NOT NULL COMMENT 'Username docente',
  `nome` varchar(191) COLLATE utf8mb4_unicode_ci NOT NULL COMMENT 'Nome docente',
  `cognome` varchar(191) COLLATE utf8mb4_unicode_ci NOT NULL COMMENT 'Cognome docente',
  `semestre_configurato` tinyint(1) UNSIGNED NOT NULL DEFAULT '0' COMMENT 'Il semestre è stato configurato',
  `remember_token` varchar(100) COLLATE utf8mb4_unicode_ci DEFAULT NULL
) ENGINE=InnoDB DEFAULT CHARSET=utf8mb4 COLLATE=utf8mb4_unicode_ci;

--
-- Dump dei dati per la tabella `docenti`
--

INSERT INTO `docenti` (`id`, `username`, `nome`, `cognome`, `semestre_configurato`, `remember_token`) VALUES
(1, 'marco.cristallo', 'Marco', 'Cristallo', 0, NULL),
(2, 'carmen.scheiwiler', 'Carmen', 'Scheiwiler', 0, NULL),
(3, 'katrin.fumagalli', 'Katrin', 'Fumagalli', 0, NULL),
(4, 'andrea.pedrinis', 'Andrea', 'Pedrinis', 0, NULL),
(5, 'narges.bischof', 'Narges', 'Bischof-Zandi', 0, NULL),
(6, 'billy.beninger', 'Billy', 'Beninger', 0, NULL),
(7, 'giacomo.paris', 'Giacomo', 'Paris', 0, NULL),
(8, 'mayk.senkal', 'Mayk', 'Senkal', 0, NULL),
(9, 'bruno.riva', 'Bruno', 'Riva', 0, NULL),
(10, 'romano.tosoni', 'Romano', 'Tosoni', 0, NULL),
(11, 'verena.dirks', 'Verena', 'Dirks-Camozzi', 0, NULL),
(12, 'annamaria.vonkocsis', 'Annamaria', 'Von Kocsis', 0, NULL),
(13, 'monica.monti', 'Monica', 'Monti', 0, NULL),
(14, 'marco.mastelli', 'Marco', 'Mastelli', 0, NULL),
(15, 'bruno.delfante', 'Bruno', 'Del Fante', 0, NULL),
(16, 'silvia.dagui', 'Silvia', 'D\'Aguì', 0, NULL),
(17, 'marco.pasotti', 'Marco', 'Pasotti', 0, NULL),
(18, 'nikita.valentini', 'Nikita', 'Valentini', 0, NULL),
(19, 'marco.zandonella', 'Marco', 'Zandonella', 0, NULL),
(20, 'mathias.moghini', 'Mathias', 'Moghini', 0, NULL),
(21, 'jeanpierre.mini', 'Jeanpierre', 'Mini', 0, NULL),
(22, 'paolo.soldati', 'Paolo', 'Soldati', 0, NULL),
(23, 'alba.baruscotti', 'Alba', 'Baruscotti-Sansovini', 0, NULL),
(24, 'alberto.mombelli', 'Alberto', 'Mombelli', 0, NULL),
(25, 'maurizio.durini', 'Maurizio', 'Durini', 0, NULL),
(26, 'nadia.maggi', 'Nadia', 'Maggi Solcà', 0, NULL),
(27, 'saveria.angelico', 'Saveria', 'Angelico', 0, NULL),
(28, 'astrid.riedel', 'Astrid', 'Riedel', 0, NULL),
(29, 'georgia.berra', 'Georgia', 'Berra', 0, NULL),
(30, 'sebastiano.giussani', 'Sebastiano', 'Giussani', 0, NULL),
(31, 'fabiola.digisi', 'Fabiola', 'Di Gisi-Trevisan', 0, NULL),
(32, 'damiano.cioldi', 'Damiano', 'Cioldi', 0, NULL),
(33, 'monica.delucchi', 'Monica', 'Delucchi-Di Marco', 0, NULL),
(34, 'pamela.stöckli', 'Pamela', 'Stöckli', 0, NULL),
(35, 'maurizio.bottaro', 'Maurizio', 'Bottaro', 0, NULL),
(36, 'fabio.aldeghi', 'Fabio', 'Aldeghi', 0, NULL),
(37, 'roberto.fischer', 'Roberto', 'Fischer', 0, NULL),
(38, 'luca.bugada', 'Luca', 'Bugada', 0, NULL),
(39, 'franco.crivelli', 'Franco', 'Crivelli', 0, NULL),
(40, 'massimo.marchesi', 'Massimo', 'Marchesi', 0, NULL),
(41, 'paul.schwitzgebel', 'Paul', 'Schwitzgebel', 0, NULL),
(42, 'ferruccio.albizzati', 'Ferruccio', 'Albizzati', 0, NULL),
(43, 'elisa.statti', 'Elisa', 'Statti', 0, NULL),
(44, 'marie.jelmoni', 'Marie-Louise', 'Jelmoni', 0, NULL),
(45, 'michael.scholtischik', 'Michael', 'Scholtischik', 0, NULL),
(46, 'franco.mombelli', 'Franco', 'Mombelli', 0, NULL),
(47, 'sergio.lippis', 'Sergio', 'Lippis', 0, NULL),
(48, 'francesco.mussi', 'Francesco', 'Mussi', 0, 'tzIoJElPxboS8NaMXzDSpYz9GZe5SFZf3FuoDe0VoQ2Kf4htLBZ6CsP8x5qq'),
(49, 'guido.montalbetti', 'Guido', 'Montalbetti', 0, NULL),
(50, 'gabriele.viganò', 'Gabriele', 'Viganò', 0, NULL),
(51, 'andrea.albertini', 'Andrea', 'Albertini', 1, 'Qh9UuRqpkEbMH6VPs27ERn7zTfk0bYsHfPNBnfi20n418So8MucNGg39NkVY'),
(52, 'luca.muggiasca', 'Luca', 'Muggiasca', 0, NULL),
(53, 'william.peretti', 'William', 'Peretti', 0, 'yYOhf7YlRJUE8JpShKlia7vBIYe75q51wjdLKGF9rZtNKnOfkluII4i6YjRK'),
(54, 'elena.antonini', 'Elena', 'Antonini Lüönd', 0, 'cNzIZHMcJUl6ZbK9AOJhloW6dJdTKz3GWlD3k9lKI8t3Spaklto9CT1l6wDH'),
(55, 'filomena.pomponio', 'Filomena', 'Pomponio Dominoni', 0, NULL),
(56, 'debra.borradori', 'Debra', 'Borradori', 0, NULL),
(57, 'ivano.manetti', 'Ivano', 'Manetti', 0, NULL),
(58, 'emilio.bellei', 'Emilio', 'Bellei', 0, NULL),
(59, 'adriano.barchi', 'Adriano', 'Barchi', 1, 'Lki8481YcRJMPxFWLLpOdnFucKlPqpnI3tgK0jHNbGIPnOBYlP4mluH90Tey'),
(60, 'cecilia.beti', 'Cecilia', 'Beti', 0, NULL),
(61, 'cesare.casale', 'Cesare', 'Casale', 0, NULL),
(62, 'enrico.bischof', 'Enrico', 'Bischof', 0, NULL),
(63, 'claudio.mudry', 'Claudio', 'Mudry', 0, NULL),
(64, 'rada.fornara', 'Rada', 'Fornara', 0, NULL),
(65, 'ornella.perlasca', 'Ornella', 'Perlasca', 0, NULL),
(66, 'diana.valaperta', 'Diana', 'Valaperta', 0, NULL),
(67, 'lorenza.casari', 'Lorenza', 'Casari-Menghetti', 0, NULL),
(68, 'alberto.casari', 'Alberto', 'Casari', 0, NULL),
(69, 'nicola.piatti', 'Nicola', 'Piatti', 0, NULL),
(70, 'lara.quarleri', 'Lara', 'Quarleri', 0, NULL),
(71, 'pierromeo.mauri', 'Pierromeo', 'Mauri', 0, NULL),
(72, 'mauro.maiano', 'Mauro', 'Maiano', 0, NULL),
(73, 'paolo.albertini', 'Paolo', 'Albertini', 0, NULL),
(74, 'snjezana.milosavljev', 'Snjezana', 'Milosavljevic', 0, NULL),
(75, 'elena.ferri', 'Elena', 'Ferri-Caprani', 0, NULL),
(76, 'laura.dicorcia', 'Laura', 'Di Corcia', 0, NULL),
(77, 'claudio.panzeri', 'Claudio', 'Panzeri', 0, NULL),
(78, 'christian.gianetti', 'Christian', 'Gianetti', 0, NULL),
(79, 'mirka.poretti', 'Mirka', 'Poretti-Bartoli', 0, NULL),
(80, 'luca.bondietti', 'Luca', 'Bondietti', 0, NULL),
(81, 'massimo.sartori', 'Massimo', 'Sartori', 0, NULL),
(82, 'fabrizio.valsangiaco', 'Fabrizio', 'Valsangiacomo', 1, 'px4DlIESVkIn0iiQV85dQk6L3IsINaIYK34GZuOuQ1tCOkapVLz4lY86necm'),
(83, 'ivan.raimondi', 'Ivan', 'Raimondi', 0, NULL),
(84, 'sandra.bernaschina', 'Sandra', 'Bernaschina', 0, NULL),
(85, 'daniele.poretti', 'Daniele', 'Poretti', 0, NULL),
(86, 'fiorenzo.mambretti', 'Fiorenzo', 'Mambretti', 0, NULL),
(87, 'marco.rezzonico', 'Marco', 'Rezzonico', 0, NULL),
(88, 'ivan.baruffaldi', 'Ivan', 'Baruffaldi', 0, NULL),
(89, 'silvia.borlini', 'Silvia', 'Borlini Moleti', 0, NULL),
(90, 'andrea.chiesa', 'Andrea', 'Chiesa', 0, NULL),
(91, 'giuseppe.ramundo', 'Giuseppe', 'Ramundo', 0, NULL),
(92, 'manuela.pollini', 'Manuela', 'Pollini', 0, NULL),
(93, 'paola.molinari', 'Paola', 'Molinari', 0, NULL),
(94, 'vito.petrillo', 'Vito', 'Petrillo', 0, NULL),
(95, 'michel.brenna', 'Michel', 'Brenna', 0, NULL),
(96, 'chiara.bonaldi', 'Chiara', 'Bonaldi', 0, NULL),
(97, 'massimo.crivelli', 'Massimo', 'Crivelli', 0, NULL),
(98, 'giorgio.campedel', 'Giorgio', 'Campedel', 0, NULL),
(99, 'daniele.polli', 'Daniele', 'Polli', 0, NULL),
(100, 'paola.branca', 'Paola', 'Branca', 0, NULL),
(101, 'alfio.norghauer', 'Alfio', 'Norghauer', 0, NULL),
(102, 'viviane.haug', 'Viviane', 'Haug', 0, NULL),
(103, 'annalisa.traversa', 'Annalisa', 'Traversa', 0, NULL),
(104, 'ernesto.menegotto', 'Ernesto', 'Menegotto', 0, NULL),
(105, 'katharina.attenhofer', 'Katharina', 'Attenhofer', 0, NULL),
(106, 'valerio.nicora', 'Valerio', 'Nicora', 0, NULL),
(107, 'beatrice.zbinden', 'Beatrice', 'Zbinden Arioli', 0, NULL),
(108, 'catherine.dimarco', 'Catherine', 'Di Marco', 0, NULL),
(109, 'maura.manzoni', 'Maura Claudia', 'Manzoni Seno', 0, NULL),
(110, 'martine.ferrato', 'Martine', 'Ferrato', 0, NULL),
(111, 'carlo.crivelli', 'Carlo', 'Crivelli', 0, NULL),
(112, 'eugenio.boccadamo', 'Eugenio', 'Boccadamo', 0, NULL),
(113, 'lucia.rusconi', 'Lucia', 'Rusconi Tondi', 0, NULL),
(114, 'dario.bernasconi', 'Dario', 'Bernasconi', 0, NULL),
(115, 'dario.röthlisberger', 'Dario', 'Röthlisberger', 0, NULL),
(116, 'vladanka.savic', 'Vladanka', 'Savic', 0, NULL),
(117, 'giacomo.bassanini', 'Giacomo', 'Bassanini', 0, NULL),
(118, 'mattia.pasotti', 'Mattia', 'Pasotti', 0, NULL),
(119, 'elvio.muscionico', 'Elvio', 'Muscionico', 0, NULL),
(120, 'catherine.basile', 'Catherine', 'Basile', 0, NULL),
(121, 'adriano.ballarini', 'Adriano', 'Ballarini', 0, NULL),
(122, 'gabriele.cicek', 'Gabriele', 'Cicek', 0, NULL),
(123, 'mirko.galli', 'Mirko', 'Galli', 0, NULL),
(124, 'tullio.martinenghi', 'Tullio', 'Martinenghi', 0, NULL),
(125, 'samuel.antonietti', 'Samuel', 'Antonietti', 0, NULL),
(126, 'luca.guggiari', 'Luca', 'Guggiari', 0, NULL),
(127, 'walter.coretti', 'Walter', 'Coretti', 0, NULL),
(128, 'luca.moscatelli', 'Luca', 'Moscatelli', 0, NULL),
(129, 'giacomo.sani', 'Giacomo', 'Sani', 0, NULL),
(130, 'tiziano.vanoni', 'Tiziano', 'Vanoni', 0, NULL),
(131, 'paola.rordorf', 'Paola', 'Rordorf Pino', 0, NULL),
(132, 'caterina.felder', 'Caterina', 'Felder', 0, NULL),
(133, 'ursula.holliger', 'Ursula', 'Holliger', 0, NULL),
(134, 'alessandro.re', 'Alessandro', 'Re', 0, NULL),
(135, 'davide.genini', 'Davide', 'Genini', 0, NULL),
(136, 'alessandro.caffi', 'Alessandro', 'Caffi Bregola', 0, NULL),
(137, 'claudio.delmenico', 'Claudio', 'Delmenico', 0, NULL),
(138, 'susanna.bassi', 'Susanna', 'Bassi Spinedi', 0, NULL),
(139, 'giuseppe.puglisi', 'Giuseppe Leonardo', 'Puglisi', 0, NULL),
(140, 'cristina.bocchi', 'Cristina', 'Bocchi', 0, NULL),
(141, 'luciano.nodari', 'Luciano', 'Nodari', 0, NULL),
(142, 'marco.joos', 'Marco', 'Joos', 0, NULL),
(143, 'tiziano.crivelli', 'Tiziano', 'Crivelli', 0, NULL),
(144, 'gianpaolo.scheurer', 'Gianpaolo', 'Scheurer', 0, NULL),
(145, 'damiano.frigerio', 'Damiano', 'Frigerio', 0, NULL),
(146, 'daniele.fumagalli', 'Daniele', 'Fumagalli', 0, NULL),
(147, 'mauro.baracchi', 'Mauro', 'Baracchi', 0, NULL),
(148, 'ugo.bernasconi', 'Ugo', 'Bernasconi', 0, NULL),
(149, 'romano.guzzi', 'Romano', 'Guzzi', 0, NULL),
(150, 'onorio.iannarelli', 'Onorio', 'Iannarelli', 0, NULL),
(151, 'anamaria.piffaretti', 'Ana Maria', 'Piffaretti-Yanez', 0, NULL),
(152, 'luciano.gabutti', 'Luciano', 'Gabutti', 0, NULL),
(153, 'mauro.libera', 'Mauro', 'Libera', 0, NULL),
(154, 'luca.bordoli', 'Luca', 'Bordoli', 0, NULL),
(155, 'milo.pozzi', 'Milo', 'Pozzi', 0, NULL),
(156, 'loris.ghirlanda', 'Loris', 'Ghirlanda', 0, NULL),
(157, 'massimo.perosa', 'Massimo', 'Perosa', 0, NULL),
(158, 'davide.rotanzi', 'Davide', 'Rotanzi', 0, NULL),
(159, 'vittorio.borlini', 'Vittorio', 'Borlini', 0, NULL),
(160, 'reinhard.oppikofer', 'Reinhard', 'Oppikofer', 0, NULL),
(161, 'paolo.zanga', 'Paolo', 'Zanga', 0, NULL),
(162, 'giuseppe.boschetti', 'Giuseppe', 'Boschetti', 0, NULL),
(163, 'marzio.caccia', 'Marzio', 'Caccia', 0, NULL),
(164, 'corrado.guntri', 'Corrado', 'Guntri', 0, NULL),
(165, 'matteo.binda', 'Matteo', 'Binda', 0, NULL),
(166, 'emilio.delfante', 'Emilio', 'Del Fante', 0, NULL),
(167, 'karin.semmler', 'Karin', 'Semmler-Herrmann', 0, NULL),
(168, 'luca.ferrando', 'Luca', 'Ferrando', 0, NULL),
(169, 'claudio.casanova', 'Claudio', 'Casanova', 0, NULL),
(170, 'walter.garcia', 'Walter', 'Garcia', 0, NULL),
(171, 'tamara.cadra', 'Tamara', 'Cadra Fornera', 0, NULL),
(172, 'claudio.vicari', 'Claudio', 'Vicari', 0, NULL),
(173, 'claudia.gianora', 'Claudia', 'Gianora', 0, NULL),
(174, 'walter.moggio', 'Walter', 'Moggio', 0, NULL),
(175, 'andrea.andreoli', 'Andrea', 'Andreoli', 0, NULL),
(176, 'simone.bassetti', 'Simone', 'Bassetti', 0, NULL),
(177, 'thomas.lasikowski', 'Thomas', 'Lasikowski', 0, NULL),
(178, 'luca.schwank', 'Luca', 'Schwank', 0, NULL),
(179, 'alessandro.preianò', 'Alessandro', 'Preianò', 0, NULL),
(180, 'nicola.vonarburg', 'Nicola', 'Vonarburg', 0, NULL),
(181, 'fulvio.bottinelli', 'Fulvio', 'Bottinelli', 0, NULL),
(182, 'adam.gerosa', 'Adam', 'Gerosa', 0, NULL),
(183, 'devis.bruni', 'Devis', 'Bruni', 0, NULL),
(184, 'vera.ferretti', 'Vera', 'Ferretti', 0, NULL),
(185, 'alessio.spataro', 'Alessio', 'Spataro', 0, NULL),
(186, 'alessandro.tamburini', 'Alessandro', 'Tamburini', 0, NULL),
(187, 'lorenza.desimoni', 'Lorenza', 'De Simoni', 0, NULL),
(188, 'mikail.akbas', 'Mikail', 'Akbas', 1, '1mMC01x8ot9R3S2mcTxcPtrvkInOwckc78Ef81m1RnmlxaweAjuZZZR3wTkw'),
(189, 'amilcare.battisti', 'Amilcare', 'Battisti', 0, NULL),
(190, 'rossella.neuroni', 'Rossella', 'Neuroni Bianchi', 0, NULL),
(191, 'ambra.rossi', 'Ambra', 'Rossi', 0, NULL),
(192, 'rita.ferrario', 'Rita', 'Ferrario', 0, NULL),
(193, 'marco.schmidt', 'Marco', 'Schmidt', 0, NULL),
(194, 'thomas.bartesaghi', 'Thomas', 'Bartesaghi', 0, NULL),
(195, 'rubens.saccher', 'Rubens', 'Saccher', 0, NULL),
(196, 'rodolfo.visconti', 'Rodolfo', 'Visconti', 0, NULL),
(197, 'sandro.vitali', 'Sandro', 'Vitali', 0, NULL),
(198, 'andrea.maroni', 'Andrea', 'Maroni', 0, NULL),
(199, 'mattia.rossi', 'Mattia', 'Rossi', 0, NULL);

-- --------------------------------------------------------

--
-- Struttura della tabella `docenti_classi`
--

CREATE TABLE `docenti_classi` (
  `id_classe` int(10) UNSIGNED NOT NULL COMMENT 'ID Classe',
  `id_docente` int(10) UNSIGNED NOT NULL COMMENT 'ID Docente',
  `materia` varchar(191) COLLATE utf8mb4_unicode_ci NOT NULL COMMENT 'Materia del docente per quella classe',
  `id_semestre` tinyint(3) UNSIGNED NOT NULL DEFAULT '1' COMMENT 'ID Semestre'
) ENGINE=InnoDB DEFAULT CHARSET=utf8mb4 COLLATE=utf8mb4_unicode_ci;

--
-- Dump dei dati per la tabella `docenti_classi`
--

INSERT INTO `docenti_classi` (`id_classe`, `id_docente`, `materia`, `id_semestre`) VALUES
(1, 2, 'Tedesco', 1),
(1, 3, 'Anatomia dell\'occhio', 1),
(1, 3, 'Comunicazione di vendita', 1),
(1, 3, 'Ottica oftalmica e difetti visivi', 1),
(1, 3, 'Psicologia di vendita', 1),
(1, 4, 'Educazione fisica', 1),
(1, 5, 'Lingua e comunicazione', 1),
(1, 5, 'Società', 1),
(1, 6, 'Lingua e comunicazione', 1),
(1, 6, 'Società', 1),
(2, 2, 'Lingua tedesca', 1),
(2, 4, 'Educazione fisica', 1),
(2, 5, 'Lingua e comunicazione', 1),
(2, 5, 'Società', 1),
(2, 6, 'Lingua e comunicazione', 1),
(2, 6, 'Società', 1),
(2, 7, 'Materiali', 1),
(2, 7, 'Sicurezza e ambiente', 1),
(2, 7, 'Teoria dell\'orologeria (teoria + regolazione)', 1),
(2, 8, 'Elettrotecnica', 1),
(2, 8, 'Fisica', 1),
(2, 8, 'Matematica', 1),
(2, 9, 'Disegno professionale', 1),
(3, 10, 'Conoscenze professionali', 1),
(3, 10, 'Corso interaziendale n°1', 1),
(3, 10, 'Decorazioni e lavori artistici', 1),
(3, 10, 'Disegno professionale', 1),
(3, 10, 'Disegno professionale e lavori artistici', 1),
(3, 10, 'Pianificazione e preparazione dei lavori', 1),
(3, 10, 'Pretrattamento, rivestimenti e sicurezza sul lavoro', 1),
(3, 11, 'Calcolo professionale', 1),
(3, 12, 'Educazione fisica', 1),
(3, 13, 'Lingua e comunicazione', 1),
(3, 13, 'Società', 1),
(3, 14, 'Lingua e comunicazione', 1),
(3, 14, 'Società', 1),
(4, 4, 'Educazione fisica', 1),
(4, 10, 'Corso interaziendale n°1', 1),
(4, 11, 'Calcolo professionale', 1),
(4, 13, 'Lingua e comunicazione', 1),
(4, 13, 'Società', 1),
(4, 15, 'Conoscenze professionali', 1),
(4, 15, 'Decorazioni e lavori artistici', 1),
(4, 15, 'Disegno professionale', 1),
(4, 15, 'Disegno professionale e lavori artistici', 1),
(4, 15, 'Pianificazione e preparazione dei lavori', 1),
(4, 15, 'Pretrattamento, rivestimenti e sicurezza sul lavoro', 1),
(5, 10, 'Calcolo professionale', 1),
(5, 10, 'Conoscenze professionali', 1),
(5, 10, 'Corso interaziendale n°1', 1),
(5, 10, 'Decorazioni e lavori artistici', 1),
(5, 10, 'Disegno professionale', 1),
(5, 10, 'Disegno professionale e lavori artistici', 1),
(5, 10, 'Pianificazione e preparazione dei lavori', 1),
(5, 10, 'Pianificazione e sicurezza', 1),
(5, 10, 'Pretrattamento, rivestimenti e sicurezza sul lavoro', 1),
(5, 10, 'Trattamenti e rivestimenti', 1),
(5, 12, 'Educazione fisica', 1),
(5, 16, 'Lingua e comunicazione', 1),
(5, 16, 'Società', 1),
(6, 12, 'Educazione fisica', 1),
(6, 17, 'Creazione', 1),
(6, 17, 'Economia aziendale', 1),
(6, 17, 'Lavorazione artigianale e tecnologia', 1),
(6, 18, 'Lingua e comunicazione', 1),
(6, 18, 'Società', 1),
(7, 12, 'Educazione fisica', 1),
(7, 17, 'Creazione', 1),
(7, 17, 'Economia aziendale', 1),
(7, 17, 'Lavorazione artigianale e tecnologia', 1),
(7, 18, 'Lingua e comunicazione', 1),
(7, 18, 'Società', 1),
(8, 16, 'Lingua e comunicazione', 1),
(8, 16, 'Società', 1),
(8, 17, 'Creazione', 1),
(8, 17, 'Lavorazione artigianale e tecnologia', 1),
(8, 19, 'Creazione', 1),
(8, 19, 'Lavorazione artigianale e tecnologia', 1),
(8, 20, 'Educazione fisica e sport', 1),
(9, 4, 'Educazione fisica', 1),
(9, 5, 'Lingua e comunicazione', 1),
(9, 5, 'Società', 1),
(9, 11, 'Disegno professionale', 1),
(9, 21, 'Calcolo professionale', 1),
(9, 22, 'Conoscenze professionali', 1),
(10, 23, 'Chimica organica', 1),
(10, 23, 'Conoscenze professionali applicate', 1),
(10, 24, 'Chimica', 1),
(10, 24, 'Laboratorio chimica', 1),
(10, 24, 'Laboratorio professionale', 1),
(10, 24, 'Metodica di laboratorio 1', 1),
(10, 25, 'Laboratorio chimica', 1),
(10, 25, 'Laboratorio professionale', 1),
(10, 26, 'Biologia', 1),
(10, 27, 'Laboratorio tecnologia chimica', 1),
(10, 27, 'Matematica applicata 1', 1),
(10, 28, 'Lingua tedesca', 1),
(10, 29, 'AIT1', 1),
(10, 29, 'Economia e diritto', 1),
(10, 30, 'AIT3', 1),
(10, 30, 'Fisica', 1),
(10, 31, 'AIT1', 1),
(10, 31, 'Lingua italiana', 1),
(10, 32, 'AIT2', 1),
(10, 32, 'Lingua inglese', 1),
(10, 33, 'AIT2', 1),
(10, 33, 'Storia e politica', 1),
(10, 34, 'AIT3', 1),
(10, 34, 'Matematica (ambito fondamentale)', 1),
(10, 35, 'Educazione fisica e sport', 1),
(11, 16, 'AIT2', 1),
(11, 16, 'Lingua italiana', 1),
(11, 33, 'AIT2', 1),
(11, 33, 'Storia e politica', 1),
(11, 35, 'Educazione fisica', 1),
(11, 36, 'Calcolo professionale', 1),
(11, 36, 'Laboratorio di consolidamento', 1),
(11, 36, 'Matematica (ambito fondamentale)', 1),
(11, 37, 'Laboratorio disegno e meccanica', 1),
(11, 38, 'Laboratorio misure', 1),
(11, 39, 'Laboratorio multimediale', 1),
(11, 39, 'Manutenzione, riparazione e modifica', 1),
(11, 40, 'Laboratorio elettrotecnica', 1),
(11, 41, 'Organizzare il lavoro', 1),
(11, 43, 'AIT1', 1),
(11, 43, 'Economia e diritto', 1),
(11, 44, 'AIT1', 1),
(11, 44, 'AIT2', 1),
(11, 44, 'Lingua inglese', 1),
(11, 45, 'Lingua tedesca', 1),
(11, 46, 'Portfolio delle competenze', 1),
(12, 16, 'AIT2', 1),
(12, 16, 'Lingua italiana', 1),
(12, 33, 'AIT2', 1),
(12, 33, 'Storia e politica', 1),
(12, 35, 'Educazione fisica', 1),
(12, 36, 'Calcolo professionale', 1),
(12, 36, 'Laboratorio di consolidamento', 1),
(12, 36, 'Matematica (ambito fondamentale)', 1),
(12, 37, 'Laboratorio disegno e meccanica', 1),
(12, 38, 'Laboratorio misure', 1),
(12, 39, 'Laboratorio multimediale', 1),
(12, 39, 'Manutenzione, riparazione e modifica', 1),
(12, 40, 'Laboratorio elettrotecnica', 1),
(12, 41, 'Organizzare il lavoro', 1),
(12, 43, 'AIT1', 1),
(12, 43, 'Economia e diritto', 1),
(12, 44, 'AIT1', 1),
(12, 44, 'AIT2', 1),
(12, 44, 'Lingua inglese', 1),
(12, 45, 'Lingua tedesca', 1),
(12, 46, 'Portfolio delle competenze', 1),
(13, 28, 'AIT1', 1),
(13, 28, 'Lingua tedesca', 1),
(13, 35, 'Educazione fisica', 1),
(13, 47, 'M104 Implementare un modello di dati', 1),
(13, 48, 'M101 Realizzare e pubblicare un sito web', 1),
(13, 49, 'M302 Funzioni avanzate degli strumenti di burotica', 1),
(13, 49, 'M304 Mettere in funzione un PC', 1),
(13, 49, 'M305 Installare, configurare ed amministrare dei sistemi operativi', 1),
(13, 50, 'M100 Distinguere, preparare ed interpretare dei dati', 1),
(13, 52, 'M403 Implementare degli algoritmi in modo procedurale', 1),
(13, 53, 'Laboratorio di consolidamento', 1),
(13, 53, 'Laboratorio di robotica 1', 1),
(13, 53, 'M404 Programmare basato a oggetti secondo specifiche', 1),
(13, 53, 'Portfolio delle competenze', 1),
(13, 55, 'Lingua inglese', 1),
(13, 56, 'Matematica (ambito fondamentale)', 1),
(13, 57, 'Laboratorio elettronica 1+2', 1),
(14, 28, 'AIT1', 1),
(14, 28, 'Lingua tedesca', 1),
(14, 35, 'Educazione fisica', 1),
(14, 47, 'M104 Implementare un modello di dati', 1),
(14, 48, 'Laboratorio di robotica 1', 1),
(14, 48, 'M101 Realizzare e pubblicare un sito web', 1),
(14, 49, 'M302 Funzioni avanzate degli strumenti di burotica', 1),
(14, 49, 'M304 Mettere in funzione un PC', 1),
(14, 49, 'M305 Installare, configurare ed amministrare dei sistemi operativi', 1),
(14, 50, 'M100 Distinguere, preparare ed interpretare dei dati', 1),
(14, 52, 'M403 Implementare degli algoritmi in modo procedurale', 1),
(14, 53, 'Laboratorio di consolidamento', 1),
(14, 53, 'M404 Programmare basato a oggetti secondo specifiche', 1),
(14, 53, 'Portfolio delle competenze', 1),
(14, 55, 'Lingua inglese', 1),
(14, 56, 'Matematica (ambito fondamentale)', 1),
(14, 57, 'Laboratorio elettronica 1+2', 1),
(15, 28, 'AIT1', 1),
(15, 28, 'Lingua tedesca', 1),
(15, 35, 'Educazione fisica', 1),
(15, 47, 'M104 Implementare un modello di dati', 1),
(15, 48, 'M101 Realizzare e pubblicare un sito web', 1),
(15, 49, 'M302 Funzioni avanzate degli strumenti di burotica', 1),
(15, 49, 'M304 Mettere in funzione un PC', 1),
(15, 49, 'M305 Installare, configurare ed amministrare dei sistemi operativi', 1),
(15, 50, 'M100 Distinguere, preparare ed interpretare dei dati', 1),
(15, 52, 'M403 Implementare degli algoritmi in modo procedurale', 1),
(15, 53, 'Laboratorio di consolidamento', 1),
(15, 53, 'M404 Programmare basato a oggetti secondo specifiche', 1),
(15, 53, 'Portfolio delle competenze', 1),
(15, 55, 'Lingua inglese', 1),
(15, 57, 'Laboratorio elettronica 1+2', 1),
(15, 58, 'Matematica (ambito fondamentale)', 1),
(16, 28, 'AIT1', 1),
(16, 28, 'Lingua tedesca', 1),
(16, 35, 'Educazione fisica', 1),
(16, 47, 'M104 Implementare un modello di dati', 1),
(16, 48, 'M101 Realizzare e pubblicare un sito web', 1),
(16, 49, 'M302 Funzioni avanzate degli strumenti di burotica', 1),
(16, 49, 'M304 Mettere in funzione un PC', 1),
(16, 49, 'M305 Installare, configurare ed amministrare dei sistemi operativi', 1),
(16, 50, 'M100 Distinguere, preparare ed interpretare dei dati', 1),
(16, 52, 'M403 Implementare degli algoritmi in modo procedurale', 1),
(16, 53, 'Laboratorio di consolidamento', 1),
(16, 53, 'Laboratorio di robotica 1', 1),
(16, 53, 'M404 Programmare basato a oggetti secondo specifiche', 1),
(16, 53, 'Portfolio delle competenze', 1),
(16, 55, 'Lingua inglese', 1),
(16, 57, 'Laboratorio elettronica 1+2', 1),
(16, 58, 'Matematica (ambito fondamentale)', 1),
(17, 29, 'AIT1', 1),
(17, 29, 'Economia e diritto', 1),
(17, 44, 'AIT2', 1),
(17, 44, 'Lingua inglese', 1),
(17, 45, 'Lingua tedesca', 1),
(17, 46, 'Portfolio delle competenze', 1),
(17, 47, 'Informatica', 1),
(17, 47, 'Laboratorio di consolidamento', 1),
(17, 60, 'Calcolo professionale', 1),
(17, 60, 'Esercitazioni pratiche (ingegneria civile)', 1),
(17, 60, 'Tecnica della costruzione (ingegneria civile)', 1),
(17, 61, 'Calcolo professionale', 1),
(17, 61, 'Conoscenza dei materiali', 1),
(17, 61, 'Disegno a mano libera', 1),
(17, 61, 'Esercitazioni pratiche (architettura)', 1),
(17, 61, 'Tecnica della costruzione (architettura)', 1),
(17, 62, 'Conoscenza dei materiali', 1),
(17, 62, 'Esercitazioni pratiche (ingegneria civile)', 1),
(17, 62, 'Tecnica della costruzione (ingegneria civile)', 1),
(17, 63, 'Conoscenza dei materiali', 1),
(17, 63, 'Disegno a mano libera', 1),
(17, 63, 'Esercitazioni pratiche (architettura)', 1),
(17, 64, 'Modellistica', 1),
(17, 65, 'AIT1', 1),
(17, 65, 'Lingua italiana', 1),
(17, 66, 'AIT2', 1),
(17, 66, 'Storia e politica', 1),
(17, 67, 'Matematica (ambito fondamentale)', 1),
(17, 68, 'Educazione fisica', 1),
(18, 29, 'AIT1', 1),
(18, 29, 'Economia e diritto', 1),
(18, 44, 'AIT2', 1),
(18, 44, 'Lingua inglese', 1),
(18, 45, 'Lingua tedesca', 1),
(18, 46, 'Portfolio delle competenze', 1),
(18, 47, 'Informatica', 1),
(18, 47, 'Laboratorio di consolidamento', 1),
(18, 60, 'Calcolo professionale', 1),
(18, 60, 'Esercitazioni pratiche (ingegneria civile)', 1),
(18, 60, 'Tecnica della costruzione (ingegneria civile)', 1),
(18, 61, 'Calcolo professionale', 1),
(18, 61, 'Conoscenza dei materiali', 1),
(18, 61, 'Disegno a mano libera', 1),
(18, 61, 'Esercitazioni pratiche (architettura)', 1),
(18, 61, 'Tecnica della costruzione (architettura)', 1),
(18, 62, 'Conoscenza dei materiali', 1),
(18, 62, 'Esercitazioni pratiche (ingegneria civile)', 1),
(18, 62, 'Tecnica della costruzione (ingegneria civile)', 1),
(18, 63, 'Conoscenza dei materiali', 1),
(18, 63, 'Disegno a mano libera', 1),
(18, 63, 'Esercitazioni pratiche (architettura)', 1),
(18, 64, 'Modellistica', 1),
(18, 65, 'AIT1', 1),
(18, 65, 'Lingua italiana', 1),
(18, 66, 'AIT2', 1),
(18, 66, 'Storia e politica', 1),
(18, 67, 'Matematica (ambito fondamentale)', 1),
(18, 68, 'Educazione fisica', 1),
(19, 69, 'Alimenti speciali, calcolo valore nutrizionale, ricette e menu', 1),
(19, 69, 'Corsi interaziendali', 1),
(19, 69, 'Dietetica', 1),
(19, 69, 'Nutrizione', 1),
(19, 69, 'Organizzazione aziendale', 1),
(19, 70, 'Dietetica', 1),
(19, 71, 'Alimenti speciali, calcolo valore nutrizionale, ricette e menu', 1),
(19, 71, 'Nutrizione', 1),
(20, 2, 'Lingua tedesca', 1),
(20, 4, 'Educazione fisica', 1),
(20, 5, 'Lingua e comunicazione', 1),
(20, 5, 'Società', 1),
(20, 6, 'Lingua e comunicazione', 1),
(20, 6, 'Società', 1),
(20, 72, 'Campionatura', 1),
(20, 72, 'Gestione della qualità', 1),
(20, 72, 'Mezzi di fabbricazione', 1),
(20, 72, 'Processi preparatori e successivi', 1),
(20, 72, 'Scienza della fabbricazione', 1),
(20, 72, 'Sicurezza sul lavoro, protezione della salute e dell\'ambiente', 1),
(20, 72, 'Tecnica di fabbricazione', 1),
(21, 5, 'Lingua e comunicazione', 1),
(21, 5, 'Società', 1),
(21, 6, 'Lingua e comunicazione', 1),
(21, 6, 'Società', 1),
(21, 12, 'Educazione fisica', 1),
(21, 73, 'Conoscenze professionali', 1),
(22, 6, 'Lingua e comunicazione', 1),
(22, 6, 'Società', 1),
(22, 35, 'Educazione fisica', 1),
(22, 74, 'Conoscenze professionali', 1),
(23, 35, 'Educazione fisica', 1),
(23, 75, 'Conoscenze professionali', 1),
(23, 76, 'Lingua e comunicazione', 1),
(23, 76, 'Società', 1),
(24, 12, 'Educazione fisica', 1),
(24, 77, 'Conoscenze professionali', 1),
(24, 77, 'Lingua e comunicazione', 1),
(24, 77, 'Società', 1),
(24, 78, 'Conoscenze professionali', 1),
(24, 79, 'Lingua e comunicazione', 1),
(24, 79, 'Società', 1),
(25, 35, 'Educazione fisica', 1),
(25, 76, 'Lingua e comunicazione', 1),
(25, 76, 'Società', 1),
(25, 80, 'Conoscenze professionali', 1),
(26, 5, 'Lingua e comunicazione', 1),
(26, 5, 'Società', 1),
(26, 6, 'Conoscenze professionali', 1),
(26, 6, 'Lingua e comunicazione', 1),
(26, 6, 'Società', 1),
(26, 12, 'Educazione fisica', 1),
(26, 78, 'Conoscenze professionali', 1),
(27, 28, 'Lingua tedesca', 1),
(27, 30, 'Fisica', 1),
(27, 53, 'Stage esterno (estate terzo/quarto anno)', 1),
(27, 56, 'Matematica', 1),
(27, 56, 'Matematica applicata (materia complementare)', 1),
(27, 81, 'M151 Collegare banche dati ad un sito web', 1),
(27, 81, 'M184 Realizzare la sicurezza delle reti', 1),
(27, 81, 'Progetti individuali', 1),
(27, 83, 'M159 Installare e configurare dei servizi di cartelle', 1),
(27, 84, 'M335 Realizzare applicazioni mobile', 1),
(28, 20, 'Educazione fisica', 1),
(28, 34, 'AIT1', 1),
(28, 34, 'Matematica (ambito fondamentale)', 1),
(28, 44, 'AIT2', 1),
(28, 44, 'Lingua inglese', 1),
(28, 45, 'Lingua tedesca', 1),
(28, 46, 'Portfolio delle competenze', 1),
(28, 66, 'AIT2', 1),
(28, 66, 'Storia e politica', 1),
(28, 85, 'AIT1', 1),
(28, 85, 'Chimica', 1),
(28, 86, 'AIT2', 1),
(28, 86, 'Lingua italiana', 1),
(29, 11, 'Laboratorio informatica e CAD', 1),
(29, 87, 'Calcolo professionale', 1),
(29, 88, 'Conoscenze dei materiali', 1),
(29, 89, 'Conoscenze strutturali', 1),
(29, 90, 'Conoscenze edili', 1),
(29, 90, 'Laboratorio di disegno', 1),
(29, 90, 'Laboratorio professionale', 1),
(29, 91, 'Laboratorio di disegno', 1),
(29, 91, 'Laboratorio professionale', 1),
(30, 8, 'Fisica e chimica', 1),
(30, 8, 'Matematica', 1),
(30, 46, 'Portfolio delle competenze', 1),
(30, 68, 'Educazione fisica', 1),
(30, 92, 'Lingua tedesca ', 1),
(30, 93, 'Lingua e comunicazione', 1),
(30, 93, 'Società', 1),
(31, 11, 'Laboratorio informatica e CAD', 1),
(31, 87, 'Calcolo professionale', 1),
(31, 88, 'Conoscenze dei materiali', 1),
(31, 89, 'Conoscenze strutturali', 1),
(31, 90, 'Conoscenze edili', 1),
(31, 94, 'Laboratorio di disegno', 1),
(31, 94, 'Laboratorio professionale', 1),
(31, 95, 'Laboratorio di disegno', 1),
(31, 95, 'Laboratorio professionale', 1),
(32, 11, 'Laboratorio informatica e CAD', 1),
(32, 87, 'Calcolo professionale', 1),
(32, 88, 'Conoscenze dei materiali', 1),
(32, 89, 'Conoscenze strutturali', 1),
(32, 90, 'Conoscenze edili', 1),
(32, 94, 'Laboratorio di disegno', 1),
(32, 94, 'Laboratorio professionale', 1),
(32, 96, 'Laboratorio di disegno', 1),
(32, 96, 'Laboratorio professionale', 1),
(33, 8, 'Fisica e chimica', 1),
(33, 8, 'Matematica', 1),
(33, 13, 'Lingua e comunicazione', 1),
(33, 13, 'Società', 1),
(33, 46, 'Portfolio delle competenze', 1),
(33, 68, 'Educazione fisica', 1),
(33, 92, 'Lingua tedesca ', 1),
(34, 87, 'Calcolo professionale', 1),
(34, 88, 'Conoscenze dei materiali', 1),
(34, 89, 'Conoscenze strutturali', 1),
(34, 90, 'Conoscenze edili', 1),
(34, 95, 'Laboratorio informatica e CAD', 1),
(34, 97, 'Laboratorio di disegno', 1),
(34, 97, 'Laboratorio professionale', 1),
(34, 98, 'Laboratorio di disegno', 1),
(34, 98, 'Laboratorio professionale', 1),
(35, 4, 'Educazione fisica', 1),
(35, 45, 'Lingua tedesca', 1),
(35, 46, 'Portfolio delle competenze', 1),
(35, 66, 'AIT2', 1),
(35, 66, 'Storia e politica', 1),
(35, 85, 'AIT1', 1),
(35, 85, 'Chimica', 1),
(35, 86, 'AIT2', 1),
(35, 86, 'Lingua italiana', 1),
(35, 99, 'AIT2', 1),
(35, 99, 'Lingua inglese', 1),
(35, 100, 'AIT1', 1),
(35, 100, 'Matematica (ambito fondamentale)', 1),
(36, 87, 'Calcolo professionale', 1),
(36, 88, 'Conoscenze dei materiali', 1),
(36, 89, 'Conoscenze strutturali', 1),
(36, 90, 'Conoscenze edili', 1),
(36, 90, 'Laboratorio informatica e CAD', 1),
(36, 98, 'Laboratorio di disegno', 1),
(36, 98, 'Laboratorio professionale', 1),
(36, 101, 'Laboratorio di disegno', 1),
(36, 101, 'Laboratorio professionale', 1),
(37, 87, 'Calcolo professionale', 1),
(37, 88, 'Conoscenze dei materiali', 1),
(37, 89, 'Conoscenze strutturali', 1),
(37, 90, 'Conoscenze edili', 1),
(37, 95, 'Laboratorio informatica e CAD', 1),
(37, 102, 'Laboratorio di disegno', 1),
(37, 102, 'Laboratorio professionale', 1),
(37, 103, 'Laboratorio di disegno', 1),
(37, 103, 'Laboratorio professionale', 1),
(38, 14, 'Lingua e comunicazione', 1),
(38, 14, 'Società', 1),
(38, 35, 'Educazione fisica', 1),
(38, 68, 'Educazione fisica', 1),
(38, 69, 'Conoscenze professionali', 1),
(38, 104, 'Conoscenze professionali', 1),
(38, 105, 'Lingua tedesca', 1),
(39, 2, 'Lingua tedesca', 1),
(39, 18, 'Lingua e comunicazione', 1),
(39, 18, 'Società', 1),
(39, 35, 'Educazione fisica', 1),
(39, 69, 'Conoscenze professionali', 1),
(39, 78, 'Conoscenze professionali', 1),
(39, 93, 'Lingua e comunicazione', 1),
(39, 93, 'Società', 1),
(39, 106, 'Conoscenze professionali', 1),
(40, 2, 'Lingua tedesca', 1),
(40, 18, 'Lingua e comunicazione', 1),
(40, 18, 'Società', 1),
(40, 35, 'Educazione fisica', 1),
(40, 69, 'Conoscenze professionali', 1),
(40, 78, 'Conoscenze professionali', 1),
(40, 93, 'Lingua e comunicazione', 1),
(40, 93, 'Società', 1),
(40, 106, 'Conoscenze professionali', 1),
(41, 6, 'Disbrigo di lavori amministrativi', 1),
(41, 6, 'Lingua e comunicazione', 1),
(41, 6, 'Società', 1),
(41, 12, 'Educazione fisica e sport', 1),
(41, 107, 'Accoglienza, consulenza e servizio alla clientela', 1),
(41, 107, 'Composizione, preparazione e distribuzione dei menu', 1),
(41, 107, 'Disbrigo di lavori amministrativi', 1),
(41, 107, 'Promozione della propria salute e sostegno alla clientela', 1),
(41, 107, 'Pulizia e allestimento dei locali e degli arredi', 1),
(41, 107, 'Svolgimento delle attività  del circuito biancheria', 1),
(41, 108, 'Accoglienza, consulenza e servizio alla clientela', 1),
(41, 108, 'Composizione, preparazione e distribuzione dei menu', 1),
(41, 108, 'Promozione della propria salute e sostegno alla clientela', 1),
(41, 108, 'Pulizia e allestimento dei locali e degli arredi', 1),
(41, 108, 'Svolgimento delle attività  del circuito biancheria', 1),
(42, 12, 'Educazione fisica', 1),
(42, 74, 'Conoscenze professionali', 1),
(42, 107, 'Conoscenze professionali', 1),
(42, 108, 'Conoscenze professionali', 1),
(42, 109, 'LA: presentazione orale', 1),
(42, 109, 'LA: processo', 1),
(42, 109, 'LA: prodotto', 1),
(42, 109, 'Lingua e comunicazione', 1),
(42, 109, 'Società', 1),
(43, 4, 'Educazione fisica', 1),
(43, 5, 'Lingua e comunicazione', 1),
(43, 5, 'Società', 1),
(43, 23, 'Chimica organica', 1),
(43, 24, 'Metodica di laboratorio chimico', 1),
(43, 25, 'Laboratorio di consolidamento (Fisica)', 1),
(43, 25, 'Laboratorio professionale biologia', 1),
(43, 26, 'Biologia', 1),
(43, 27, 'Laboratorio professionale tecnologia', 1),
(43, 32, 'Lingua inglese', 1),
(43, 46, 'Portfolio delle competenze', 1),
(43, 110, 'Metodica di laboratorio biologico', 1),
(43, 111, 'Chimica', 1),
(43, 111, 'Matematica applicata 1', 1),
(43, 112, 'Laboratorio di consolidamento', 1),
(43, 112, 'Laboratorio professionale chimica', 1),
(43, 113, 'Laboratorio di informatica', 1),
(43, 114, 'Lingua e comunicazione', 1),
(43, 114, 'Società', 1),
(44, 4, 'Educazione fisica', 1),
(44, 23, 'Chimica organica', 1),
(44, 24, 'Laboratorio professionale chimica', 1),
(44, 24, 'Metodica di laboratorio chimico', 1),
(44, 26, 'Biologia', 1),
(44, 27, 'Laboratorio professionale tecnologia', 1),
(44, 28, 'Lingua tedesca', 1),
(44, 29, 'AIT1', 1),
(44, 29, 'Economia e diritto', 1),
(44, 30, 'AIT2', 1),
(44, 30, 'Fisica', 1),
(44, 32, 'AIT3', 1),
(44, 32, 'Lingua inglese', 1),
(44, 46, 'Portfolio delle competenze', 1),
(44, 58, 'AIT2', 1),
(44, 58, 'Matematica (ambito fondamentale)', 1),
(44, 65, 'AIT1', 1),
(44, 65, 'AIT3', 1),
(44, 65, 'Lingua italiana', 1),
(44, 66, 'AIT3', 1),
(44, 66, 'Storia e politica', 1),
(44, 110, 'Laboratorio professionale biologia', 1),
(44, 110, 'Metodica di laboratorio biologico', 1),
(44, 111, 'Chimica', 1),
(44, 111, 'Matematica applicata 1', 1),
(44, 113, 'Laboratorio di informatica', 1),
(45, 2, 'Lingua tedesca', 1),
(45, 12, 'Educazione fisica e sport', 1),
(45, 14, 'Lingua e comunicazione', 1),
(45, 14, 'Società', 1),
(45, 19, 'Conoscenze professionali', 1),
(46, 12, 'Educazione fisica', 1),
(46, 114, 'Lingua e comunicazione', 1),
(46, 114, 'Società', 1),
(46, 115, 'Calcolo professionale', 1),
(46, 115, 'Conoscenze professionali', 1),
(46, 115, 'Cultura tecnica', 1),
(46, 115, 'Disegno professionale', 1),
(46, 116, 'Lingua e comunicazione', 1),
(46, 116, 'Società', 1),
(47, 4, 'Educazione fisica e sport', 1),
(47, 5, 'Lingua e comunicazione', 1),
(47, 5, 'Società', 1),
(47, 117, 'Conoscenze dei materiali', 1),
(47, 117, 'Conoscenze tecniche di base', 1),
(47, 117, 'Corsi interaziendali 1: Manutenzione e riparazione, sicurezza del lavoro e protezione della salute', 1),
(47, 117, 'Sicurezza ed ecologia', 1),
(48, 5, 'Lingua e comunicazione', 1),
(48, 5, 'Società', 1),
(48, 20, 'Educazione fisica', 1),
(48, 92, 'Lingua tedesca', 1),
(48, 118, 'Conoscenze professionali', 1),
(48, 118, 'Disegno professionale', 1),
(48, 118, 'Formazione professionale pratica', 1),
(49, 5, 'Lingua e comunicazione', 1),
(49, 5, 'Società', 1),
(49, 20, 'Educazione fisica', 1),
(49, 92, 'Lingua tedesca ', 1),
(49, 118, 'Conoscenze professionali', 1),
(49, 118, 'Corso interaziendale n°1', 1),
(49, 118, 'Disegno professionale', 1),
(49, 118, 'Formazione professionale pratica', 1),
(50, 12, 'Educazione fisica', 1),
(50, 114, 'Lingua e comunicazione', 1),
(50, 114, 'Società', 1),
(50, 119, 'Calcolo professionale', 1),
(50, 119, 'Conoscenze professionali', 1),
(51, 35, 'Educazione fisica', 1),
(51, 76, 'Lingua e comunicazione', 1),
(51, 76, 'Società', 1),
(51, 120, 'Conoscenze professionali', 1),
(52, 43, 'Basi di gestione aziendale', 1),
(52, 88, 'Soprastruttura', 1),
(52, 89, 'Tecnologia', 1),
(52, 96, 'Condotta lavori', 1),
(52, 105, 'Lingua tedesca', 1),
(52, 121, 'Corsi a blocco', 1),
(52, 121, 'Informatica / CAD', 1),
(52, 121, 'Informatica professionale', 1),
(52, 122, 'Corsi a blocco', 1),
(52, 122, 'Elementi di fisica', 1),
(52, 123, 'Fisica della costruzione', 1),
(52, 124, 'Sottostruttura', 1),
(52, 126, 'Matematica', 1),
(52, 126, 'Statica', 1),
(52, 127, 'Elementi di chimica', 1),
(52, 128, 'Lingua italiana', 1),
(52, 129, 'Topografia', 1),
(52, 130, 'Modulo d\'offerta', 1),
(52, 131, 'Costruzioni stradali', 1),
(53, 29, 'AIT1', 1),
(53, 29, 'AIT2', 1),
(53, 29, 'Economia e diritto', 1),
(53, 34, 'AIT2', 1),
(53, 34, 'Matematica (ambito fondamentale)', 1),
(53, 86, 'AIT1', 1),
(53, 86, 'Lingua italiana', 1),
(53, 99, 'Lingua inglese', 1),
(53, 132, 'Lingua tedesca', 1),
(54, 55, 'AIT1', 1),
(54, 55, 'Lingua inglese', 1),
(54, 66, 'AIT1', 1),
(54, 66, 'Storia e politica', 1),
(54, 85, 'Chimica', 1),
(54, 100, 'Matematica (fondamentale)', 1),
(54, 128, 'AIT2', 1),
(54, 133, 'AIT2', 1),
(54, 133, 'Economia e diritto', 1),
(55, 28, 'Lingua tedesca', 1),
(55, 28, 'PDI', 1),
(55, 55, 'AIT1', 1),
(55, 55, 'AIT3', 1),
(55, 55, 'Lingua inglese', 1),
(55, 66, 'AIT1', 1),
(55, 66, 'Storia e politica', 1),
(55, 85, 'Chimica', 1),
(55, 100, 'Matematica (ambito fondamentale)', 1),
(55, 100, 'Matematica (ambito specifico)', 1),
(55, 128, 'AIT2', 1),
(55, 128, 'AIT3', 1),
(55, 128, 'Lingua italiana', 1),
(55, 133, 'AIT2', 1),
(55, 133, 'Economia e diritto', 1),
(55, 133, 'PDI', 1),
(55, 134, 'Fisica', 1),
(56, 26, 'Scienze naturali 1 (Biologia + Chimica)', 1),
(56, 28, 'Lingua tedesca', 1),
(56, 28, 'PDI', 1),
(56, 55, 'AIT1', 1),
(56, 55, 'Lingua inglese', 1),
(56, 66, 'AIT1', 1),
(56, 66, 'Storia e politica', 1),
(56, 100, 'AIT3', 1),
(56, 100, 'Matematica (ambito fondamentale)', 1),
(56, 111, 'Scienze naturali 1 (Biologia + Chimica)', 1),
(56, 128, 'AIT2', 1),
(56, 128, 'Lingua italiana', 1),
(56, 133, 'AIT2', 1),
(56, 133, 'Economia e diritto', 1),
(56, 133, 'PDI', 1),
(56, 134, 'AIT3', 1),
(56, 134, 'Scienze naturali 2 (Fisica)', 1),
(57, 2, 'Lingua tedesca', 1),
(57, 4, 'Educazione fisica', 1),
(57, 5, 'Lingua e comunicazione', 1),
(57, 5, 'Società', 1),
(57, 7, 'Teoria dell\'orologeria (teoria + regolazione)', 1),
(57, 8, 'Elettrotecnica', 1),
(57, 8, 'Fisica', 1),
(57, 8, 'Matematica', 1),
(57, 9, 'Disegno professionale', 1),
(58, 16, 'AIT2', 1),
(58, 16, 'Lingua italiana', 1),
(58, 28, 'AIT2', 1),
(58, 28, 'AIT4', 1),
(58, 28, 'Lingua tedesca', 1),
(58, 43, 'AIT1', 1),
(58, 43, 'AIT4', 1),
(58, 43, 'Economia e diritto', 1),
(58, 56, 'AIT1', 1),
(58, 56, 'Matematica (fondamentale)', 1),
(58, 66, 'AIT3', 1),
(58, 66, 'Storia e politica', 1),
(58, 99, 'Lingua inglese', 1),
(58, 135, 'AIT3', 1),
(58, 135, 'Chimica', 1),
(59, 87, 'Calcolo professionale', 1),
(59, 88, 'Tecnica della costruzione', 1),
(59, 90, 'Rappresentazione', 1),
(59, 90, 'Topografia e rilievo ', 1),
(59, 136, 'Conoscenze dei materiali', 1),
(60, 2, 'Lingua tedesca', 1),
(60, 4, 'Educazione fisica', 1),
(60, 13, 'Lingua e comunicazione', 1),
(60, 13, 'Società', 1),
(61, 26, 'Basi di biologia', 1),
(61, 27, 'Calcolo professionale', 1),
(61, 27, 'Corso interaziendale n°2', 1),
(61, 27, 'Tecnica dei processi', 1),
(61, 111, 'Chimica', 1),
(62, 4, 'Educazione fisica', 1),
(62, 32, 'Lingua inglese', 1),
(62, 135, 'Biologia', 1),
(62, 135, 'Chimica', 1),
(62, 137, 'Lingua e comunicazione', 1),
(62, 137, 'Società', 1),
(63, 4, 'Educazione fisica', 1),
(63, 8, 'Calcolo professionale', 1),
(63, 11, 'Disegno professionale', 1),
(63, 22, 'Conoscenze professionali', 1),
(63, 22, 'Formazione professionale pratica', 1),
(63, 76, 'Lingua e comunicazione', 1),
(63, 76, 'Società', 1),
(64, 35, 'Educazione fisica', 1),
(64, 119, 'Calcolo professionale', 1),
(64, 119, 'Conoscenze professionali', 1),
(64, 138, 'Lingua e comunicazione', 1),
(64, 138, 'Società', 1),
(65, 139, 'Diffusione dati', 1),
(65, 139, 'Elaborazione dati', 1),
(65, 139, 'Informatica', 1),
(65, 139, 'Rilievo dati', 1),
(66, 87, 'Calcolo professionale', 1),
(66, 90, 'Rappresentazione', 1),
(66, 90, 'Topografia e rilievo ', 1),
(66, 140, 'Conoscenze professionali', 1),
(66, 140, 'Tecnica della costruzione', 1),
(67, 12, 'Educazione fisica', 1),
(67, 79, 'LA: presentazione orale', 1),
(67, 79, 'LA: processo', 1),
(67, 79, 'LA: prodotto', 1),
(67, 79, 'Lingua e comunicazione', 1),
(67, 79, 'Società', 1),
(67, 141, 'Conoscenze professionali', 1),
(67, 141, 'LA: presentazione orale', 1),
(67, 141, 'LA: processo', 1),
(67, 141, 'LA: prodotto', 1),
(67, 141, 'Lingua e comunicazione', 1),
(67, 141, 'Società', 1),
(68, 5, 'LA: presentazione orale', 1),
(68, 5, 'LA: processo', 1),
(68, 5, 'LA: prodotto', 1),
(68, 5, 'Lingua e comunicazione', 1),
(68, 5, 'Società', 1),
(68, 12, 'Educazione fisica', 1),
(68, 141, 'Conoscenze professionali', 1),
(69, 29, 'AIT1', 1),
(69, 29, 'AIT3', 1),
(69, 29, 'Economia e diritto', 1),
(69, 33, 'AIT4', 1),
(69, 33, 'Storia e politica', 1),
(69, 35, 'Educazione fisica', 1),
(69, 36, 'AIT2', 1),
(69, 36, 'Laboratorio elettrotecnica', 1),
(69, 36, 'Matematica (ambito fondamentale)', 1),
(69, 36, 'Matematica (ambito specifico)', 1),
(69, 38, 'Consigliare e vendere', 1),
(69, 38, 'Laboratorio misure', 1),
(69, 40, 'AIT2', 1),
(69, 40, 'Fisica', 1),
(69, 44, 'Lingua inglese', 1),
(69, 45, 'AIT4', 1),
(69, 45, 'Lingua tedesca', 1),
(69, 65, 'AIT1', 1),
(69, 65, 'Lingua italiana', 1),
(69, 85, 'AIT3', 1),
(69, 85, 'Chimica', 1),
(69, 142, 'Laboratorio elettronica', 1),
(69, 142, 'Lavoro su apparecchi', 1),
(69, 142, 'Manutenzione, riparazione e modifica', 1),
(69, 142, 'Tecnica digitale', 1),
(69, 143, 'Installazione e messa in funzione', 1),
(69, 143, 'Organizzare il lavoro', 1),
(69, 144, 'Consigliare e vendere', 1),
(69, 144, 'Installazione e messa in funzione', 1),
(70, 29, 'AIT1', 1),
(70, 29, 'AIT3', 1),
(70, 29, 'Economia e diritto', 1),
(70, 33, 'AIT4', 1),
(70, 33, 'Storia e politica', 1),
(70, 35, 'Educazione fisica', 1),
(70, 36, 'AIT2', 1),
(70, 36, 'Laboratorio elettrotecnica', 1),
(70, 36, 'Matematica (ambito fondamentale)', 1),
(70, 36, 'Matematica (ambito specifico)', 1),
(70, 38, 'Consigliare e vendere', 1),
(70, 38, 'Laboratorio misure', 1),
(70, 40, 'AIT2', 1),
(70, 40, 'Fisica', 1),
(70, 44, 'Lingua inglese', 1),
(70, 45, 'AIT4', 1),
(70, 45, 'Lingua tedesca', 1),
(70, 65, 'AIT1', 1),
(70, 65, 'Lingua italiana', 1),
(70, 85, 'AIT3', 1),
(70, 85, 'Chimica', 1),
(70, 142, 'Laboratorio elettronica', 1),
(70, 142, 'Lavoro su apparecchi', 1),
(70, 142, 'Manutenzione, riparazione e modifica', 1),
(70, 142, 'Tecnica digitale', 1),
(70, 143, 'Installazione e messa in funzione', 1),
(70, 143, 'Organizzare il lavoro', 1),
(70, 144, 'Consigliare e vendere', 1),
(70, 144, 'Installazione e messa in funzione', 1),
(71, 2, 'Lingua tedesca', 1),
(71, 4, 'Educazione fisica e sport', 1),
(71, 5, 'Lingua e comunicazione', 1),
(71, 5, 'Società', 1),
(71, 145, 'Conoscenze professionali', 1),
(71, 145, 'Disegno professionale', 1),
(71, 146, 'Conoscenze professionali', 1),
(71, 146, 'Disegno professionale', 1),
(71, 147, 'Conoscenze professionali', 1),
(71, 147, 'Disegno professionale', 1),
(72, 20, 'Educazione fisica', 1),
(72, 33, 'AIT3', 1),
(72, 33, 'Storia e politica', 1),
(72, 40, 'AIT1', 1),
(72, 40, 'Fisica', 1),
(72, 43, 'Economia e diritto', 1),
(72, 45, 'AIT3', 1),
(72, 45, 'Lingua tedesca', 1),
(72, 48, 'M121 Elaborare funzioni di controllo', 1),
(72, 48, 'M239 Mettere in funzione un server Internet', 1),
(72, 48, 'M307 Realizzare delle pagine Web interattive con formulari', 1),
(72, 49, 'M114 Impiegare delle procedure di codifica, di compressione e di criptaggio', 1),
(72, 50, 'M214 Istruire gli utenti nell\'utilizzo di mezzi informatici', 1),
(72, 50, 'M431 Eseguire in modo autonomo dei mandati IT', 1),
(72, 52, 'M122 Automatizzare delle attività attraverso script e macro', 1),
(72, 52, 'M123 Attivare i servizi di un server', 1),
(72, 55, 'AIT3', 1),
(72, 55, 'Lingua inglese', 1),
(72, 58, 'AIT1', 1),
(72, 58, 'Matematica (ambito fondamentale)', 1),
(72, 58, 'Matematica (ambito specifico)', 1),
(72, 81, 'M105 Interagire con banche dati attraverso SQL', 1),
(72, 135, 'AIT2', 1),
(72, 135, 'Chimica', 1),
(72, 148, 'M318 Analizzare e programmare orientato oggetti con componenti', 1),
(73, 33, 'AIT3', 1),
(73, 33, 'Storia e politica', 1),
(73, 35, 'Educazione fisica', 1),
(73, 40, 'AIT1', 1),
(73, 40, 'Fisica', 1),
(73, 41, 'M114 Impiegare delle procedure di codifica, di compressione e di criptaggio', 1),
(73, 45, 'AIT3', 1),
(73, 45, 'Lingua tedesca', 1),
(73, 48, 'M121 Elaborare funzioni di controllo', 1),
(73, 48, 'M239 Mettere in funzione un server Internet', 1),
(73, 48, 'M307 Realizzare delle pagine Web interattive con formulari', 1),
(73, 50, 'M214 Istruire gli utenti nell\'utilizzo di mezzi informatici', 1),
(73, 50, 'M431 Eseguire in modo autonomo dei mandati IT', 1),
(73, 52, 'M122 Automatizzare delle attività attraverso script e macro', 1),
(73, 52, 'M123 Attivare i servizi di un server', 1),
(73, 55, 'AIT3', 1),
(73, 55, 'Lingua inglese', 1),
(73, 56, 'AIT1', 1),
(73, 56, 'Matematica (ambito fondamentale)', 1),
(73, 56, 'Matematica (ambito specifico)', 1),
(73, 81, 'M105 Interagire con banche dati attraverso SQL', 1),
(73, 82, 'M117 Realizzare un\'infrastruttura informatica e di rete per una piccola azienda', 1),
(73, 127, 'AIT2', 1),
(73, 127, 'Chimica', 1),
(73, 133, 'Economia e diritto', 1),
(73, 148, 'M318 Analizzare e programmare orientato oggetti con componenti', 1),
(74, 28, 'AIT3', 1),
(74, 33, 'AIT3', 1),
(74, 33, 'Storia e politica', 1),
(74, 35, 'Educazione fisica', 1),
(74, 40, 'AIT1', 1),
(74, 40, 'Fisica', 1),
(74, 41, 'M114 Impiegare delle procedure di codifica, di compressione e di criptaggio', 1),
(74, 45, 'Lingua tedesca', 1),
(74, 48, 'M121 Elaborare funzioni di controllo', 1),
(74, 48, 'M239 Mettere in funzione un server Internet', 1),
(74, 48, 'M307 Realizzare delle pagine Web interattive con formulari', 1),
(74, 50, 'M214 Istruire gli utenti nell\'utilizzo di mezzi informatici', 1),
(74, 50, 'M431 Eseguire in modo autonomo dei mandati IT', 1),
(74, 52, 'M122 Automatizzare delle attività attraverso script e macro', 1),
(74, 52, 'M123 Attivare i servizi di un server', 1),
(74, 55, 'AIT3', 1),
(74, 55, 'Lingua inglese', 1),
(74, 56, 'AIT1', 1),
(74, 56, 'Matematica (ambito fondamentale)', 1),
(74, 56, 'Matematica (ambito specifico)', 1),
(74, 81, 'M105 Interagire con banche dati attraverso SQL', 1),
(74, 82, 'M117 Realizzare un\'infrastruttura informatica e di rete per una piccola azienda', 1),
(74, 127, 'AIT2', 1),
(74, 127, 'Chimica', 1),
(74, 133, 'Economia e diritto', 1),
(74, 144, 'M121 Elaborare funzioni di controllo', 1),
(74, 148, 'M318 Analizzare e programmare orientato oggetti con componenti', 1),
(75, 20, 'Educazione fisica', 1),
(75, 33, 'AIT3', 1),
(75, 33, 'Storia e politica', 1),
(75, 40, 'AIT1', 1),
(75, 40, 'Fisica', 1),
(75, 41, 'M114 Impiegare delle procedure di codifica, di compressione e di criptaggio', 1),
(75, 43, 'Economia e diritto', 1),
(75, 45, 'AIT3', 1),
(75, 45, 'Lingua tedesca', 1),
(75, 48, 'M239 Mettere in funzione un server Internet', 1),
(75, 48, 'M307 Realizzare delle pagine Web interattive con formulari', 1),
(75, 50, 'M214 Istruire gli utenti nell\'utilizzo di mezzi informatici', 1),
(75, 50, 'M431 Eseguire in modo autonomo dei mandati IT', 1),
(75, 52, 'M122 Automatizzare delle attività attraverso script e macro', 1),
(75, 52, 'M123 Attivare i servizi di un server', 1),
(75, 55, 'AIT3', 1),
(75, 55, 'Lingua inglese', 1),
(75, 58, 'AIT1', 1),
(75, 58, 'Matematica (ambito fondamentale)', 1),
(75, 58, 'Matematica (ambito specifico)', 1),
(75, 81, 'M105 Interagire con banche dati attraverso SQL', 1),
(75, 82, 'M117 Realizzare un\'infrastruttura informatica e di rete per una piccola azienda', 1),
(75, 135, 'AIT2', 1),
(75, 135, 'Chimica', 1),
(75, 144, 'M121 Elaborare funzioni di controllo', 1),
(75, 148, 'M318 Analizzare e programmare orientato oggetti con componenti', 1),
(76, 30, 'AIT1', 1),
(76, 30, 'Fisica', 1),
(76, 35, 'Educazione fisica', 1),
(76, 44, 'AIT4', 1),
(76, 44, 'Lingua inglese', 1),
(76, 45, 'AIT2', 1),
(76, 45, 'Lingua tedesca', 1),
(76, 47, 'Informatica', 1),
(76, 62, 'Calcolo professionale', 1),
(76, 62, 'Conoscenza dei materiali', 1),
(76, 62, 'Esercitazioni pratiche (ingegneria civile)', 1),
(76, 62, 'Tecnica della costruzione (ingegneria civile)', 1),
(76, 65, 'AIT2', 1),
(76, 65, 'Lingua italiana', 1),
(76, 66, 'AIT4', 1),
(76, 66, 'Storia e politica', 1),
(76, 67, 'AIT1', 1),
(76, 67, 'Matematica (ambito fondamentale)', 1),
(76, 85, 'AIT3', 1),
(76, 85, 'Chimica', 1),
(76, 133, 'AIT3', 1),
(76, 133, 'Economia e diritto', 1),
(76, 149, 'Calcolo professionale', 1),
(76, 149, 'Conoscenza dei materiali', 1),
(76, 149, 'Disegno a mano libera', 1),
(76, 149, 'Esercitazioni pratiche (architettura)', 1),
(76, 149, 'Tecnica della costruzione (architettura)', 1),
(77, 30, 'AIT1', 1),
(77, 30, 'Fisica', 1),
(77, 35, 'Educazione fisica', 1),
(77, 44, 'AIT4', 1),
(77, 44, 'Lingua inglese', 1),
(77, 45, 'AIT2', 1),
(77, 45, 'Lingua tedesca', 1),
(77, 47, 'Informatica', 1),
(77, 62, 'Calcolo professionale', 1),
(77, 62, 'Conoscenza dei materiali', 1),
(77, 62, 'Esercitazioni pratiche (ingegneria civile)', 1),
(77, 62, 'Tecnica della costruzione (ingegneria civile)', 1),
(77, 65, 'AIT2', 1),
(77, 65, 'Lingua italiana', 1),
(77, 66, 'AIT4', 1),
(77, 66, 'Storia e politica', 1),
(77, 67, 'AIT1', 1),
(77, 67, 'Matematica (ambito fondamentale)', 1),
(77, 85, 'AIT3', 1),
(77, 85, 'Chimica', 1),
(77, 133, 'AIT3', 1),
(77, 133, 'Economia e diritto', 1),
(77, 149, 'Calcolo professionale', 1),
(77, 149, 'Conoscenza dei materiali', 1),
(77, 149, 'Disegno a mano libera', 1),
(77, 149, 'Esercitazioni pratiche (architettura)', 1),
(77, 149, 'Tecnica della costruzione (architettura)', 1),
(78, 16, 'AIT3', 1),
(78, 16, 'Lingua italiana', 1),
(78, 26, 'AIT2', 1),
(78, 26, 'Biologia', 1),
(78, 28, 'AIT1', 1),
(78, 28, 'Lingua tedesca', 1),
(78, 32, 'AIT3', 1),
(78, 32, 'Lingua inglese', 1),
(78, 43, 'AIT1', 1),
(78, 43, 'Economia e diritto', 1),
(78, 58, 'AIT2', 1),
(78, 58, 'Matematica (ambito fondamentale)', 1),
(78, 58, 'Matematica (ambito specifico)', 1),
(78, 66, 'Storia e politica', 1),
(78, 111, 'AIT2', 1),
(78, 111, 'Chimica', 1),
(78, 150, 'Fisica', 1),
(79, 27, 'Matematica applicata 1', 1),
(79, 151, 'Chimica organica', 1),
(79, 151, 'Matematica applicata 1', 1),
(79, 151, 'Metodica di laboratorio biologico', 1),
(80, 2, 'Lingua tedesca', 1),
(80, 20, 'Educazione fisica', 1),
(80, 118, 'Calcolo professionale', 1),
(80, 118, 'Conoscenze professionali', 1),
(80, 118, 'Corso interaziendale n°2', 1),
(80, 118, 'Formazione professionale pratica', 1),
(80, 138, 'Lingua e comunicazione', 1),
(80, 138, 'Società', 1),
(81, 10, 'Calcolo professionale', 1),
(81, 10, 'Conoscenze professionali', 1),
(81, 10, 'Disegno professionale', 1),
(81, 10, 'Disegno professionale e lavori artistici', 1),
(81, 10, 'Pianificazione e preparazione dei lavori', 1),
(81, 10, 'Pretrattamento, rivestimenti e sicurezza sul lavoro', 1),
(81, 13, 'Lingua e comunicazione', 1),
(81, 13, 'Società', 1),
(81, 20, 'Educazione fisica', 1),
(81, 152, 'Decorazioni e lavori artistici', 1),
(81, 152, 'Disegno professionale', 1),
(81, 152, 'Disegno professionale e lavori artistici', 1),
(82, 4, 'Educazione fisica', 1),
(82, 14, 'Lingua e comunicazione', 1),
(82, 14, 'Società', 1),
(82, 152, 'Decorazioni e lavori artistici', 1),
(82, 152, 'Disegno professionale', 1),
(82, 152, 'Disegno professionale e lavori artistici', 1),
(82, 153, 'Calcolo professionale', 1),
(82, 153, 'Conoscenze professionali', 1),
(82, 153, 'Disegno professionale', 1),
(82, 153, 'Disegno professionale e lavori artistici', 1),
(82, 153, 'Pianificazione e preparazione dei lavori', 1),
(82, 153, 'Pretrattamento, rivestimenti e sicurezza sul lavoro', 1),
(83, 12, 'Educazione fisica', 1),
(83, 17, 'Creazione', 1),
(83, 17, 'Economia aziendale', 1),
(83, 17, 'Lavorazione artigianale e tecnologia', 1),
(83, 18, 'Lingua e comunicazione', 1),
(83, 18, 'Società', 1),
(83, 19, 'Creazione', 1),
(83, 19, 'Economia aziendale', 1),
(83, 19, 'Lavorazione artigianale e tecnologia', 1),
(84, 4, 'Educazione fisica e sport', 1),
(84, 137, 'Lingua e comunicazione', 1),
(84, 137, 'Società', 1),
(84, 154, 'Conoscenze professionali', 1),
(85, 16, 'Lingua italiana', 1),
(85, 47, 'Informatica / CAD', 1),
(85, 122, 'Elementi di fisica', 1),
(85, 122, 'Matematica', 1),
(85, 124, 'Sottostruttura', 1),
(85, 131, 'Statica', 1),
(85, 131, 'Tecnologia', 1),
(85, 155, 'Topografia', 1),
(85, 156, 'Soprastruttura', 1),
(85, 157, 'Condotta lavori', 1),
(85, 158, 'Informatica professionale', 1),
(85, 159, 'Informatica professionale', 1),
(85, 160, 'Elaborazione costruttiva', 1),
(86, 4, 'Educazione fisica e sport', 1),
(86, 76, 'Lingua e comunicazione', 1),
(86, 76, 'Società', 1),
(86, 117, 'Conoscenze dei materiali', 1),
(86, 117, 'Conoscenze tecniche di base', 1),
(86, 117, 'Corsi interaziendali 2: Organizzazione aziendale e garanzia di qualità', 1),
(86, 117, 'Corsi interaziendali 3: Riciclaggio di materiali e accettazione', 1),
(86, 117, 'Procedimenti e mezzi aziendali', 1),
(87, 16, 'LA: presentazione orale', 1),
(87, 16, 'LA: processo', 1),
(87, 16, 'LA: prodotto', 1),
(87, 16, 'Lingua e comunicazione', 1),
(87, 16, 'Società', 1),
(87, 17, 'Creazione', 1),
(87, 17, 'Lavorazione artigianale e tecnologia', 1),
(87, 19, 'Creazione', 1),
(87, 19, 'Lavorazione artigianale e tecnologia', 1),
(87, 20, 'Educazione fisica e sport', 1),
(88, 2, 'Lingua tedesca', 1),
(88, 4, 'Educazione fisica e sport', 1),
(88, 5, 'Lingua e comunicazione', 1),
(88, 5, 'Società', 1),
(88, 6, 'Lingua e comunicazione', 1),
(88, 145, 'Conoscenze professionali', 1),
(88, 145, 'Disegno professionale', 1),
(88, 146, 'Conoscenze professionali', 1),
(88, 146, 'Disegno professionale', 1),
(88, 147, 'Conoscenze professionali', 1),
(88, 147, 'Disegno professionale', 1),
(89, 35, 'Educazione fisica', 1),
(89, 105, 'Lingua tedesca', 1),
(89, 161, 'Conoscenze professionali', 1),
(89, 162, 'Lingua e comunicazione', 1),
(89, 162, 'Società', 1),
(90, 4, 'Educazione fisica', 1),
(90, 23, 'Chimica organica', 1),
(90, 24, 'Metodica di laboratorio chimico', 1),
(90, 25, 'Laboratorio professionale biologia', 1),
(90, 26, 'Biologia', 1),
(90, 27, 'Laboratorio professionale tecnologia', 1),
(90, 28, 'Lingua tedesca', 1),
(90, 29, 'AIT1', 1),
(90, 29, 'Economia e diritto', 1),
(90, 30, 'AIT2', 1),
(90, 30, 'Fisica', 1),
(90, 32, 'AIT3', 1),
(90, 32, 'Lingua inglese', 1),
(90, 46, 'Portfolio delle competenze', 1),
(90, 58, 'AIT2', 1),
(90, 58, 'Matematica (ambito fondamentale)', 1),
(90, 65, 'AIT1', 1),
(90, 65, 'AIT3', 1),
(90, 65, 'Lingua italiana', 1),
(90, 66, 'AIT3', 1),
(90, 66, 'Storia e politica', 1),
(90, 110, 'Metodica di laboratorio biologico', 1),
(90, 111, 'Chimica', 1),
(90, 111, 'Matematica applicata 1', 1),
(90, 112, 'Laboratorio professionale chimica', 1),
(90, 113, 'Laboratorio di informatica', 1),
(91, 4, 'Educazione fisica', 1),
(91, 16, 'AIT1', 1),
(91, 16, 'AIT3', 1),
(91, 16, 'Lingua italiana', 1),
(91, 23, 'Chimica organica', 1),
(91, 23, 'Laboratorio professionale chimica', 1),
(91, 24, 'Metodica di laboratorio chimico', 1),
(91, 26, 'Biologia', 1),
(91, 27, 'Laboratorio professionale tecnologia', 1),
(91, 28, 'Lingua tedesca', 1),
(91, 29, 'AIT1', 1),
(91, 29, 'Economia e diritto', 1),
(91, 32, 'AIT3', 1),
(91, 32, 'Lingua inglese', 1),
(91, 46, 'Portfolio delle competenze', 1),
(91, 58, 'AIT2', 1),
(91, 58, 'Matematica (ambito fondamentale)', 1),
(91, 66, 'AIT3', 1),
(91, 66, 'Storia e politica', 1),
(91, 110, 'Laboratorio professionale biologia', 1),
(91, 110, 'Metodica di laboratorio biologico', 1),
(91, 111, 'Chimica', 1),
(91, 111, 'Matematica applicata 1', 1),
(91, 113, 'Laboratorio di informatica', 1),
(91, 150, 'AIT2', 1),
(91, 150, 'Fisica', 1),
(92, 2, 'Tedesco', 1),
(92, 3, 'Anatomia dell\'occhio', 1),
(92, 3, 'Ottica oftalmica e difetti visivi', 1),
(92, 3, 'Patologia dell\'occhio', 1),
(92, 3, 'Vendita delle lenti monofocali', 1),
(92, 4, 'Educazione fisica', 1),
(92, 5, 'Lingua e comunicazione', 1),
(92, 5, 'Società', 1),
(93, 23, 'Chimica organica', 1),
(93, 27, 'Matematica applicata 1', 1),
(93, 112, 'Metodica di laboratorio chimico', 1),
(93, 151, 'Matematica applicata 1', 1),
(94, 86, 'Corso aggiornamento', 1),
(94, 89, 'Corso aggiornamento', 1),
(95, 4, 'Educazione fisica', 1),
(95, 6, 'LA: presentazione orale', 1),
(95, 6, 'LA: processo', 1),
(95, 6, 'LA: prodotto', 1),
(95, 6, 'Lingua e comunicazione', 1),
(95, 6, 'Società', 1),
(95, 15, 'Calcolo professionale', 1),
(95, 15, 'Conoscenze professionali', 1),
(95, 15, 'Decorazioni e lavori artistici', 1),
(95, 15, 'Disegno professionale', 1),
(95, 15, 'Disegno professionale e lavori artistici', 1),
(95, 15, 'Pianificazione e preparazione dei lavori', 1),
(95, 15, 'Pretrattamento, rivestimenti e sicurezza sul lavoro', 1),
(95, 152, 'Calcolo professionale', 1),
(95, 152, 'Conoscenze professionali', 1),
(95, 152, 'Decorazioni e lavori artistici', 1),
(95, 152, 'Disegno professionale', 1),
(95, 152, 'Disegno professionale e lavori artistici', 1),
(95, 152, 'Pianificazione e preparazione dei lavori', 1),
(95, 152, 'Pretrattamento, rivestimenti e sicurezza sul lavoro', 1),
(96, 2, 'Comunicare in una seconda lingua', 1),
(96, 20, 'Educazione fisica', 1),
(96, 138, 'Lingua e comunicazione', 1),
(96, 138, 'Società', 1),
(96, 163, 'Analizzare e misurare', 1),
(96, 163, 'Consigliare e vendere', 1),
(96, 163, 'Installare e mettere in funzione', 1),
(96, 163, 'Manutenzione, riparazione e modifica', 1),
(96, 163, 'Organizzare il lavoro', 1),
(96, 164, 'Analizzare e misurare', 1),
(96, 164, 'Consigliare e vendere', 1),
(96, 164, 'Installare e mettere in funzione', 1),
(96, 164, 'Manutenzione, riparazione e modifica', 1),
(96, 164, 'Organizzare il lavoro', 1),
(97, 19, 'Conoscenze professionali', 1),
(97, 35, 'Educazione fisica', 1),
(97, 69, 'Conoscenze professionali', 1),
(97, 78, 'Conoscenze professionali', 1),
(97, 162, 'Lingua e comunicazione', 1),
(97, 162, 'Società', 1),
(98, 18, 'Lingua e comunicazione', 1),
(98, 18, 'Società', 1),
(98, 19, 'Conoscenze professionali', 1),
(98, 68, 'Educazione fisica', 1),
(98, 69, 'Conoscenze professionali', 1),
(98, 78, 'Conoscenze professionali', 1),
(99, 18, 'Lingua e comunicazione', 1),
(99, 18, 'Società', 1),
(99, 19, 'Conoscenze professionali', 1),
(99, 68, 'Educazione fisica', 1),
(99, 69, 'Conoscenze professionali', 1),
(99, 78, 'Conoscenze professionali', 1),
(100, 23, 'Chimica organica', 1),
(100, 23, 'Conoscenze professionali applicate', 1),
(100, 24, 'Chimica', 1),
(100, 25, 'Laboratorio professionale', 1),
(100, 26, 'AIT1', 1),
(100, 26, 'Biologia', 1),
(100, 28, 'AIT2', 1),
(100, 28, 'Lingua tedesca', 1),
(100, 29, 'AIT2', 1),
(100, 29, 'Economia e diritto', 1),
(100, 31, 'AIT1', 1),
(100, 31, 'Lingua italiana', 1),
(100, 32, 'AIT1', 1),
(100, 32, 'Lingua inglese', 1),
(100, 33, 'Storia e politica', 1),
(100, 34, 'Matematica (ambito fondamentale)', 1),
(100, 34, 'Matematica (ambito specifico)', 1),
(100, 35, 'Educazione fisica e sport', 1),
(100, 111, 'Matematica applicata 1', 1),
(100, 112, 'Metodica di laboratorio 2', 1),
(100, 134, 'Fisica', 1),
(100, 165, 'Laboratorio professionale', 1),
(101, 12, 'Educazione fisica', 1),
(101, 17, 'Creazione', 1),
(101, 17, 'Economia aziendale', 1),
(101, 17, 'Lavorazione artigianale e tecnologia', 1),
(101, 18, 'Lingua e comunicazione', 1),
(101, 18, 'Società', 1),
(101, 19, 'Creazione', 1),
(101, 19, 'Economia aziendale', 1),
(101, 19, 'Lavorazione artigianale e tecnologia', 1),
(102, 14, 'Lingua e comunicazione', 1),
(102, 14, 'Società', 1),
(102, 35, 'Educazione fisica', 1),
(102, 68, 'Educazione fisica', 1),
(102, 105, 'Lingua tedesca', 1),
(102, 166, 'Conoscenze professionali', 1),
(103, 2, 'Lingua tedesca', 1),
(103, 12, 'Educazione fisica', 1),
(103, 14, 'Lingua e comunicazione', 1),
(103, 14, 'Società', 1),
(103, 73, 'Garantire sostenibilità e sicurezza', 1),
(103, 73, 'Presentare e vendere prodotti, consigliare ospiti', 1),
(103, 119, 'Approvvigionare e preparare prodotti', 1),
(103, 167, 'Formazione professionale pratica', 1),
(103, 167, 'Pianificare e organizzare processi', 1),
(103, 168, 'Applicare la lingua inglese', 1),
(104, 6, 'Disbrigo di lavori amministrativi', 1),
(104, 6, 'Lingua e comunicazione', 1),
(104, 6, 'Società', 1),
(104, 20, 'Educazione fisica e sport', 1),
(104, 107, 'Accoglienza, consulenza e servizio alla clientela', 1),
(104, 107, 'Composizione, preparazione e distribuzione dei menu', 1),
(104, 107, 'Disbrigo di lavori amministrativi', 1),
(104, 107, 'Promozione della propria salute e sostegno alla clientela', 1),
(104, 107, 'Pulizia e allestimento dei locali e degli arredi', 1),
(104, 107, 'Svolgimento delle attività  del circuito biancheria', 1),
(104, 108, 'Accoglienza, consulenza e servizio alla clientela', 1),
(104, 108, 'Composizione, preparazione e distribuzione dei menu', 1),
(104, 108, 'Promozione della propria salute e sostegno alla clientela', 1),
(104, 108, 'Pulizia e allestimento dei locali e degli arredi', 1),
(104, 108, 'Svolgimento delle attività  del circuito biancheria', 1),
(105, 12, 'Educazione fisica', 1),
(105, 16, 'LA: presentazione orale', 1),
(105, 16, 'LA: processo', 1),
(105, 16, 'LA: prodotto', 1),
(105, 16, 'Lingua e comunicazione', 1),
(105, 16, 'Società', 1),
(105, 169, 'Lavori su movimenti elettronici', 1),
(105, 169, 'Lavori su movimenti meccanici', 1),
(105, 169, 'Posa quadranti e incassatura', 1),
(105, 169, 'Processi di lavoro complementari', 1),
(106, 95, 'Calcolo professionale', 1),
(106, 95, 'Rappresentazione', 1),
(106, 95, 'Topografia e rilievo ', 1),
(106, 170, 'Conoscenze dei materiali', 1),
(106, 170, 'Rappresentazione', 1),
(106, 170, 'Tecnica della costruzione', 1),
(107, 16, 'AIT2', 1),
(107, 16, 'Lingua italiana', 1),
(107, 28, 'AIT2', 1),
(107, 28, 'AIT4', 1),
(107, 28, 'Lingua tedesca', 1),
(107, 43, 'AIT1', 1),
(107, 43, 'AIT4', 1),
(107, 43, 'Economia e diritto', 1),
(107, 66, 'AIT3', 1),
(107, 66, 'Storia e politica', 1),
(107, 67, 'AIT1', 1),
(107, 67, 'Matematica (fondamentale)', 1),
(107, 99, 'Lingua inglese', 1),
(107, 135, 'AIT3', 1),
(107, 135, 'Chimica', 1),
(108, 95, 'Calcolo professionale', 1),
(108, 95, 'Rappresentazione', 1),
(108, 95, 'Topografia e rilievo ', 1),
(108, 170, 'Conoscenze dei materiali', 1),
(108, 170, 'Rappresentazione', 1),
(108, 170, 'Tecnica della costruzione', 1),
(109, 14, 'Lingua e comunicazione', 1),
(109, 14, 'Società', 1),
(109, 35, 'Educazione fisica', 1),
(109, 68, 'Educazione fisica', 1),
(109, 105, 'Lingua tedesca', 1),
(109, 120, 'Conoscenze professionali', 1),
(109, 171, 'Conoscenze professionali', 1),
(110, 11, 'Laboratorio informatica e CAD', 1),
(110, 87, 'Calcolo professionale', 1),
(110, 88, 'Conoscenze dei materiali', 1),
(110, 89, 'Conoscenze strutturali', 1),
(110, 90, 'Conoscenze edili', 1),
(110, 172, 'Laboratorio di disegno', 1),
(110, 172, 'Laboratorio professionale', 1),
(110, 173, 'Laboratorio di disegno', 1),
(110, 173, 'Laboratorio professionale', 1),
(111, 11, 'Laboratorio informatica e CAD', 1),
(111, 87, 'Calcolo professionale', 1),
(111, 88, 'Conoscenze dei materiali', 1),
(111, 89, 'Conoscenze strutturali', 1),
(111, 90, 'Conoscenze edili', 1),
(111, 172, 'Laboratorio di disegno', 1),
(111, 172, 'Laboratorio professionale', 1),
(111, 173, 'Laboratorio di disegno', 1),
(111, 173, 'Laboratorio professionale', 1),
(112, 11, 'Laboratorio informatica e CAD', 1),
(112, 87, 'Calcolo professionale', 1),
(112, 88, 'Conoscenze dei materiali', 1),
(112, 89, 'Conoscenze strutturali', 1),
(112, 90, 'Conoscenze edili', 1),
(112, 172, 'Laboratorio di disegno', 1),
(112, 172, 'Laboratorio professionale', 1),
(112, 173, 'Laboratorio di disegno', 1),
(112, 173, 'Laboratorio professionale', 1),
(113, 35, 'Educazione fisica', 1),
(113, 105, 'Lingua tedesca', 1),
(113, 120, 'Conoscenze professionali', 1),
(113, 162, 'Lingua e comunicazione', 1),
(113, 162, 'Società', 1),
(114, 16, 'LA: presentazione orale', 1),
(114, 16, 'LA: processo', 1),
(114, 16, 'LA: prodotto', 1),
(114, 16, 'Lingua e comunicazione', 1),
(114, 16, 'Società', 1),
(114, 73, 'Conoscenze professionali', 1),
(115, 5, 'Lingua e comunicazione', 1),
(115, 5, 'Società', 1),
(115, 8, 'Analizzare e misurare', 1),
(115, 8, 'Calcolo professionale', 1),
(115, 8, 'Consigliare e vendere', 1),
(115, 8, 'Manutenzione, riparazione e modifica', 1),
(115, 8, 'Organizzare il lavoro', 1),
(115, 20, 'Educazione fisica e sport', 1),
(115, 92, 'Comunicare in una seconda lingua', 1),
(115, 163, 'Analizzare e misurare', 1),
(115, 163, 'Calcolo professionale', 1),
(115, 163, 'Consigliare e vendere', 1),
(115, 163, 'Manutenzione, riparazione e modifica', 1),
(115, 163, 'Organizzare il lavoro', 1),
(116, 12, 'Educazione fisica', 1),
(116, 109, 'Lingua e comunicazione', 1),
(116, 109, 'Società', 1),
(116, 115, 'Calcolo professionale', 1),
(116, 115, 'Conoscenze professionali', 1),
(116, 115, 'Cultura tecnica', 1),
(116, 115, 'Disegno professionale', 1),
(117, 16, 'AIT2', 1),
(117, 16, 'Lingua italiana', 1),
(117, 45, 'Lingua tedesca', 1),
(117, 55, 'AIT2', 1),
(117, 55, 'Lingua inglese', 1),
(117, 56, 'AIT1', 1),
(117, 56, 'Matematica (fondamentale)', 1),
(117, 66, 'AIT2', 1),
(117, 66, 'Storia e politica', 1),
(117, 133, 'Economia e diritto', 1),
(117, 135, 'AIT1', 1),
(117, 135, 'Chimica', 1),
(118, 43, 'Basi di gestione aziendale', 1),
(118, 50, 'Informatica applicata', 1),
(118, 105, 'Lingua tedesca', 1),
(118, 122, 'Matematica', 1),
(118, 127, 'Elementi di chimica', 1),
(118, 174, 'Impianti di riscaldamento', 1),
(118, 175, 'Analisi prezzi', 1),
(118, 175, 'Impianti sanitari', 1),
(118, 176, 'Fisica della costruzione', 1),
(118, 177, 'Fisica applicata', 1),
(118, 178, 'Elettrotecnica / elettronica / impianti elettrici', 1),
(119, 4, 'Educazione fisica', 1),
(119, 118, 'Calcolo professionale', 1),
(119, 118, 'Conoscenze professionali', 1),
(119, 118, 'Corso interaziendale n°3', 1),
(119, 118, 'Formazione professionale pratica', 1),
(119, 137, 'Lingua e comunicazione', 1);
INSERT INTO `docenti_classi` (`id_classe`, `id_docente`, `materia`, `id_semestre`) VALUES
(119, 137, 'Società', 1),
(120, 4, 'Educazione fisica', 1),
(120, 5, 'Lingua tedesca', 1),
(120, 118, 'Calcolo professionale', 1),
(120, 118, 'Conoscenze professionali', 1),
(120, 137, 'Lingua e comunicazione', 1),
(120, 137, 'Società', 1),
(121, 12, 'Educazione fisica e sport', 1),
(121, 109, 'LA: presentazione orale', 1),
(121, 109, 'LA: processo', 1),
(121, 109, 'LA: prodotto', 1),
(121, 109, 'Lingua e comunicazione', 1),
(121, 109, 'Società', 1),
(122, 32, 'Inglese professionale', 1),
(122, 112, 'Chimica organica', 1),
(122, 112, 'Metodica di laboratorio chimico', 1),
(123, 2, 'Lingua tedesca', 1),
(123, 30, 'Fisica', 1),
(123, 34, 'Progetto didattico interdisciplinare', 1),
(123, 43, 'Progetto didattico interdisciplinare', 1),
(123, 58, 'Matematica (ambito specifico)', 1),
(123, 65, 'Lingua italiana', 1),
(124, 6, 'Amministrazione', 1),
(124, 6, 'LA: presentazione orale', 1),
(124, 6, 'LA: processo', 1),
(124, 6, 'LA: prodotto', 1),
(124, 6, 'Lingua e comunicazione', 1),
(124, 6, 'Società', 1),
(124, 12, 'Educazione fisica e sport', 1),
(124, 107, 'Abitare e tecniche di pulizie', 1),
(124, 107, 'Accoglienza ospiti e servizio', 1),
(124, 107, 'Alimentazione e vitto', 1),
(124, 107, 'Amministrazione', 1),
(124, 107, 'Cura della biancheria', 1),
(124, 107, 'Salute e socialità', 1),
(124, 108, 'Abitare e tecniche di pulizie', 1),
(124, 108, 'Accoglienza ospiti e servizio', 1),
(124, 108, 'Alimentazione e vitto', 1),
(124, 108, 'Cura della biancheria', 1),
(124, 108, 'Salute e socialità', 1),
(125, 20, 'Educazione fisica', 1),
(125, 35, 'Educazione fisica', 1),
(125, 69, 'Conoscenze professionali', 1),
(125, 78, 'Conoscenze professionali', 1),
(125, 162, 'LA: presentazione orale', 1),
(125, 162, 'LA: processo', 1),
(125, 162, 'LA: prodotto', 1),
(125, 162, 'Lingua e comunicazione', 1),
(125, 162, 'Società', 1),
(126, 18, 'LA: presentazione orale', 1),
(126, 18, 'LA: processo', 1),
(126, 18, 'LA: prodotto', 1),
(126, 18, 'Lingua e comunicazione', 1),
(126, 18, 'Società', 1),
(126, 19, 'Conoscenze professionali', 1),
(126, 68, 'Educazione fisica', 1),
(126, 69, 'Conoscenze professionali', 1),
(126, 78, 'Conoscenze professionali', 1),
(127, 18, 'LA: presentazione orale', 1),
(127, 18, 'LA: processo', 1),
(127, 18, 'LA: prodotto', 1),
(127, 18, 'Lingua e comunicazione', 1),
(127, 18, 'Società', 1),
(127, 19, 'Conoscenze professionali', 1),
(127, 68, 'Educazione fisica', 1),
(127, 69, 'Conoscenze professionali', 1),
(127, 78, 'Conoscenze professionali', 1),
(128, 2, 'Lingua tedesca', 1),
(128, 30, 'AIT2', 1),
(128, 30, 'Fisica', 1),
(128, 34, 'AIT2', 1),
(128, 34, 'Matematica (ambito specifico)', 1),
(128, 43, 'Economia e diritto', 1),
(128, 55, 'AIT1', 1),
(128, 55, 'Lingua inglese', 1),
(128, 65, 'AIT1', 1),
(128, 65, 'Lingua italiana', 1),
(129, 95, 'Conoscenze dei materiali', 1),
(129, 121, 'Tecnica della costruzione', 1),
(129, 170, 'Calcolo professionale', 1),
(129, 179, 'Rappresentazione', 1),
(129, 180, 'Topografia e rilievo ', 1),
(130, 12, 'Educazione fisica', 1),
(130, 92, 'Lingua tedesca', 1),
(130, 114, 'Lingua e comunicazione', 1),
(130, 114, 'Società', 1),
(131, 95, 'Calcolo professionale', 1),
(131, 95, 'Conoscenze dei materiali', 1),
(131, 121, 'Tecnica della costruzione', 1),
(131, 170, 'Calcolo professionale', 1),
(131, 179, 'Rappresentazione', 1),
(131, 180, 'Topografia e rilievo ', 1),
(132, 32, 'Inglese professionale', 1),
(132, 151, 'Biologia applicata', 1),
(132, 151, 'Metodica di laboratorio biologico', 1),
(133, 16, 'AIT2', 1),
(133, 16, 'Lingua italiana', 1),
(133, 45, 'AIT1', 1),
(133, 45, 'Lingua tedesca', 1),
(133, 58, 'AIT3', 1),
(133, 58, 'Matematica (specifica)', 1),
(133, 66, 'AIT1', 1),
(133, 66, 'Storia e politica', 1),
(133, 99, 'AIT2', 1),
(133, 99, 'Lingua inglese', 1),
(133, 150, 'AIT3', 1),
(133, 150, 'Fisica', 1),
(134, 12, 'Educazione fisica', 1),
(134, 18, 'LA: presentazione orale', 1),
(134, 18, 'LA: processo', 1),
(134, 18, 'LA: prodotto', 1),
(134, 18, 'Lingua e comunicazione', 1),
(134, 18, 'Società', 1),
(134, 115, 'Calcolo professionale', 1),
(134, 115, 'Cultura tecnica', 1),
(134, 115, 'Disegno professionale', 1),
(135, 4, 'Educazione fisica', 1),
(135, 5, 'Lingua tedesca', 1),
(135, 137, 'Lingua e comunicazione', 1),
(135, 137, 'Società', 1),
(135, 175, 'Calcolo professionale', 1),
(135, 175, 'Conoscenze professionali', 1),
(135, 175, 'Corso interaziendale n°3', 1),
(135, 175, 'Formazione professionale pratica', 1),
(136, 12, 'Educazione fisica e sport', 1),
(136, 19, 'Conoscenze professionali', 1),
(136, 109, 'LA: presentazione orale', 1),
(136, 109, 'LA: processo', 1),
(136, 109, 'LA: prodotto', 1),
(136, 109, 'Lingua e comunicazione', 1),
(136, 109, 'Società', 1),
(137, 12, 'Educazione fisica e sport', 1),
(137, 109, 'LA: presentazione orale', 1),
(137, 109, 'LA: processo', 1),
(137, 109, 'LA: prodotto', 1),
(137, 109, 'Lingua e comunicazione', 1),
(137, 109, 'Società', 1),
(137, 117, 'Calcolo aziendale', 1),
(137, 117, 'Conoscenze dei materiali', 1),
(137, 117, 'Sicurezza ed ecologia', 1),
(138, 12, 'Educazione fisica', 1),
(138, 109, 'LA: presentazione orale', 1),
(138, 109, 'LA: processo', 1),
(138, 109, 'LA: prodotto', 1),
(138, 109, 'Lingua e comunicazione', 1),
(138, 109, 'Società', 1),
(139, 2, 'Lingua tedesca', 1),
(139, 30, 'AIT2', 1),
(139, 30, 'Fisica', 1),
(139, 34, 'AIT2', 1),
(139, 34, 'Matematica (ambito specifico)', 1),
(139, 43, 'Economia e diritto', 1),
(139, 65, 'AIT1', 1),
(139, 65, 'Lingua italiana', 1),
(139, 99, 'AIT1', 1),
(139, 99, 'Lingua inglese', 1),
(140, 87, 'Calcolo professionale', 1),
(140, 88, 'Tecnica della costruzione', 1),
(140, 90, 'Rappresentazione', 1),
(140, 90, 'Topografia e rilievo ', 1),
(140, 136, 'Conoscenze dei materiali', 1),
(141, 86, 'Gestione dell\'informazione', 1),
(141, 96, 'Statica', 1),
(141, 105, 'Lingua tedesca e tedesco professionale', 1),
(141, 105, 'Tedesco professionale', 1),
(141, 121, 'Costruzioni idrauliche', 1),
(141, 123, 'Fisica della costruzione', 1),
(141, 124, 'Progetto interdisciplinare', 1),
(141, 127, 'Smaltimento e riciclaggio rifiuti di cantiere', 1),
(141, 176, 'Protezione anti-incendio', 1),
(141, 181, 'Gestione aziendale e contabilità', 1),
(141, 182, 'Gestione di cantiere', 1),
(141, 182, 'Progetto interdisciplinare', 1),
(141, 183, 'Progetto interdisciplinare', 1),
(141, 184, 'Diritto - Norme e leggi professionali', 1),
(142, 32, 'Lingua inglese', 1),
(142, 45, 'AIT1', 1),
(142, 45, 'Lingua tedesca', 1),
(142, 47, 'Informatica', 1),
(142, 65, 'Lingua italiana', 1),
(142, 67, 'AIT1', 1),
(142, 67, 'AIT2', 1),
(142, 67, 'Matematica (ambito specifico)', 1),
(142, 123, 'Calcolo professionale', 1),
(142, 123, 'Conoscenza dei materiali', 1),
(142, 123, 'Disegno a mano libera', 1),
(142, 123, 'Esercitazioni pratiche (architettura)', 1),
(142, 123, 'Tecnica della costruzione (architettura)', 1),
(142, 134, 'AIT2', 1),
(142, 134, 'Fisica', 1),
(142, 155, 'Topografia', 1),
(142, 159, 'Calcolo professionale', 1),
(142, 159, 'Conoscenza dei materiali', 1),
(142, 159, 'Esercitazioni pratiche (ingegneria civile)', 1),
(142, 159, 'Tecnica della costruzione (ingegneria civile)', 1),
(143, 32, 'Lingua inglese', 1),
(143, 45, 'AIT1', 1),
(143, 45, 'Lingua tedesca', 1),
(143, 47, 'Informatica', 1),
(143, 65, 'Lingua italiana', 1),
(143, 67, 'AIT1', 1),
(143, 67, 'AIT2', 1),
(143, 67, 'Matematica (ambito specifico)', 1),
(143, 123, 'Calcolo professionale', 1),
(143, 123, 'Conoscenza dei materiali', 1),
(143, 123, 'Disegno a mano libera', 1),
(143, 123, 'Esercitazioni pratiche (architettura)', 1),
(143, 123, 'Tecnica della costruzione (architettura)', 1),
(143, 134, 'AIT2', 1),
(143, 134, 'Fisica', 1),
(143, 155, 'Topografia', 1),
(143, 159, 'Calcolo professionale', 1),
(143, 159, 'Conoscenza dei materiali', 1),
(143, 159, 'Esercitazioni pratiche (ingegneria civile)', 1),
(143, 159, 'Tecnica della costruzione (ingegneria civile)', 1),
(144, 129, 'Diffusione dati', 1),
(144, 129, 'Elaborazione dati', 1),
(144, 129, 'Rilievo dati', 1),
(144, 139, 'Diffusione dati', 1),
(144, 139, 'Elaborazione dati', 1),
(144, 139, 'Rilievo dati', 1),
(144, 185, 'Diffusione dati', 1),
(144, 185, 'Elaborazione dati', 1),
(144, 185, 'Rilievo dati', 1),
(145, 3, 'Conoscenze di base dell\'ottica: a,b', 1),
(145, 3, 'Fisiologia dell\'occhio', 1),
(145, 3, 'Lenti a contatto', 1),
(145, 3, 'Ottica Oftalmica applicata: c,d', 1),
(145, 3, 'Tecnologia delle lenti oftalmiche multifocali', 1),
(145, 3, 'Vendita delle lenti multifocali', 1),
(145, 4, 'Educazione fisica', 1),
(145, 13, 'Lingua e comunicazione', 1),
(145, 13, 'Società', 1),
(146, 28, 'AIT2', 1),
(146, 28, 'Lingua tedesca', 1),
(146, 29, 'AIT4', 1),
(146, 29, 'Economia e diritto', 1),
(146, 33, 'AIT3', 1),
(146, 33, 'Storia e politica', 1),
(146, 35, 'Educazione fisica', 1),
(146, 40, 'AIT1', 1),
(146, 40, 'Fisica', 1),
(146, 48, 'M306 Realizzare un piccolo progetto + Progetti', 1),
(146, 52, 'M127 Assicurare le funzionalità di un server', 1),
(146, 52, 'M141 Installare sistemi di banche dati', 1),
(146, 55, 'AIT3', 1),
(146, 55, 'Lingua inglese', 1),
(146, 56, 'AIT1', 1),
(146, 56, 'AIT4', 1),
(146, 56, 'Matematica (ambito specifico)', 1),
(146, 81, 'M133 Realizzare applicazioni Web con Session-Handling', 1),
(146, 84, 'M153 Sviluppare il modello concettuale di una banca dati', 1),
(146, 148, 'M223 Realizzare una applicazione multiutente orientata oggetti', 1),
(147, 28, 'AIT2', 1),
(147, 28, 'Lingua tedesca', 1),
(147, 33, 'AIT3', 1),
(147, 33, 'Storia e politica', 1),
(147, 40, 'AIT1', 1),
(147, 40, 'Fisica', 1),
(147, 43, 'AIT4', 1),
(147, 43, 'Economia e diritto', 1),
(147, 52, 'M127 Assicurare le funzionalità di un server', 1),
(147, 52, 'M141 Installare sistemi di banche dati', 1),
(147, 52, 'M306 Realizzare un piccolo progetto + Progetti', 1),
(147, 55, 'AIT3', 1),
(147, 55, 'Lingua inglese', 1),
(147, 56, 'AIT1', 1),
(147, 56, 'AIT4', 1),
(147, 56, 'Matematica (ambito specifico)', 1),
(147, 68, 'Educazione fisica', 1),
(147, 81, 'M133 Realizzare applicazioni Web con Session-Handling', 1),
(147, 81, 'M306 Realizzare un piccolo progetto + Progetti', 1),
(147, 82, 'M129 Mettere in servizio le componenti di una LAN', 1),
(147, 84, 'M153 Sviluppare il modello concettuale di una banca dati', 1),
(147, 148, 'M223 Realizzare una applicazione multiutente orientata oggetti', 1),
(148, 116, 'LA: presentazione orale', 1),
(148, 116, 'LA: processo', 1),
(148, 116, 'LA: prodotto', 1),
(148, 116, 'Lingua e comunicazione', 1),
(148, 116, 'Società', 1),
(148, 186, 'Calcolo professionale', 1),
(148, 186, 'Colori e forme', 1),
(148, 186, 'Conoscenze professionali', 1),
(148, 186, 'Decorazioni e lavori artistici', 1),
(148, 186, 'Disegno professionale', 1),
(148, 186, 'Disegno professionale e lavori artistici', 1),
(148, 186, 'Pianificazione e preparazione dei lavori', 1),
(148, 186, 'Pretrattamento, rivestimenti e sicurezza sul lavoro', 1),
(149, 4, 'Educazione fisica', 1),
(149, 114, 'LA: presentazione orale', 1),
(149, 114, 'LA: processo', 1),
(149, 114, 'LA: prodotto', 1),
(149, 114, 'Lingua e comunicazione', 1),
(149, 114, 'Società', 1),
(149, 119, 'Calcolo professionale', 1),
(149, 119, 'Conoscenze professionali', 1),
(150, 4, 'Educazione fisica', 1),
(150, 137, 'Lingua e comunicazione', 1),
(150, 137, 'Società', 1),
(150, 163, 'Installare e mettere in funzione', 1),
(150, 163, 'Sviluppare e implementare i progetti di clienti', 1),
(150, 164, 'Analizzare e misurare', 1),
(150, 164, 'Installare e mettere in funzione', 1),
(150, 164, 'Sviluppare e implementare i progetti di clienti', 1),
(150, 187, 'Comunicare in una seconda lingua', 1),
(151, 43, 'Gestione aziendale e contabilità', 1),
(151, 86, 'Gestione dell\'informazione', 1),
(151, 105, 'Lingua tedesca e tedesco professionale', 1),
(151, 105, 'Tedesco professionale', 1),
(151, 130, 'Analisi prezzi', 1),
(151, 131, 'Statica', 1),
(151, 131, 'Tecnologia', 1),
(151, 155, 'Lavoro pratico di topografia', 1),
(151, 155, 'Topografia', 1),
(151, 156, 'Corsi specifici', 1),
(151, 156, 'Tecnica della costruzione', 1),
(151, 175, 'Tecnica della costruzione', 1),
(151, 176, 'Fisica della costruzione', 1),
(151, 184, 'Diritto - Norme e leggi professionali', 1),
(151, 188, 'Elaborazione costruttiva', 1),
(151, 188, 'Gestione appalti', 1),
(152, 86, 'Gestione dell\'informazione', 1),
(152, 88, 'Soprastruttura', 1),
(152, 88, 'Soprastruttura e sottostruttura', 1),
(152, 105, 'Lingua tedesca e tedesco professionale', 1),
(152, 105, 'Tedesco professionale', 1),
(152, 121, 'Costruzioni idrauliche', 1),
(152, 122, 'Matematica', 1),
(152, 123, 'Fisica della costruzione', 1),
(152, 123, 'Preparazione al lavoro di diploma', 1),
(152, 123, 'Progetto interdisciplinare', 1),
(152, 124, 'Soprastruttura e sottostruttura', 1),
(152, 124, 'Sottostruttura', 1),
(152, 126, 'Statica', 1),
(152, 127, 'Smaltimento e riciclaggio rifiuti di cantiere', 1),
(152, 129, 'Lavoro pratico di topografia', 1),
(152, 129, 'Topografia', 1),
(152, 158, 'Analisi prezzi', 1),
(152, 178, 'Protezione anti-incendio', 1),
(152, 180, 'Condotta lavori e gestione di cantiere', 1),
(152, 180, 'Gestione di cantiere', 1),
(152, 181, 'Gestione aziendale e contabilità', 1),
(152, 184, 'Diritto - Norme e leggi professionali', 1),
(153, 2, 'Lingua tedesca', 1),
(153, 4, 'Educazione fisica', 1),
(153, 13, 'Lingua e comunicazione', 1),
(153, 13, 'Società', 1),
(153, 72, 'Campionatura', 1),
(153, 72, 'Gestione della qualità', 1),
(153, 72, 'Mezzi di fabbricazione', 1),
(153, 72, 'Processi preparatori e successivi', 1),
(153, 72, 'Scienza della fabbricazione', 1),
(153, 72, 'Sicurezza sul lavoro, protezione della salute e dell\'ambiente', 1),
(153, 72, 'Tecnica di fabbricazione', 1),
(154, 27, 'Tecnica dei processi', 1),
(154, 165, 'Farmacologia', 1),
(155, 2, 'Consulenza e assistenza (1.6)', 1),
(155, 2, 'Lingua tedesca', 1),
(155, 2, 'Organizzazione e applicazione di procedure', 1),
(155, 2, 'Organizzazione e applicazione di procedure (3.6) ', 1),
(155, 12, 'Educazione fisica', 1),
(155, 14, 'Lingua e comunicazione', 1),
(155, 14, 'Società', 1),
(155, 73, 'Consulenza e assistenza', 1),
(155, 73, 'Consulenza e assistenza (1.1-1.5)', 1),
(155, 73, 'Garanzia della sostenibilità', 1),
(155, 73, 'Garanzia della sostenibilità  (4.2)', 1),
(155, 106, 'Garanzia della sostenibilità', 1),
(155, 106, 'Garanzia della sostenibilità  (4.1-4.3)', 1),
(155, 168, 'Consulenza e assistenza (1.7)', 1),
(155, 168, 'Inglese professionale', 1),
(155, 168, 'Organizzazione e applicazione di procedure', 1),
(155, 168, 'Organizzazione e applicazione di procedure (3.7) ', 1),
(155, 189, 'Consulenza e assistenza', 1),
(155, 189, 'Consulenza e assistenza (1.2-1.3-1.4)', 1),
(155, 190, 'Ideazione e organizzazione', 1),
(155, 190, 'Organizzazione e applicazione di procedure', 1),
(155, 190, 'Organizzazione e applicazione di procedure (3.1-3.2-3.3-3.4-3.5)', 1),
(156, 2, 'Lingua tedesca', 1),
(156, 4, 'Educazione fisica e sport', 1),
(156, 9, 'Conoscenze professionali', 1),
(156, 9, 'Creazione e disegno', 1),
(156, 13, 'Lingua e comunicazione', 1),
(156, 13, 'Società', 1),
(156, 191, 'Conoscenze delle pietre preziose', 1),
(156, 192, 'Conoscenze professionali', 1),
(157, 68, 'Educazione fisica', 1),
(157, 116, 'LA: presentazione orale', 1),
(157, 116, 'LA: processo', 1),
(157, 116, 'LA: prodotto', 1),
(157, 116, 'Lingua e comunicazione', 1),
(157, 116, 'Società', 1),
(157, 152, 'Decorazioni e lavori artistici', 1),
(157, 152, 'Disegno professionale e lavori artistici', 1),
(157, 153, 'Calcolo professionale', 1),
(157, 153, 'Conoscenze professionali', 1),
(157, 153, 'Disegno professionale', 1),
(157, 153, 'Disegno professionale e lavori artistici', 1),
(157, 153, 'Pianificazione e preparazione dei lavori', 1),
(157, 153, 'Pretrattamento, rivestimenti e sicurezza sul lavoro', 1),
(158, 13, 'LA: presentazione orale', 1),
(158, 13, 'LA: processo', 1),
(158, 13, 'LA: prodotto', 1),
(158, 13, 'Lingua e comunicazione', 1),
(158, 13, 'Società', 1),
(158, 68, 'Educazione fisica', 1),
(158, 152, 'Decorazioni e lavori artistici', 1),
(158, 152, 'Disegno professionale e lavori artistici', 1),
(158, 153, 'Calcolo professionale', 1),
(158, 153, 'Conoscenze professionali', 1),
(158, 153, 'Disegno professionale', 1),
(158, 153, 'Disegno professionale e lavori artistici', 1),
(158, 153, 'Pianificazione e preparazione dei lavori', 1),
(158, 153, 'Pretrattamento, rivestimenti e sicurezza sul lavoro', 1),
(159, 2, 'Lingua tedesca', 1),
(159, 4, 'Educazione fisica', 1),
(159, 7, 'Produzione e qualità', 1),
(159, 7, 'Teoria dell\'orologeria (teoria + regolazione)', 1),
(159, 8, 'Matematica', 1),
(159, 9, 'Disegno professionale', 1),
(159, 193, 'LA: presentazione orale', 1),
(159, 193, 'LA: processo', 1),
(159, 193, 'LA: prodotto', 1),
(159, 193, 'Lingua e comunicazione', 1),
(159, 193, 'Società', 1),
(160, 35, 'Educazione fisica', 1),
(160, 36, 'AIT2', 1),
(160, 36, 'Calcolo professionale', 1),
(160, 36, 'Matematica (ambito specifico)', 1),
(160, 38, 'Tecnica multimediale', 1),
(160, 39, 'Laboratorio costruzioni e digitale', 1),
(160, 40, 'AIT2', 1),
(160, 40, 'Fisica', 1),
(160, 41, 'Installare e mettere in funzione', 1),
(160, 44, 'AIT1', 1),
(160, 44, 'Lingua inglese', 1),
(160, 45, 'AIT1', 1),
(160, 45, 'Lingua tedesca', 1),
(160, 65, 'Lingua italiana', 1),
(160, 142, 'Laboratorio elettronica', 1),
(160, 143, 'Laboratorio informatica', 1),
(160, 194, 'Calcolo professionale', 1),
(161, 35, 'Educazione fisica', 1),
(161, 36, 'AIT2', 1),
(161, 36, 'Calcolo professionale', 1),
(161, 36, 'Matematica (ambito specifico)', 1),
(161, 38, 'Tecnica multimediale', 1),
(161, 39, 'Laboratorio costruzioni e digitale', 1),
(161, 40, 'AIT2', 1),
(161, 40, 'Fisica', 1),
(161, 41, 'Installare e mettere in funzione', 1),
(161, 44, 'AIT1', 1),
(161, 44, 'Lingua inglese', 1),
(161, 45, 'AIT1', 1),
(161, 45, 'Lingua tedesca', 1),
(161, 65, 'Lingua italiana', 1),
(161, 142, 'Laboratorio elettronica', 1),
(161, 143, 'Laboratorio informatica', 1),
(161, 194, 'Calcolo professionale', 1),
(162, 23, 'Chimica organica', 1),
(162, 23, 'Conoscenze professionali applicate', 1),
(162, 27, 'Chimica fisica', 1),
(162, 30, 'Fisica', 1),
(162, 31, 'Lingua italiana', 1),
(162, 32, 'Inglese professionale', 1),
(162, 34, 'Fisica', 1),
(162, 34, 'Matematica (ambito specifico)', 1),
(162, 45, 'Lingua tedesca', 1),
(162, 66, 'Progetto didattico interdisciplinare', 1),
(162, 135, 'Progetto didattico interdisciplinare', 1),
(162, 165, 'Laboratorio professionale', 1),
(162, 165, 'Matematica applicata 2', 1),
(162, 165, 'Metodica di laboratorio 2', 1),
(163, 20, 'Educazione fisica', 1),
(163, 35, 'Educazione fisica', 1),
(163, 105, 'Lingua tedesca', 1),
(163, 162, 'LA: presentazione orale', 1),
(163, 162, 'LA: processo', 1),
(163, 162, 'LA: prodotto', 1),
(163, 162, 'Lingua e comunicazione', 1),
(163, 162, 'Società', 1),
(163, 189, 'Conoscenze professionali', 1),
(164, 20, 'Educazione fisica', 1),
(164, 35, 'Educazione fisica', 1),
(164, 105, 'Lingua tedesca', 1),
(164, 120, 'Conoscenze professionali', 1),
(164, 162, 'LA: presentazione orale', 1),
(164, 162, 'LA: processo', 1),
(164, 162, 'LA: prodotto', 1),
(164, 162, 'Lingua e comunicazione', 1),
(164, 162, 'Società', 1),
(164, 171, 'Conoscenze professionali', 1),
(165, 12, 'Educazione fisica', 1),
(165, 35, 'Educazione fisica', 1),
(165, 73, 'Presentare e vendere prodotti, consigliare ospiti', 1),
(165, 116, 'LA: presentazione orale', 1),
(165, 116, 'LA: processo', 1),
(165, 116, 'LA: prodotto', 1),
(165, 116, 'Lingua e comunicazione', 1),
(165, 116, 'Società', 1),
(165, 119, 'Approvvigionare e preparare prodotti', 1),
(165, 167, 'Pianificare e organizzare processi', 1),
(165, 168, 'Applicare la lingua inglese', 1),
(166, 4, 'Educazione fisica', 1),
(166, 137, 'LA: presentazione orale', 1),
(166, 137, 'LA: processo', 1),
(166, 137, 'LA: prodotto', 1),
(166, 137, 'Lingua e comunicazione', 1),
(166, 137, 'Società', 1),
(166, 163, 'Conoscenze professionali', 1),
(166, 163, 'Elettronica digitale', 1),
(166, 163, 'Manutenzione, riparazione e modifica', 1),
(166, 163, 'Sviluppare e implementare i progetti di clienti', 1),
(166, 163, 'Tecnica multimediale', 1),
(166, 164, 'Manutenzione, riparazione e modifica', 1),
(166, 164, 'Sviluppare e implementare i progetti di clienti', 1),
(166, 187, 'Comunicare in una seconda lingua', 1),
(167, 175, 'Calcolo professionale', 1),
(167, 175, 'Conoscenze professionali', 1),
(168, 20, 'Educazione fisica', 1),
(168, 92, 'Lingua tedesca', 1),
(168, 138, 'LA: presentazione orale', 1),
(168, 138, 'LA: processo', 1),
(168, 138, 'LA: prodotto', 1),
(168, 138, 'Lingua e comunicazione', 1),
(168, 138, 'Società', 1),
(169, 86, 'Lingua italiana', 1),
(169, 100, 'Matematica', 1),
(169, 128, 'Lingua francese', 1),
(169, 132, 'Lingua tedesca', 1),
(169, 150, 'Fisica', 1),
(169, 195, 'Informatica', 1),
(170, 139, 'Diffusione dati', 1),
(170, 139, 'Elaborazione dati', 1),
(170, 139, 'Rilievo dati', 1),
(170, 185, 'Diffusione dati', 1),
(170, 185, 'Elaborazione dati', 1),
(170, 185, 'Rilievo dati', 1),
(171, 68, 'Educazione fisica', 1),
(171, 92, 'Lingua tedesca', 1),
(171, 116, 'LA: presentazione orale', 1),
(171, 116, 'LA: processo', 1),
(171, 116, 'LA: prodotto', 1),
(171, 116, 'Lingua e comunicazione', 1),
(171, 116, 'Società', 1),
(172, 56, 'Matematica', 1),
(172, 86, 'Lingua italiana', 1),
(172, 128, 'Lingua francese', 1),
(172, 132, 'Lingua tedesca', 1),
(172, 150, 'Fisica', 1),
(172, 195, 'Informatica', 1),
(173, 4, 'Educazione fisica', 1),
(173, 17, 'Creazione', 1),
(173, 17, 'Economia aziendale', 1),
(173, 17, 'Lavorazione artigianale e tecnologia', 1),
(173, 18, 'LA: presentazione orale', 1),
(173, 18, 'LA: processo', 1),
(173, 18, 'LA: prodotto', 1),
(173, 18, 'Lingua e comunicazione', 1),
(173, 18, 'Società', 1),
(173, 19, 'Creazione', 1),
(173, 19, 'Economia aziendale', 1),
(173, 19, 'Lavorazione artigianale e tecnologia', 1),
(174, 17, 'Creazione', 1),
(174, 17, 'Economia aziendale', 1),
(174, 17, 'Lavorazione artigianale e tecnologia', 1),
(174, 18, 'LA: presentazione orale', 1),
(174, 18, 'LA: processo', 1),
(174, 18, 'LA: prodotto', 1),
(174, 18, 'Lingua e comunicazione', 1),
(174, 18, 'Società', 1),
(174, 35, 'Educazione fisica', 1),
(175, 36, 'Matematica', 1),
(175, 38, 'Tecnica multimediale', 1),
(175, 39, 'Laboratorio costruzioni e digitale', 1),
(175, 41, 'Installare e mettere in funzione', 1),
(175, 45, 'Lingua tedesca', 1),
(175, 57, 'Elettronica', 1),
(175, 65, 'Lingua italiana', 1),
(175, 67, 'Matematica applicata (materia complementare)', 1),
(175, 128, 'Lingua francese (materia complementare)', 1),
(175, 134, 'Fisica', 1),
(175, 143, 'Laboratorio informatica', 1),
(175, 144, 'Laboratorio multimediale', 1),
(175, 144, 'Tecnica digitale', 1),
(175, 194, 'Laboratorio multimediale', 1),
(176, 36, 'Matematica', 1),
(176, 38, 'Tecnica multimediale', 1),
(176, 39, 'Laboratorio costruzioni e digitale', 1),
(176, 41, 'Installare e mettere in funzione', 1),
(176, 42, 'Laboratorio multimediale', 1),
(176, 42, 'Tecnica multimediale', 1),
(176, 45, 'Lingua tedesca', 1),
(176, 57, 'Elettronica', 1),
(176, 65, 'Lingua italiana', 1),
(176, 67, 'Matematica applicata (materia complementare)', 1),
(176, 128, 'Lingua francese (materia complementare)', 1),
(176, 134, 'Fisica', 1),
(176, 143, 'Laboratorio informatica', 1),
(176, 144, 'Laboratorio multimediale', 1),
(176, 144, 'Tecnica digitale', 1),
(176, 194, 'Laboratorio multimediale', 1),
(177, 100, 'Matematica', 1),
(177, 128, 'Lingua italiana', 1),
(177, 132, 'Lingua tedesca', 1),
(177, 134, 'Fisica', 1),
(177, 195, 'Informatica', 1),
(178, 35, 'Educazione fisica', 1),
(178, 45, 'Lingua tedesca', 1),
(178, 47, 'Informatica', 1),
(178, 47, 'Storia dell\'architettura', 1),
(178, 56, 'Matematica applicata (materia complementare)', 1),
(178, 64, 'Grafica', 1),
(178, 64, 'Stage professionale', 1),
(178, 65, 'Lingua italiana', 1),
(178, 67, 'Matematica', 1),
(178, 131, 'Calcolo professionale', 1),
(178, 131, 'Conoscenza dei materiali', 1),
(178, 131, 'Esercitazioni pratiche (ingegneria civile)', 1),
(178, 131, 'Materia opzionale', 1),
(178, 131, 'Tecnica della costruzione (ingegneria civile)', 1),
(178, 134, 'Fisica', 1),
(178, 149, 'Ambiente', 1),
(178, 196, 'Topografia', 1),
(178, 197, 'Linguaggio del cinema (materia complementare)', 1),
(179, 35, 'Educazione fisica', 1),
(179, 45, 'Lingua tedesca', 1),
(179, 47, 'Informatica', 1),
(179, 47, 'Storia dell\'architettura', 1),
(179, 56, 'Matematica applicata (materia complementare)', 1),
(179, 63, 'Calcolo professionale', 1),
(179, 63, 'Conoscenza dei materiali', 1),
(179, 63, 'Disegno a mano libera', 1),
(179, 63, 'Esercitazioni pratiche (architettura)', 1),
(179, 63, 'Materia opzionale', 1),
(179, 63, 'Tecnica della costruzione (architettura)', 1),
(179, 64, 'Calcolo professionale', 1),
(179, 64, 'Conoscenza dei materiali', 1),
(179, 64, 'Disegno a mano libera', 1),
(179, 64, 'Esercitazioni pratiche (architettura)', 1),
(179, 64, 'Grafica', 1),
(179, 64, 'Materia opzionale', 1),
(179, 64, 'Stage professionale', 1),
(179, 64, 'Tecnica della costruzione (architettura)', 1),
(179, 65, 'Lingua italiana', 1),
(179, 67, 'Matematica', 1),
(179, 128, 'Lingua francese (materia complementare)', 1),
(179, 134, 'Fisica', 1),
(179, 149, 'Ambiente', 1),
(179, 196, 'Topografia', 1),
(179, 197, 'Linguaggio del cinema (materia complementare)', 1),
(180, 2, 'Lingua tedesca', 1),
(180, 4, 'Educazione fisica e sport', 1),
(180, 145, 'Conoscenze professionali', 1),
(180, 145, 'Disegno professionale', 1),
(180, 146, 'Conoscenze professionali', 1),
(180, 146, 'Disegno professionale', 1),
(180, 147, 'Conoscenze professionali', 1),
(180, 147, 'Disegno professionale', 1),
(180, 193, 'LA: presentazione orale', 1),
(180, 193, 'LA: processo', 1),
(180, 193, 'LA: prodotto', 1),
(180, 193, 'Lingua e comunicazione', 1),
(180, 193, 'Società', 1),
(181, 2, 'Lingua tedesca', 1),
(181, 4, 'Educazione fisica', 1),
(181, 72, 'Campionatura', 1),
(181, 72, 'Gestione della qualità', 1),
(181, 72, 'Mezzi di fabbricazione', 1),
(181, 72, 'Processi preparatori e successivi', 1),
(181, 72, 'Scienza della fabbricazione', 1),
(181, 72, 'Sicurezza sul lavoro, protezione della salute e dell\'ambiente', 1),
(181, 72, 'Tecnica di fabbricazione', 1),
(181, 193, 'LA: presentazione orale', 1),
(181, 193, 'LA: processo', 1),
(181, 193, 'LA: prodotto', 1),
(181, 193, 'Lingua e comunicazione', 1),
(181, 193, 'Società', 1),
(182, 118, 'Calcolo professionale', 1),
(182, 118, 'Conoscenze professionali', 1),
(183, 20, 'Educazione fisica', 1),
(183, 92, 'Lingua tedesca', 1),
(183, 138, 'LA: presentazione orale', 1),
(183, 138, 'LA: processo', 1),
(183, 138, 'LA: prodotto', 1),
(183, 138, 'Lingua e comunicazione', 1),
(183, 138, 'Società', 1),
(183, 198, 'Calcolo professionale', 1),
(183, 198, 'Conoscenze professionali', 1),
(184, 170, 'Calcolo professionale', 1),
(184, 170, 'Lavoro di approfondimento', 1),
(184, 199, 'Lavoro di approfondimento', 1),
(184, 199, 'Tecnica della costruzione', 1),
(185, 88, 'Elaborazione costruttiva', 1),
(185, 90, 'Lavoro di approfondimento', 1),
(186, 28, 'Lingua tedesca', 1),
(186, 30, 'Fisica', 1),
(186, 53, 'Stage esterno (estate terzo/quarto anno)', 1),
(186, 56, 'Matematica', 1),
(186, 56, 'Matematica applicata (materia complementare)', 1),
(186, 81, 'M151 Collegare banche dati ad un sito web', 1),
(186, 81, 'M184 Realizzare la sicurezza delle reti', 1),
(186, 83, 'M159 Installare e configurare dei servizi di cartelle', 1),
(186, 84, 'M335 Realizzare applicazioni mobile', 1),
(186, 128, 'Lingua francese (materia complementare)', 1),
(186, 148, 'Progetti individuali', 1),
(186, 197, 'Linguaggio del cinema (materia complementare)', 1),
(187, 28, 'Lingua tedesca', 1),
(187, 30, 'Fisica', 1),
(187, 53, 'Stage esterno (estate terzo/quarto anno)', 1),
(187, 56, 'Matematica', 1),
(187, 56, 'Matematica applicata (materia complementare)', 1),
(187, 81, 'M151 Collegare banche dati ad un sito web', 1),
(187, 81, 'M184 Realizzare la sicurezza delle reti', 1),
(187, 82, 'M146 Realizzare il collegamento Internet di un\'azienda', 1),
(187, 83, 'M159 Installare e configurare dei servizi di cartelle', 1),
(187, 84, 'M335 Realizzare applicazioni mobile', 1),
(187, 128, 'Lingua francese (materia complementare)', 1),
(187, 148, 'Progetti individuali', 1),
(187, 197, 'Linguaggio del cinema (materia complementare)', 1),
(188, 3, 'Fisiologia dell\'occhio', 1),
(188, 3, 'Reclamazioni', 1),
(188, 3, 'Ripetizioni', 1),
(188, 3, 'Tedesco', 1),
(188, 4, 'Educazione fisica', 1),
(188, 193, 'LA: presentazione orale', 1),
(188, 193, 'LA: processo', 1),
(188, 193, 'LA: prodotto', 1),
(188, 193, 'Lingua e comunicazione', 1),
(188, 193, 'Società', 1),
(189, 2, 'Lingua tedesca', 1),
(189, 4, 'Educazione fisica e sport', 1),
(189, 13, 'Lingua e comunicazione', 1),
(189, 13, 'Società', 1),
(189, 145, 'Conoscenze professionali', 1),
(189, 145, 'Disegno professionale', 1),
(189, 146, 'Conoscenze professionali', 1),
(189, 146, 'Disegno professionale', 1),
(189, 147, 'Conoscenze professionali', 1),
(189, 147, 'Disegno professionale', 1),
(1, 1, 'Conoscenze dei materiali', 2),
(1, 1, 'Corso interaziendale n°3', 2),
(1, 1, 'Matematica', 2),
(1, 1, 'Ottica I', 2),
(1, 1, 'Scienze naturali', 2),
(11, 42, 'Consigliare e vendere', 2),
(12, 42, 'Consigliare e vendere', 2),
(15, 59, 'Laboratorio di robotica 1', 2),
(27, 59, 'M300 Integrare in una rete servizi di più piattaforme', 2),
(27, 59, 'M340 Mettere in funzione dei server virtuali', 2),
(27, 59, 'Progetti individuali', 2),
(27, 82, 'M146 Realizzare il collegamento Internet di un\'azienda', 2),
(27, 82, 'Progetti individuali', 2),
(52, 125, 'Tecnologia', 2),
(72, 82, 'M117 Realizzare un\'infrastruttura informatica e di rete per una piccola azienda', 2),
(92, 1, 'Corso interaziendale n°4', 2),
(92, 1, 'Corso interaziendale n°5', 2),
(92, 1, 'Corso interaziendale n°6', 2),
(92, 1, 'Ottica fisica', 2),
(92, 1, 'Ottica II', 2),
(92, 1, 'Tecnologia delle lenti oftalmiche monofocali', 2),
(94, 125, 'Corso aggiornamento', 2),
(145, 1, 'Conoscenze di base dell\'ottica: a,b', 2),
(145, 1, 'Corso interaziendale n°7', 2),
(145, 1, 'Corso interaziendale n°8', 2),
(145, 1, 'Fisiologia dell\'occhio', 2),
(145, 1, 'Lenti a contatto', 2),
(145, 1, 'Ottica Oftalmica applicata: c,d', 2),
(145, 1, 'Tecnologia delle lenti oftalmiche multifocali', 2),
(145, 1, 'Vendita delle lenti multifocali', 2),
(146, 59, 'Etica professionale', 2),
(146, 59, 'M143 Implementare dei sistemi di salvataggio e ripristino', 2),
(146, 59, 'M306 Realizzare un piccolo progetto + Progetti', 2),
(146, 82, 'M129 Mettere in servizio le componenti di una LAN', 2),
(147, 51, 'M226B Implementare orientato oggetti (con ereditarietà)', 2),
(147, 59, 'Etica professionale', 2),
(147, 59, 'M143 Implementare dei sistemi di salvataggio e ripristino', 2),
(151, 188, 'Elaborazione costruttiva e tecnica della costruzione', 2),
(151, 188, 'Gestione di appalti', 2),
(151, 188, 'Progetto interdisciplinare', 2),
(160, 42, 'Laboratorio multimediale', 2),
(161, 42, 'Laboratorio multimediale', 2),
(186, 51, 'Progetti individuali', 2),
(186, 59, 'M300 Integrare in una rete servizi di più piattaforme', 2),
(186, 59, 'M340 Mettere in funzione dei server virtuali', 2),
(186, 59, 'Progetti individuali', 2),
(186, 82, 'M146 Realizzare il collegamento Internet di un\'azienda', 2),
(187, 51, 'Progetti individuali', 2),
(187, 59, 'M300 Integrare in una rete servizi di più piattaforme', 2),
(187, 59, 'M340 Mettere in funzione dei server virtuali', 2),
(187, 59, 'Progetti individuali', 2),
(188, 1, 'Ripetizioni', 2),
(188, 1, 'Strumenti ottici', 2),
(13, 51, 'M403 Implementare degli algoritmi in modo procedurale', 3),
(13, 54, 'AIT1', 3),
(13, 54, 'Lingua italiana', 3),
(14, 51, 'M403 Implementare degli algoritmi in modo procedurale', 3),
(14, 54, 'AIT1', 3),
(14, 54, 'Lingua italiana', 3),
(15, 51, 'M403 Implementare degli algoritmi in modo procedurale', 3),
(15, 54, 'AIT1', 3),
(15, 54, 'Lingua italiana', 3),
(16, 51, 'M403 Implementare degli algoritmi in modo procedurale', 3),
(16, 54, 'AIT1', 3),
(16, 54, 'Lingua italiana', 3),
(27, 54, 'Lingua italiana', 3),
(72, 51, 'M226A Implementare sulla base delle classi (senza ereditarietà)', 3),
(72, 54, 'AIT2', 3),
(72, 54, 'Lingua italiana', 3),
(73, 51, 'M226A Implementare sulla base delle classi (senza ereditarietà)', 3),
(73, 54, 'AIT2', 3),
(73, 54, 'Lingua italiana', 3),
(74, 51, 'M226A Implementare sulla base delle classi (senza ereditarietà)', 3),
(74, 54, 'AIT2', 3),
(74, 54, 'Lingua italiana', 3),
(75, 51, 'M226A Implementare sulla base delle classi (senza ereditarietà)', 3),
(75, 54, 'AIT2', 3),
(75, 54, 'Lingua italiana', 3),
(141, 125, 'Tecnologia', 3),
(146, 51, 'M226B Implementare orientato oggetti (con ereditarietà)', 3),
(146, 54, 'AIT2', 3),
(146, 54, 'Lingua italiana', 3),
(147, 54, 'AIT2', 3),
(147, 54, 'Lingua italiana', 3),
(152, 125, 'Tecnologia', 3),
(175, 42, 'Laboratorio multimediale', 3),
(175, 42, 'Tecnica multimediale', 3),
(186, 54, 'Lingua italiana', 3),
(187, 54, 'Lingua italiana', 3);

-- --------------------------------------------------------

--
-- Struttura della tabella `migrations`
--

CREATE TABLE `migrations` (
  `id` int(10) UNSIGNED NOT NULL,
  `migration` varchar(191) COLLATE utf8mb4_unicode_ci NOT NULL,
  `batch` int(11) NOT NULL
) ENGINE=InnoDB DEFAULT CHARSET=utf8mb4 COLLATE=utf8mb4_unicode_ci;

--
-- Dump dei dati per la tabella `migrations`
--

INSERT INTO `migrations` (`id`, `migration`, `batch`) VALUES
(1, '2014_10_12_000000_create_users_table', 1),
(2, '2017_10_04_084838_create_sondaggi_table', 1),
(5, '2017_12_14_000000_create_temp_table', 2);

-- --------------------------------------------------------

--
-- Struttura della tabella `segretarie`
--

CREATE TABLE `segretarie` (
  `id` int(10) UNSIGNED NOT NULL COMMENT 'ID segretaria',
  `nome` varchar(191) COLLATE utf8mb4_unicode_ci NOT NULL COMMENT 'Nome segretaria',
  `email` varchar(191) COLLATE utf8mb4_unicode_ci NOT NULL COMMENT 'Email segretaria',
  `password` varchar(191) COLLATE utf8mb4_unicode_ci NOT NULL COMMENT 'Password segretaria',
  `remember_token` varchar(100) COLLATE utf8mb4_unicode_ci DEFAULT NULL,
  `created_at` timestamp NULL DEFAULT NULL,
  `updated_at` timestamp NULL DEFAULT NULL
) ENGINE=InnoDB DEFAULT CHARSET=utf8mb4 COLLATE=utf8mb4_unicode_ci;

--
-- Dump dei dati per la tabella `segretarie`
--

INSERT INTO `segretarie` (`id`, `nome`, `email`, `password`, `remember_token`, `created_at`, `updated_at`) VALUES
(2, 'Segretaria 1', 'segretaria1@edu.ti.ch', '$2y$10$WBSp6s8UVe0.uYAJUM/sXeZz5ZOJ/3aT8u2XAK61vI36aW0tBvRYi', 'fuHyrKuVjra04HbGfdBOhTqF03RLG8MJgXTroBd3Yi9jy8BaQX52bRsqm9Wz', '2018-04-07 22:10:40', '2018-04-07 22:10:48');

-- --------------------------------------------------------

--
-- Struttura della tabella `semestri`
--

CREATE TABLE `semestri` (
  `id` tinyint(3) UNSIGNED NOT NULL COMMENT 'ID del semestre',
  `semestre` varchar(191) COLLATE utf8mb4_unicode_ci NOT NULL COMMENT 'Semestre'
) ENGINE=InnoDB DEFAULT CHARSET=utf8mb4 COLLATE=utf8mb4_unicode_ci;

--
-- Dump dei dati per la tabella `semestri`
--

INSERT INTO `semestri` (`id`, `semestre`) VALUES
(3, 'Annuale'),
(1, 'Primo'),
(2, 'Secondo');

-- --------------------------------------------------------

--
-- Struttura della tabella `sondaggio`
--

CREATE TABLE `sondaggio` (
  `id` int(10) UNSIGNED NOT NULL COMMENT 'ID del sondaggio',
  `nome` varchar(64) COLLATE utf8mb4_unicode_ci NOT NULL COMMENT 'Nome del sondaggio',
  `opzioni` tinyint(3) UNSIGNED NOT NULL DEFAULT '4' COMMENT 'Numero di opzioni valide',
  `usato` mediumint(8) UNSIGNED NOT NULL DEFAULT '0' COMMENT 'Totale di volte usato',
  `created_at` timestamp NOT NULL DEFAULT CURRENT_TIMESTAMP ON UPDATE CURRENT_TIMESTAMP COMMENT 'Data di creazione'
) ENGINE=InnoDB DEFAULT CHARSET=utf8mb4 COLLATE=utf8mb4_unicode_ci;

--
-- Dump dei dati per la tabella `sondaggio`
--

INSERT INTO `sondaggio` (`id`, `nome`, `opzioni`, `usato`, `created_at`) VALUES
(6, 'Sondaggio Ufficiale', 5, 133, '2018-04-17 09:31:44'),
(8, 'Sondaggio di prova', 4, 22, '2018-04-30 12:43:42');

-- --------------------------------------------------------

--
-- Struttura della tabella `sondaggio_domande`
--

CREATE TABLE `sondaggio_domande` (
  `id` int(10) UNSIGNED NOT NULL COMMENT 'ID della domanda',
  `id_sondaggio` int(10) UNSIGNED NOT NULL COMMENT 'ID del sondaggio',
  `id_categoria` int(10) UNSIGNED NOT NULL COMMENT 'ID della categoria',
  `definizione` text COLLATE utf8mb4_unicode_ci NOT NULL COMMENT 'Definizione della domanda'
) ENGINE=InnoDB DEFAULT CHARSET=utf8mb4 COLLATE=utf8mb4_unicode_ci;

--
-- Dump dei dati per la tabella `sondaggio_domande`
--

INSERT INTO `sondaggio_domande` (`id`, `id_sondaggio`, `id_categoria`, `definizione`) VALUES
(32, 6, 1, 'L\'insegnante parla durante la lezione con ogni singolo allievo.'),
(33, 6, 2, 'Gli allievi esprimono la loro opinione nelle discussioni.'),
(34, 6, 3, 'Gli allievi sono puniti quando non si comportano bene in classe.'),
(35, 6, 4, 'Gli allievi ottengono subito le risposte alle domande che pongono al docente, senza avere il tempo di riflettere.'),
(36, 6, 6, 'Il docente fa svolgere agli allievi lavori differenti a seconda, per esempio, della loro velocità.'),
(37, 6, 5, 'Il benessere nella scuola è messo in primo piano'),
(38, 6, 1, 'Il docente si interessa al lavoro svolto dagli allievi.'),
(39, 6, 2, 'Il docente parla molto e ascolta poco.'),
(40, 6, 3, 'Gli allievi scelgono da soli i compagni per svolgere i lavori di gruppo.'),
(41, 6, 4, 'Gli allievi possono esprimere le loro idee e metterle in pratica.'),
(42, 6, 6, 'Le informazioni giungono sempre puntuali e complete'),
(43, 6, 5, 'Tutti gli allievi della classe fanno lo stesso lavoro contemporaneamente.'),
(44, 6, 1, 'Il docente interrompe la sua lezione per aiutare singolarmente gli allievi.'),
(45, 6, 2, 'Il docente elabora durante le discussioni, temi ed idee proposti dagli allievi.'),
(46, 6, 3, 'L’amministrazione e il segretariato sono facilmente raggiungibili e sono disponibili'),
(47, 6, 4, 'Il docente spiega quale comportamento bisogna seguire in aula.'),
(48, 6, 6, 'Gli allievi sono incoraggiati a riflettere e ad esperimentare eventuali soluzioni.'),
(49, 6, 5, 'Gli allievi utilizzano libri o mezzi ausiliari differenti secondo le loro capacità od interessi.'),
(50, 6, 1, 'Il docente aiuta ogni allievo nella risoluzione dei problemi che sorgono nello svolgimento dei loro lavori.'),
(51, 6, 2, 'Quando si discute in una lezione, la maggior parte degli allievi prende parte alla discussione.'),
(52, 6, 3, 'Gli Allievi che infrangono le regole non la passano liscia.'),
(53, 6, 4, 'Gli allievi scoprono da soli il significato di testi, tabelle ecc..'),
(54, 6, 6, 'La messa a disposizione delle strutture fisse e mobili sono soddisfacenti'),
(55, 6, 5, 'Allievi che lavorano più velocemente di altri possono passare al prossimo tema.'),
(56, 6, 1, 'Il docente si interessa se gli allievi sono contenti o tristi.'),
(57, 6, 2, 'Tutta la classe discute.'),
(58, 6, 3, 'Il docente decide tutta l’organizzazione in classe. (Quanto e quando si può parlare, quando e quanto lavorare ecc..)'),
(59, 6, 4, 'Gli allievi cercano di trovare la risposta da soli a domande difficili.'),
(60, 6, 6, 'La Direzione è disponibile e attiva nella ricerca di soluzioni che permettano il miglioramento personale e generale'),
(61, 6, 5, 'Il docente richiede che tutti gli allievi producano la medesima quantità di lavoro nello stesso periodo.'),
(68, 8, 1, 'Definizione 1'),
(69, 8, 2, 'Definizione 2'),
(70, 8, 3, 'Definizione 3');

-- --------------------------------------------------------

--
-- Struttura della tabella `stato`
--

CREATE TABLE `stato` (
  `id` tinyint(3) UNSIGNED NOT NULL COMMENT 'ID dello stato',
  `nome` varchar(16) COLLATE utf8mb4_unicode_ci NOT NULL COMMENT 'Nome dello stato',
  `class` varchar(16) COLLATE utf8mb4_unicode_ci NOT NULL COMMENT 'Classe CSS'
) ENGINE=InnoDB DEFAULT CHARSET=utf8mb4 COLLATE=utf8mb4_unicode_ci;

--
-- Dump dei dati per la tabella `stato`
--

INSERT INTO `stato` (`id`, `nome`, `class`) VALUES
(1, 'Aperto', 'success'),
(2, 'In Corso', 'warning'),
(3, 'Chiuso', 'danger');

-- --------------------------------------------------------

--
-- Struttura della tabella `valutazione`
--

CREATE TABLE `valutazione` (
  `id` int(10) UNSIGNED NOT NULL COMMENT 'ID Valutazione della classe del docente',
  `id_sondaggio` int(10) UNSIGNED NOT NULL COMMENT 'ID del sondaggio',
  `id_docente` int(10) UNSIGNED NOT NULL COMMENT 'ID Docente',
  `id_classe` int(10) UNSIGNED NOT NULL COMMENT 'ID Classe',
  `id_anno` tinyint(3) UNSIGNED NOT NULL COMMENT 'ID Anno',
  `id_semestre` tinyint(3) UNSIGNED NOT NULL COMMENT 'ID Semestre',
  `id_stato` tinyint(3) UNSIGNED NOT NULL COMMENT 'ID Stato',
  `docente_completato` tinyint(1) NOT NULL DEFAULT '0' COMMENT 'Booleano se il docente lo ha completato',
  `allievi_completato` tinyint(3) UNSIGNED NOT NULL COMMENT 'Totale degli allievi che lo hanno completato',
  `allievi_totali` tinyint(3) UNSIGNED NOT NULL COMMENT 'Totale degli allievi nella classe',
  `fine` datetime NOT NULL COMMENT 'Data di fine'
) ENGINE=InnoDB DEFAULT CHARSET=utf8mb4 COLLATE=utf8mb4_unicode_ci;

--
-- Dump dei dati per la tabella `valutazione`
--

INSERT INTO `valutazione` (`id`, `id_sondaggio`, `id_docente`, `id_classe`, `id_anno`, `id_semestre`, `id_stato`, `docente_completato`, `allievi_completato`, `allievi_totali`, `fine`) VALUES
(126, 8, 1, 92, 1, 2, 1, 0, 0, 3, '2018-05-28 14:43:42'),
(127, 8, 1, 145, 1, 2, 1, 0, 0, 4, '2018-05-28 14:43:42'),
(128, 8, 1, 1, 1, 2, 1, 0, 0, 5, '2018-05-28 14:43:42'),
(129, 8, 1, 188, 1, 2, 1, 0, 0, 5, '2018-05-28 14:43:42'),
(130, 8, 42, 11, 1, 2, 1, 0, 0, 11, '2018-05-28 14:43:42'),
(131, 8, 42, 160, 1, 2, 1, 0, 0, 9, '2018-05-28 14:43:42'),
(132, 8, 42, 12, 1, 2, 1, 0, 0, 11, '2018-05-28 14:43:42'),
(133, 8, 42, 161, 1, 2, 1, 0, 0, 10, '2018-05-28 14:43:42'),
(134, 8, 51, 187, 1, 2, 1, 0, 0, 9, '2018-05-28 14:43:42'),
(135, 8, 51, 147, 1, 2, 1, 0, 0, 12, '2018-05-28 14:43:42'),
(136, 8, 51, 186, 1, 2, 1, 0, 0, 9, '2018-05-28 14:43:42'),
(137, 8, 59, 147, 1, 2, 1, 0, 0, 12, '2018-05-28 14:43:42'),
(138, 8, 59, 186, 1, 2, 3, 0, 1, 9, '2018-05-28 14:43:42'),
(139, 8, 59, 15, 1, 2, 1, 0, 0, 12, '2018-05-28 14:43:42'),
(140, 8, 59, 27, 1, 2, 1, 0, 0, 1, '2018-05-28 14:43:42'),
(141, 8, 82, 186, 1, 2, 3, 1, 1, 9, '2018-05-28 14:43:42'),
(142, 8, 82, 27, 1, 2, 1, 0, 0, 1, '2018-05-28 14:43:42'),
(143, 8, 82, 146, 1, 2, 1, 0, 0, 12, '2018-05-28 14:43:42'),
(144, 8, 82, 72, 1, 2, 1, 0, 0, 7, '2018-05-28 14:43:42'),
(145, 8, 125, 52, 1, 2, 1, 0, 0, 15, '2018-05-28 14:43:42'),
(146, 8, 125, 94, 1, 2, 1, 0, 0, 9, '2018-05-28 14:43:42'),
(147, 8, 188, 151, 1, 2, 1, 0, 0, 10, '2018-05-28 14:43:42');

-- --------------------------------------------------------

--
-- Struttura della tabella `valutazione_allievi`
--

CREATE TABLE `valutazione_allievi` (
  `id_valutazione` int(10) UNSIGNED NOT NULL COMMENT 'ID del sondaggio relazionato al docente',
  `id_allievo` int(10) UNSIGNED NOT NULL COMMENT 'ID allievo'
) ENGINE=InnoDB DEFAULT CHARSET=utf8mb4 COLLATE=utf8mb4_unicode_ci;

--
-- Dump dei dati per la tabella `valutazione_allievi`
--

INSERT INTO `valutazione_allievi` (`id_valutazione`, `id_allievo`) VALUES
(128, 1),
(128, 2),
(128, 3),
(128, 4),
(128, 5),
(130, 89),
(130, 90),
(132, 91),
(130, 92),
(130, 93),
(132, 94),
(132, 95),
(132, 96),
(130, 97),
(132, 98),
(130, 99),
(132, 100),
(132, 101),
(132, 102),
(130, 103),
(132, 104),
(130, 105),
(132, 106),
(132, 107),
(130, 108),
(130, 109),
(130, 110),
(139, 115),
(139, 116),
(139, 118),
(139, 124),
(139, 130),
(139, 131),
(139, 134),
(139, 135),
(139, 136),
(139, 137),
(139, 140),
(139, 143),
(140, 236),
(142, 236),
(145, 395),
(145, 396),
(145, 397),
(145, 398),
(145, 399),
(145, 400),
(145, 401),
(145, 402),
(145, 403),
(145, 404),
(145, 405),
(145, 406),
(145, 407),
(145, 408),
(145, 409),
(144, 500),
(144, 501),
(144, 502),
(144, 503),
(144, 504),
(144, 505),
(144, 507),
(126, 660),
(126, 661),
(126, 662),
(146, 674),
(146, 675),
(146, 676),
(146, 677),
(146, 678),
(146, 679),
(146, 680),
(146, 681),
(146, 682),
(127, 1023),
(127, 1024),
(127, 1025),
(127, 1026),
(143, 1027),
(143, 1028),
(143, 1029),
(143, 1030),
(143, 1031),
(143, 1032),
(143, 1033),
(143, 1034),
(143, 1035),
(143, 1036),
(135, 1037),
(137, 1037),
(135, 1038),
(137, 1038),
(135, 1039),
(137, 1039),
(143, 1040),
(135, 1041),
(137, 1041),
(135, 1042),
(137, 1042),
(135, 1043),
(137, 1043),
(135, 1044),
(137, 1044),
(135, 1045),
(137, 1045),
(143, 1046),
(135, 1047),
(137, 1047),
(135, 1048),
(137, 1048),
(135, 1049),
(137, 1049),
(135, 1050),
(137, 1050),
(147, 1068),
(147, 1069),
(147, 1070),
(147, 1071),
(147, 1072),
(147, 1073),
(147, 1074),
(147, 1075),
(147, 1076),
(147, 1077),
(131, 1138),
(131, 1139),
(131, 1140),
(131, 1141),
(131, 1142),
(131, 1143),
(131, 1144),
(131, 1145),
(131, 1146),
(133, 1147),
(133, 1148),
(133, 1149),
(133, 1150),
(133, 1151),
(133, 1152),
(133, 1153),
(133, 1154),
(133, 1155),
(133, 1156),
(136, 1323),
(138, 1323),
(141, 1323),
(136, 1324),
(138, 1324),
(141, 1324),
(136, 1325),
(138, 1325),
(141, 1325),
(136, 1326),
(138, 1326),
(141, 1326),
(136, 1327),
(138, 1327),
(141, 1327),
(136, 1328),
(136, 1329),
(138, 1329),
(141, 1329),
(136, 1330),
(138, 1330),
(141, 1330),
(136, 1331),
(138, 1331),
(141, 1331),
(134, 1332),
(134, 1333),
(134, 1334),
(134, 1335),
(134, 1336),
(134, 1337),
(134, 1338),
(134, 1339),
(134, 1340),
(129, 1341),
(129, 1342),
(129, 1343),
(129, 1344),
(129, 1345);

-- --------------------------------------------------------

--
-- Struttura della tabella `valutazione_risposte`
--

CREATE TABLE `valutazione_risposte` (
  `id_valutazione` int(10) UNSIGNED NOT NULL COMMENT 'ID del sondaggio relazionato al docente',
  `id_domanda` int(10) UNSIGNED NOT NULL COMMENT 'ID della domanda',
  `risposta` tinyint(3) UNSIGNED NOT NULL DEFAULT '0' COMMENT 'Valore della risposta alla domanda',
  `media_pif` decimal(4,2) UNSIGNED NOT NULL DEFAULT '0.00' COMMENT 'Media delle risposte dei PIF per quella domanda'
) ENGINE=InnoDB DEFAULT CHARSET=utf8mb4 COLLATE=utf8mb4_unicode_ci;

--
-- Dump dei dati per la tabella `valutazione_risposte`
--

INSERT INTO `valutazione_risposte` (`id_valutazione`, `id_domanda`, `risposta`, `media_pif`) VALUES
(138, 68, 0, '4.00'),
(138, 69, 0, '4.00'),
(138, 70, 0, '3.00'),
(141, 68, 2, '1.00'),
(141, 69, 1, '3.00'),
(141, 70, 4, '2.00');

--
-- Indici per le tabelle scaricate
--

--
-- Indici per le tabelle `admins`
--
ALTER TABLE `admins`
  ADD PRIMARY KEY (`id`),
  ADD UNIQUE KEY `admins_email_unique` (`email`);

--
-- Indici per le tabelle `allievi`
--
ALTER TABLE `allievi`
  ADD PRIMARY KEY (`id`),
  ADD UNIQUE KEY `allievi_username_unique` (`username`),
  ADD KEY `allievi_id_classe_foreign` (`id_classe`);

--
-- Indici per le tabelle `anni`
--
ALTER TABLE `anni`
  ADD PRIMARY KEY (`id`),
  ADD UNIQUE KEY `anni_anno_unique` (`anno`);

--
-- Indici per le tabelle `archivio`
--
ALTER TABLE `archivio`
  ADD PRIMARY KEY (`id`);

--
-- Indici per le tabelle `archivio_risposte`
--
ALTER TABLE `archivio_risposte`
  ADD PRIMARY KEY (`id_archivio`,`nome_categoria`);

--
-- Indici per le tabelle `categoria`
--
ALTER TABLE `categoria`
  ADD PRIMARY KEY (`id`);

--
-- Indici per le tabelle `classi`
--
ALTER TABLE `classi`
  ADD PRIMARY KEY (`id`);

--
-- Indici per le tabelle `docenti`
--
ALTER TABLE `docenti`
  ADD PRIMARY KEY (`id`),
  ADD UNIQUE KEY `docenti_username_unique` (`username`);

--
-- Indici per le tabelle `docenti_classi`
--
ALTER TABLE `docenti_classi`
  ADD PRIMARY KEY (`id_classe`,`id_docente`,`materia`),
  ADD KEY `docenti_classi_id_docente_foreign` (`id_docente`),
  ADD KEY `docenti_classi_id_semestre_foreign` (`id_semestre`);

--
-- Indici per le tabelle `migrations`
--
ALTER TABLE `migrations`
  ADD PRIMARY KEY (`id`);

--
-- Indici per le tabelle `segretarie`
--
ALTER TABLE `segretarie`
  ADD PRIMARY KEY (`id`),
  ADD UNIQUE KEY `segretarie_email_unique` (`email`);

--
-- Indici per le tabelle `semestri`
--
ALTER TABLE `semestri`
  ADD PRIMARY KEY (`id`),
  ADD UNIQUE KEY `semestri_semestre_unique` (`semestre`);

--
-- Indici per le tabelle `sondaggio`
--
ALTER TABLE `sondaggio`
  ADD PRIMARY KEY (`id`);

--
-- Indici per le tabelle `sondaggio_domande`
--
ALTER TABLE `sondaggio_domande`
  ADD PRIMARY KEY (`id`),
  ADD KEY `sondaggio_domande_id_sondaggio_foreign` (`id_sondaggio`),
  ADD KEY `sondaggio_domande_id_categoria_foreign` (`id_categoria`);

--
-- Indici per le tabelle `stato`
--
ALTER TABLE `stato`
  ADD PRIMARY KEY (`id`);

--
-- Indici per le tabelle `valutazione`
--
ALTER TABLE `valutazione`
  ADD PRIMARY KEY (`id`),
  ADD UNIQUE KEY `valutazioni_unique_key` (`id_sondaggio`,`id_docente`,`id_classe`,`id_anno`,`id_semestre`),
  ADD KEY `valutazione_id_docente_foreign` (`id_docente`),
  ADD KEY `valutazione_id_classe_foreign` (`id_classe`),
  ADD KEY `valutazione_id_anno_foreign` (`id_anno`),
  ADD KEY `valutazione_id_semestre_foreign` (`id_semestre`),
  ADD KEY `valutazione_id_stato_foreign` (`id_stato`);

--
-- Indici per le tabelle `valutazione_allievi`
--
ALTER TABLE `valutazione_allievi`
  ADD PRIMARY KEY (`id_valutazione`,`id_allievo`),
  ADD KEY `valutazione_allievi_id_allievo_foreign` (`id_allievo`);

--
-- Indici per le tabelle `valutazione_risposte`
--
ALTER TABLE `valutazione_risposte`
  ADD PRIMARY KEY (`id_valutazione`,`id_domanda`),
  ADD KEY `valutazione_risposte_id_domanda_foreign` (`id_domanda`);

--
-- AUTO_INCREMENT per le tabelle scaricate
--

--
-- AUTO_INCREMENT per la tabella `admins`
--
ALTER TABLE `admins`
  MODIFY `id` int(10) UNSIGNED NOT NULL AUTO_INCREMENT COMMENT 'ID amministratore', AUTO_INCREMENT=6;
--
-- AUTO_INCREMENT per la tabella `allievi`
--
ALTER TABLE `allievi`
  MODIFY `id` int(10) UNSIGNED NOT NULL AUTO_INCREMENT COMMENT 'ID Allievo', AUTO_INCREMENT=1347;
--
-- AUTO_INCREMENT per la tabella `anni`
--
ALTER TABLE `anni`
  MODIFY `id` tinyint(3) UNSIGNED NOT NULL AUTO_INCREMENT COMMENT 'ID dell''anno', AUTO_INCREMENT=7;
--
-- AUTO_INCREMENT per la tabella `archivio`
--
ALTER TABLE `archivio`
  MODIFY `id` int(10) UNSIGNED NOT NULL AUTO_INCREMENT COMMENT 'ID della valutazione nell''archivio', AUTO_INCREMENT=122;
--
-- AUTO_INCREMENT per la tabella `categoria`
--
ALTER TABLE `categoria`
  MODIFY `id` int(10) UNSIGNED NOT NULL AUTO_INCREMENT COMMENT 'ID della categoria', AUTO_INCREMENT=7;
--
-- AUTO_INCREMENT per la tabella `classi`
--
ALTER TABLE `classi`
  MODIFY `id` int(10) UNSIGNED NOT NULL AUTO_INCREMENT COMMENT 'ID Classe', AUTO_INCREMENT=190;
--
-- AUTO_INCREMENT per la tabella `docenti`
--
ALTER TABLE `docenti`
  MODIFY `id` int(10) UNSIGNED NOT NULL AUTO_INCREMENT COMMENT 'ID Docente', AUTO_INCREMENT=200;
--
-- AUTO_INCREMENT per la tabella `migrations`
--
ALTER TABLE `migrations`
  MODIFY `id` int(10) UNSIGNED NOT NULL AUTO_INCREMENT, AUTO_INCREMENT=6;
--
-- AUTO_INCREMENT per la tabella `segretarie`
--
ALTER TABLE `segretarie`
  MODIFY `id` int(10) UNSIGNED NOT NULL AUTO_INCREMENT COMMENT 'ID segretaria', AUTO_INCREMENT=3;
--
-- AUTO_INCREMENT per la tabella `semestri`
--
ALTER TABLE `semestri`
  MODIFY `id` tinyint(3) UNSIGNED NOT NULL AUTO_INCREMENT COMMENT 'ID del semestre', AUTO_INCREMENT=4;
--
-- AUTO_INCREMENT per la tabella `sondaggio`
--
ALTER TABLE `sondaggio`
  MODIFY `id` int(10) UNSIGNED NOT NULL AUTO_INCREMENT COMMENT 'ID del sondaggio', AUTO_INCREMENT=9;
--
-- AUTO_INCREMENT per la tabella `sondaggio_domande`
--
ALTER TABLE `sondaggio_domande`
  MODIFY `id` int(10) UNSIGNED NOT NULL AUTO_INCREMENT COMMENT 'ID della domanda', AUTO_INCREMENT=71;
--
-- AUTO_INCREMENT per la tabella `stato`
--
ALTER TABLE `stato`
  MODIFY `id` tinyint(3) UNSIGNED NOT NULL AUTO_INCREMENT COMMENT 'ID dello stato', AUTO_INCREMENT=4;
--
-- AUTO_INCREMENT per la tabella `valutazione`
--
ALTER TABLE `valutazione`
  MODIFY `id` int(10) UNSIGNED NOT NULL AUTO_INCREMENT COMMENT 'ID Valutazione della classe del docente', AUTO_INCREMENT=148;
--
-- Limiti per le tabelle scaricate
--

--
-- Limiti per la tabella `allievi`
--
ALTER TABLE `allievi`
  ADD CONSTRAINT `allievi_id_classe_foreign` FOREIGN KEY (`id_classe`) REFERENCES `classi` (`id`) ON DELETE CASCADE ON UPDATE CASCADE;

--
-- Limiti per la tabella `archivio_risposte`
--
ALTER TABLE `archivio_risposte`
  ADD CONSTRAINT `archivio_risposte_id_archivio_foreign` FOREIGN KEY (`id_archivio`) REFERENCES `archivio` (`id`) ON DELETE CASCADE;

--
-- Limiti per la tabella `docenti_classi`
--
ALTER TABLE `docenti_classi`
  ADD CONSTRAINT `docenti_classi_id_classe_foreign` FOREIGN KEY (`id_classe`) REFERENCES `classi` (`id`) ON DELETE CASCADE ON UPDATE CASCADE,
  ADD CONSTRAINT `docenti_classi_id_docente_foreign` FOREIGN KEY (`id_docente`) REFERENCES `docenti` (`id`) ON DELETE CASCADE ON UPDATE CASCADE,
  ADD CONSTRAINT `docenti_classi_id_semestre_foreign` FOREIGN KEY (`id_semestre`) REFERENCES `semestri` (`id`) ON DELETE CASCADE ON UPDATE CASCADE;

--
-- Limiti per la tabella `sondaggio_domande`
--
ALTER TABLE `sondaggio_domande`
  ADD CONSTRAINT `sondaggio_domande_id_categoria_foreign` FOREIGN KEY (`id_categoria`) REFERENCES `categoria` (`id`) ON DELETE CASCADE,
  ADD CONSTRAINT `sondaggio_domande_id_sondaggio_foreign` FOREIGN KEY (`id_sondaggio`) REFERENCES `sondaggio` (`id`) ON DELETE CASCADE;

--
-- Limiti per la tabella `valutazione`
--
ALTER TABLE `valutazione`
  ADD CONSTRAINT `valutazione_id_anno_foreign` FOREIGN KEY (`id_anno`) REFERENCES `anni` (`id`) ON DELETE CASCADE,
  ADD CONSTRAINT `valutazione_id_classe_foreign` FOREIGN KEY (`id_classe`) REFERENCES `classi` (`id`) ON DELETE CASCADE,
  ADD CONSTRAINT `valutazione_id_docente_foreign` FOREIGN KEY (`id_docente`) REFERENCES `docenti` (`id`) ON DELETE CASCADE,
  ADD CONSTRAINT `valutazione_id_semestre_foreign` FOREIGN KEY (`id_semestre`) REFERENCES `semestri` (`id`) ON DELETE CASCADE,
  ADD CONSTRAINT `valutazione_id_sondaggio_foreign` FOREIGN KEY (`id_sondaggio`) REFERENCES `sondaggio` (`id`) ON DELETE CASCADE,
  ADD CONSTRAINT `valutazione_id_stato_foreign` FOREIGN KEY (`id_stato`) REFERENCES `stato` (`id`) ON DELETE CASCADE;

--
-- Limiti per la tabella `valutazione_allievi`
--
ALTER TABLE `valutazione_allievi`
  ADD CONSTRAINT `valutazione_allievi_id_allievo_foreign` FOREIGN KEY (`id_allievo`) REFERENCES `allievi` (`id`) ON DELETE CASCADE,
  ADD CONSTRAINT `valutazione_allievi_id_valutazione_foreign` FOREIGN KEY (`id_valutazione`) REFERENCES `valutazione` (`id`) ON DELETE CASCADE ON UPDATE CASCADE;

--
-- Limiti per la tabella `valutazione_risposte`
--
ALTER TABLE `valutazione_risposte`
  ADD CONSTRAINT `valutazione_risposte_id_domanda_foreign` FOREIGN KEY (`id_domanda`) REFERENCES `sondaggio_domande` (`id`) ON DELETE CASCADE ON UPDATE CASCADE,
  ADD CONSTRAINT `valutazione_risposte_id_valutazione_foreign` FOREIGN KEY (`id_valutazione`) REFERENCES `valutazione` (`id`) ON DELETE CASCADE ON UPDATE CASCADE;

/*!40101 SET CHARACTER_SET_CLIENT=@OLD_CHARACTER_SET_CLIENT */;
/*!40101 SET CHARACTER_SET_RESULTS=@OLD_CHARACTER_SET_RESULTS */;
/*!40101 SET COLLATION_CONNECTION=@OLD_COLLATION_CONNECTION */;
